desenvolvedor,total_jogos,avaliacoes_positivas,avaliacoes_negativas,tempo_medio_jogado
!CyberApex (SkagoGames),1,1,0,0.0
#NVJOB,1,4,2,0.0
#workshop,3,9127,361,4.01
+7 Software,1,90,12,1.47
"+Mpact Games, LLC.",1,172,56,0.65
-Yodasaurus- Games,1,17,3,0.0
.Cat,1,20,2,0.0
.M.Y.W.,1,23,3,10.92
.ez Games,1,20,20,0.52
//commentout,1,440,49,1.95
0 Deer Soft,1,204,46,4.43
007berd,1,50,8,0.0
01 Games,1,45,7,0.0
011 Games,1,2304,82,6.23
07th Expansion,11,13759,531,15.566363636363635
08 Games,1,193,21,7.27
1,1,25,14,0.0
1.5 hp games,1,3,0,0.0
10 Chambers,1,52357,9740,16.32
100 Stones Interactive,1,660,135,5.45
1001 Studio,1,1248,142,2.92
100Hr Games,1,199,61,4.17
10101 Software,1,24,18,0.0
1047 Games,1,102336,9404,8.1
10F,1,1398,298,0.0
10ft Games,1,8,7,0.0
"10th Art Studio, Daring Touch",1,544,187,2.65
10tons Ltd,11,8513,874,5.700909090909091
11 bit studios,7,215189,17726,8.402857142857142
11PLANNING,1,10,17,0.0
11Sheep,2,756,58,0.175
12 East Games,1,68,3,0.0
12 to 6 Studios LLC,1,23,2,0.0
123,1,1,2,0.0
125,1,1,1,0.0
12seven,1,48,8,0.0
12x1 Doze Por Um Studio,1,6,3,0.0
13-lab,3,27,130,0.023333333333333334
1336 Studios,1,1597,422,0.0
13AM Games,2,203,42,1.2
"13AM Games, WayForward",1,121,14,0.63
13TH Division,1,13,0,0.0
14 Hours Productions,1,357,16,0.62
14Dimension Enterprise,2,7,8,0.0
14° East,1,2063,548,3.87
"16 Bit Psych, Kyle B",1,22,7,2.92
16air,4,36,7,0.0
16bit Nights,2,539,439,4.215
17-BIT,3,1173,236,4.0566666666666675
17Studio,1,134,43,3.82
1812 Productions (PC Port),1,18,29,2.63
18Light Game Ltd.,1,235,43,0.0
"18Light Game Ltd., FunZone Games",1,1004,93,8.03
1917 Studios,1,139,42,4.13
1939 Games,1,28543,10136,23.38
199CentsSTUDIO,1,63,246,0.65
1C Game Studios,1,7142,1888,25.98
"1C Game Studios, 777 Studios",1,1454,1127,4.12
1C Wireless,2,331,69,0.84
1C-Avalon,1,433,244,3.08
1C: Maddox Games,2,3310,697,7.904999999999999
1C:InoCo,6,2130,822,7.636666666666667
1CC Games,2,133,25,0.96
1M Bits Horde,1,1165,577,16.97
1MB,1,255,98,0.0
1P2P,1,460,84,5.37
1UP games,1,1,1,0.0
1bgame,1,2,0,0.0
1bit,1,710,566,0.47
1bit Games,1,0,2,0.0
2 Bears Studio,1,33,10,0.0
2 Hit Studio,1,13,3,0.0
2 Monkeys,1,569,166,3.67
2 Ton Studios,1,331,112,2.22
2 Zombie Games,1,1817,432,5.9
2 players,1,441,31,6.95
2-Volt Games,1,1,8,0.0
20 Watt Games,1,4,1,0.0
2015,1,468,212,1.52
202-N Studios,1,3,0,0.0
2020 Venture,1,136,85,0.45
2054,1,78,12,0.0
"21c.Ducks Co., Ltd.",1,99,40,5.75
221 Games,1,16,3,0.0
226GameStudio,1,2,0,0.0
22cans,3,2124,6009,8.65
24 Caret Games,1,329,63,4.2
24 Entertainment,1,225960,98967,138.22
"24Frame,inc.",1,643,138,3.6
251 Games,1,138,251,0.07
26k,2,314,34,3.645
275,1,28,1,0.0
286studio,1,86,5,0.0
2Awesome Studio,1,82,17,7.68
"2BIGo, ARP Games",1,152,41,6.92
2B_GAMES,1,41,14,5.0
2Bit Studios,2,20,2,0.0
"2Chance Projects, IIchan Eroge Team",1,1376,155,1.77
2D BOY,1,5808,347,2.82
"2D Heroes, Ursa Games",1,68,13,2.13
2D ROM,1,20,14,0.0
2DArray,1,445,120,2.68
2DGameMania,1,17,28,0.0
2DragonsGames,1,81,60,0.6
2Dynamic Games,1,918,259,5.13
"2K Australia, Gearbox Software, Aspyr (Linux)",1,33577,8802,24.38
"2K Boston, 2K Australia",1,29127,1804,6.9
"2K Boston, 2K Australia, Blind Squirrel, Feral Interactive (Mac)",1,47962,10301,7.03
2K Czech,1,51876,3121,30.05
2K Marin,1,8277,3509,5.18
"2K Marin, 2K China, Digital Extremes, 2K Australia",1,12864,1555,7.45
"2K Marin, 2K China, Digital Extremes, 2K Australia, Blind Squirrel, Feral Interactive (Mac)",1,18860,7762,7.63
2Pi Interactivee Pvt. Ltd.,1,31,17,1.77
"2Play, Prasius",1,786,165,5.08
2S Games,1,5,12,0.0
2SD,2,400,314,4.4
"2XL Games, Blitworks",1,355,76,2.1
2by3 Games,3,1000,110,5.226666666666667
2dengine,1,455,157,0.75
2ev1l,2,2,2,0.0
2nd Studio,2,73,12,0.0
2ndBoss,1,126,14,0.0
2ndUp Studios,1,216,60,0.78
2pt Interactive,1,3753,175,4.07
2x2 Games,1,776,211,9.03
"2x2 Games, Croteam",1,1529,367,6.22
2xDal,1,3,4,0.0
2xMilk,2,86,62,0.0
3 Core Studio,1,7,6,0.0
3 Fright,1,21,9,0.07
3 Minute Games,1,89,48,90.08
3 Sprockets,4,1612,505,7.2075000000000005
30 Matches,1,26,3,0.0
30 Parallel,1,72,47,0.9
30.06 Studios Ltd,1,593,719,3.55
3000AD,5,118,189,1.7060000000000002
3000Studio,1,2,1,0.0
3000White,1,1,0,0.0
302 Interactive,1,20,29,0.0
302 Studio,1,291,211,4.68
3100 games,1,41,27,4.53
314 Arts,1,297,78,7.5
33 Games,1,17,1,0.0
343 Industries,1,123333,53708,24.9
"343 Industries, Splash Damage, Ruffian Games, Bungie, Saber Interactive",1,223635,18432,36.05
"343 Industries, Vanguard Games",1,1240,302,2.63
34BigThings srl,5,7364,1387,2.472
"34BigThings srl, Event Horizon Studios",1,118,171,0.08
"38,9_Degrees",3,94,113,0.006666666666666667
39Soft,1,178,9,0.0
3:15 Software,1,5,0,0.0
3D Aim Trainer,1,2424,373,0.0
3D Avenue,1,59,11,3.43
3D FACTORY,2,36,14,0.0
3D Generation,1,17,8,0.0
3D Realms,3,176,50,0.6699999999999999
3D Realms (Apogee Software),4,117,63,0.0125
3D Talo,1,50,5,0.0
3D Visualisation Aesthetics Lab,1,14,4,0.0
3D2 Entertainment,1,140,49,1.97
"3DAR, Atlas V",1,181,20,0.08
3DClouds,5,1209,707,1.088
3DDUO,7,316,115,1.6071428571428572
3DIQ,1,27,12,0.0
3DPet,2,979,335,2.2750000000000004
3Division,2,20674,2105,62.065000000000005
3G:Games,1,13,4,0.0
3Mind Games,1,22,13,0.0
3RD BOOK,1,117,18,0.0
3S Design,1,6,1,0.0
3StrakGames,1,28,3,0.0
3X Entertainment Limited,1,255,294,11.42
3d pixel art studio,1,1,1,0.0
3dinvis games,1,164,112,0.55
3dm_live_wallpapers,1,500,180,19.2
3f Interactive,3,1433,410,4.033333333333333
3m0 studio,1,9,24,0.0
3rd Eye Studios,2,219,44,0.0
3rd eye project,1,277,41,1.17
3x3.zero,1,4,0,0.0
3y3.net,1,40,27,0.85
4 Dimension Games,1,910,105,26.12
4 Door Lemon,1,31,10,0.0
4 I Lab,1,1044,629,0.92
"404.zero, Bergamot Digital",1,13,0,0.0
4188 Studios,1,27,23,0.0
45-world,1,88,100,3.4
48h Studio,1,186,31,4.25
49 Games,1,25,22,0.3
4A Games,3,274022,28356,17.923333333333336
4Bit Games,1,182,22,2.18
4Co,1,251,106,5.28
"4DAYS LAB Co., Ltd.",1,8,1,0.0
4E Game Studio,1,2,0,0.0
4Fishing,1,762,693,3.58
4FreaksFiction,1,15,10,0.93
4Friends Games,1,79,13,0.0
4Fufelz,1,315,34,4.2
4G,2,12789,846,302.125
4H StudioLab,3,1042,91,0.0
4HEAD Studios,3,1166,449,4.41
4Head Studios,1,82,58,0.12
4MB Interactive Ltd,1,1,4,0.0
4Realms,1,10,22,0.0
4Tale Production,1,13,19,0.0
4gency,1,103,157,2.9
4ugui,1,13,4,0.0
5 Bits Games,1,1726,305,3.92
5 Lives Studios,2,4390,1942,4.71
511GAMES,1,71,17,0.0
51Pegasi Studios,1,27,4,0.0
522 Studios,1,1,2,0.0
562 Interactive,1,157,14,0.0
56K Games,1,22,3,0.0
59 Studio,1,420,74,17.57
5D6 Games,1,9,4,0.0
5K studios,1,7,21,0.0
5TH Cell,1,63,23,0.0
5WORD Team,1,497,59,1.1
5am Games GmbH,1,228,22,0.0
5minlab Corp.,1,41,1,2.13
5th Cell Media,2,12949,1138,11.05
5th Planet Games Development ApS,2,33,56,37.825
6 Eyes Studio,1,5281,706,17.27
6 Pillars Studio,1,51,33,0.0
616 GAMES,2,50,74,0.0
628 Games,1,4,0,0.0
"64k, BARCHboi",1,24,6,0.0
68k Studios,3,130,38,0.19999999999999998
7 Box Games,1,35,6,1.1
7 Generation Games,1,3,0,0.0
7 Keys Studios,1,66,42,0.0
7 Raven Studios,1,34,4,5.2
7 Road,1,48,49,0.0
704Games Company,1,3003,727,7.72
729白起生贺组,1,20,2,0.0
773,2,609,143,3.2800000000000002
"7A Games, Rarykos",1,593,39,1.82
7Road,1,166,94,0.22
7TPGames,1,11,5,0.0
7Tech,1,1,5,0.0
7th Beat Games,2,89933,4751,11.350000000000001
8 CIRCUIT STUDIOS,1,101,24,0.0
800 North and Digital Ranch,1,12659,2391,2.82
80Arcade,2,152,76,2.915
838s Maniacs,2,69,37,0.0
8888888 LABS,1,174,67,25.57
88mm,2,43,40,12.145
89AM Studio,2,148,142,6.15
8A studio,1,2642,181,5.18
8AH,1,42,3,0.0
8BitSkull,1,139,18,0.43
8Floor,3,47165,30330,6.78
8bit,1,78,29,3.68
8bits fanatics,1,58,26,0.0
8floor,3,24,7,0.01
8i,1,50,27,0.0
8monkey Labs,1,248,76,5.93
"8th Shore, Inc.",1,51,12,0.0
9 Eyes Game Studio,4,378,40,0.6925
90Games,1,746,452,28.43
90s Studio,1,36,13,0.0
94 Games,1,2,1,0.0
9527 Studio,1,1,0,0.0
98DEMAKE,2,2450,449,1.16
99 Game Studio,1,53,38,0.58
99Games Online Pvt. Ltd.,1,207,154,8.53
9TH.ART,1,190,50,2.28
9heads Game Studios,2,2747,1175,6.220000000000001
@lukasinspace,1,30,3,0.08
@unepic_fran,3,12006,1071,11.18
@ustinCameron,1,1,0,0.0
A Crowd of Monsters,2,941,545,1.645
A Few Dragons,1,8,0,0.0
A Game Studio,1,5,0,0.0
A Guilda,1,6,0,0.0
A Jolly Corpse,1,79,17,4.62
A Korh,1,8,4,0.0
A Lonely Vanguard,1,3,1,0.0
A Man and his Computer,1,11,16,0.0
A Mazeing Tower Defense,1,5,12,0.0
A Memory of Eternity,2,46,3,0.0
A Nostru,7,542,288,0.4242857142857143
A Sharp,2,782,183,13.865
A Small Game AB,1,28,3,0.03
A Step Forward,1,2,0,0.0
A Stranger Gravity,1,310,23,0.0
A Sweet Studio,2,318,105,0.91
A To Play Ltd,1,3,0,0.0
A and F studios,1,14,13,0.02
A-Blast Games,1,22,4,0.0
A. Hagen,1,69,6,0.0
"A. Hagen, Shea Kennedy",2,237,13,0.0
A. Strazhev,1,349,149,1.88
A.Filimonov,1,2,9,0.0
A.Y.std,2,4919,1439,17.6
A13,2,14,4,0.0
A2 Softworks,2,995,178,0.26
A3D Studio (Solo Developer),1,5,8,0.0
A44,1,2438,1144,10.83
A9,1,1,0,0.0
A:TroY,1,116,23,0.0
AAAGAMES,2,161,52,0.06
AAD Games,1,644,171,1.88
AAD Productions,1,84,246,0.52
"AAGH Games, LLC",1,1,0,0.0
AAKIOO,1,3,3,0.0
ACE MADDOX,1,658,262,2.02
ACE Team,7,12876,2674,5.378571428571428
"ACE Team, Giant Monkey Robot",1,1075,361,1.95
ACGDT,1,1,1,0.0
ACQUIRE Corp.,7,5656,1382,11.088571428571429
"ACQUIRE Corp., Zerodiv",1,41,59,13.38
ACRAM STUDIOS LLC,1,16,15,0.0
ACTION SQUARE,1,1351,853,27.77
ADB,1,17,9,0.17
ADOG,1,2217,382,0.98
AECRNIA,2,78,27,0.1
AEL Entertainment,2,81,61,0.16
AFBIK Studio,13,1258,540,0.21615384615384617
AFOG,3,4580,1161,1.9833333333333334
AFROX GAME,1,1,4,0.0
AG SOFT,1,608,216,7.15
AG media,1,103,82,4.1
AGC,1,632,1205,6.4
AGO Games,1,25,63,2.18
AGP::Studios,1,18,51,4.2
AHEARTFULOFGAMES,1,500,118,5.58
AHui.Game,1,0,3,0.0
AIHASTO,3,851,118,0.5766666666666667
AIR FORGE GAMES L.L.C.,1,6,0,0.0
AIVIK LLC,3,321,112,3.4333333333333336
AJ Ordaz Games,1,17,5,0.0
AJRPG,1,24,9,6.02
AK Games,1,133,54,1.6
AK Studio,5,436,169,0.6639999999999999
AK84C,1,42,19,2.72
AKABEiSOFT2,1,645,50,28.58
AKATSUKI-WORKS,3,1448,106,17.796666666666663
AKGames,1,87,42,0.48
AKIYAM,1,7,11,0.0
AL Games,1,5,4,0.0
AL-GAME,2,92,103,1.935
ALEKSANDER CHEPAIKIN,2,105,50,0.415
ALFAGAME,1,370,17,0.0
ALFINA GAMERS,1,326,66,0.0
ALICE IN DISSONANCE,3,6060,347,4.25
ALIEN studio,1,106,32,0.0
ALLAF GAMES,1,193,58,0.0
"ALLM Co., Ltd.",1,3478,1074,28.65
ALPHA-NEXT,1,32,64,1.27
ALPHAWING Inc.,1,872,122,4.23
ALPHY,1,1,0,0.0
ALTAR Interactive,1,173,60,22.12
ALTARI GAMES,1,4651,777,5.67
ALTER-BOY,1,53,19,1.12
"AMA, Mando Productions",1,21,14,0.0
AMATA Games,1,93,27,0.0
AMAX Interactive,2,22,20,0.0
AMG GAMES,3,274,15,0.3566666666666667
AMIDEA Games,1,14,20,0.02
AMILUX Film,1,3,2,0.0
AMPLITUDE Studios,6,72547,19239,20.31
AMPro,1,9,3,0.0
AMT Games,1,127,146,0.0
"AN Productions, Poxpower",2,10928,655,52.224999999999994
ANDREI MURASHKEVICH,1,6,4,0.0
ANFWorks,1,7,3,0.0
ANG People s.r.o.,1,37,10,0.0
ANIM•ACE,1,69,10,0.0
ANV Team,2,127,94,0.5700000000000001
AO2Game,1,40,24,3.8
AOTMGUFHCMRIGUDNOE,1,25,14,0.0
AP Thomson,1,136,16,6.4
APAS games,1,6,0,0.0
APGal,1,9,1,0.0
"APLUS Co., Ltd",1,1047,307,7.52
AQGames,3,49,27,0.0
AQUAPLUS,3,3695,219,35.00666666666667
AQUASTYLE,3,2023,217,4.716666666666666
AQUIRIS,1,5218,390,6.92
AQURIA,1,5999,1572,19.73
"AQURIA Co., Ltd.",2,5709,3094,16.535
"AR Glimpse, LLC",2,13,4,0.0
AR-BRIDGE,1,19,33,0.0
ARC SYSTEM WORKS,2,261,85,9.5
"AREA 35, Inc.",2,335,108,0.30000000000000004
AREAZERO,1,191,24,3.6
ARES Inc.,1,296,55,1.95
ARGames,9,136,260,0.05777777777777778
ARIKA,1,561,108,0.52
ARLOOPA Inc.,1,0,1,0.0
ARMS,1,3,5,0.0
ARQUOIA,1,11,9,0.0
ARTDINK,6,329,138,1.3216666666666665
ARTDINK CORPORATION,1,846,295,7.97
ARTIFACTS,1,54,43,0.0
"ARTillery, ARTillery Studio",1,149,12,0.0
ARVORE,2,225,34,0.19
AS.DAY Studios,1,12,2,0.0
ASA Games Studio,1,30,13,0.0
ASA Studio,1,42,17,0.4
ASBO Interactive,2,254,75,0.135
ASGAME,2,6,5,0.0
ASGames,1,1,4,0.0
ASK Homework,1,365,546,4.57
ASK_GAMES,1,224,105,1.57
ASTRO PORT,6,813,187,2.0933333333333333
ASTRUM LAB,1,1082,585,182.5
ASTXRIAL Works,2,829,155,2.72
"ASUS GLOBAL PTE. LTD, Moonshine Creation CO., LTD.",1,439,189,0.0
ASa Project,1,237,13,2.83
ATC Games,2,164,48,0.36
ATD,1,1,0,0.0
ATLUS,4,103010,6098,27.1375
ATMODEPTH,1,1,0,0.0
"ATOMIC BREATH, FraZack",2,82,25,0.0
ATTACK MOUNTAIN,1,25,8,3.18
ATYPIQUE studio,1,104,22,0.0
ATi Studios A.P.P.S. SRL,1,31,28,0.0
AURORA Games,1,4526,3255,7.45
AUX-IN Games,1,33,9,0.0
AV media lab,1,26,1,0.0
AVANTGARDE,2,519,104,6.609999999999999
AVE,1,42,57,7.02
AVE Team,1,7,3,0.0
AWE Games,1,78,46,0.0
AXC GAMES,1,811,1001,5.97
AYGames,1,756,291,3.83
AZ-Art Development Studio,1,246,100,4.87
AZAMATIKA,4,3625,259,2.4725
AZGames,1,2752,74,2.43
"Aardman Animations, Digixart",1,1699,278,3.4
"Aardman Animations, Mobile Pie, Black Smoke Studios",1,725,32,1.92
"Aargle, LLC",1,83,31,0.0
"Aarne ""MekaSkull"" Hunziker",1,1182,228,5.25
Aaron Angert,2,24,2,0.0
Aaron Arcand,1,19,4,0.0
Aaron D.,1,13,20,0.0
Aaron DeVries,1,70,3,0.0
Aaron Mault,1,2,0,0.0
Aaron Oldenburg,1,71,59,13.9
Aaron Saluk,1,0,1,0.0
"Aaron W. Calhoun, Noah W. Calhoun",1,11,1,0.0
Aaron Wise,1,19,8,0.0
Aasura Project,1,9,4,0.0
Aatlantis Code,1,11,10,0.0
Abandoned House Studios,1,75,23,0.0
Abbey Games,3,7951,1802,4.206666666666667
Abbeytek Ltd,1,13,2,0.0
Abdualziz alotaibi,1,2,2,0.0
Abdullah Firat,1,99,11,0.0
Abigail Corfman,1,343,6,3.32
Abnormal Software,2,126,20,0.765
Above and Beyond Technologies,1,836,1120,4.37
Abraham Carreola,1,61,95,6.28
Abrakam Entertainment SA,2,9187,1793,22.8
Abrams Studios,1,215,36,2.2
AbsQual Studio,1,26,11,1.83
Absolut Soft LLC,1,10532,5109,10.2
Absolute Power Game Studio,1,46,25,0.0
Absolutist Ltd.,7,455,248,1.9357142857142857
Absorb Reality,1,160,43,2.02
Absorbed Studios,1,146,91,2.05
Abstract Software Inc.,1,227,187,1.25
AbstractArt,2,3421,521,2.575
Abstraction Games,1,548,367,3.57
"Abstraction Games, The Bitmap Brothers",1,288,138,1.6
"Abstraction Games, WayForward",1,363,166,2.72
Abstractive Works,1,69,47,4.52
Aburasobabiyori,1,114,33,0.95
Abyss Gameworks,1,112,98,4.27
Abyssal Arts Ltd.,1,19,5,0.0
Abyte Entertainment,2,4510,658,12.71
Ac Games,1,5126,8513,151.93
Academic Quarter,1,163,19,0.0
"Acceleroto, Inc.",1,506,55,2.98
Access Games,1,1576,381,4.6
Access Software,5,350,84,7.67
Accidental Queens,2,3250,382,2.9850000000000003
"Accidental Queens, ARTE France",1,210,31,0.0
Acclaim Cheltenham,1,68,59,0.0
Acclaim Studios Teesside,1,619,90,10.02
Accolade,2,334,136,0.185
Accolade Inc.,1,3,1,0.0
"Accolade, Inc",2,86,16,0.3
"Accolade, Inc.",4,260,102,0.6699999999999999
Acerola,6,4677,798,4.95
Acerola Software,1,1,0,0.0
"Achenar Studios, Sad Socket",1,560,77,1.87
Achisoft,1,3,0,0.0
Achpile,3,150,24,0.25
Acid Mines Software UG,1,23,5,0.0
Acid Nerve,2,27791,3990,5.694999999999999
Acid Spy Games,1,155,15,2.07
Acid Wizard Studio,1,20529,1089,5.78
AcidicDuck,1,38,3,0.27
Acido Cinza,1,435,122,4.33
Acke Hallgren,1,4714,261,0.0
Ackk Studios,2,964,382,4.2
Ackmi,1,4,5,0.0
Acram Digital,3,435,75,4.336666666666667
Acrylec Studios,1,20,8,0.0
"Act 3 Games, LLC",1,660,185,2.68
ActaLogic,1,65,14,0.0
Actalogic,5,473,1337,3.72
Actawesome,1,43,4,0.0
"Action Button Entertainment, LLC",1,181,25,0.2
Action Entities,1,48,25,0.0
Action Portal,5,22,56,0.0
Action Squad Studios,1,704,266,5.35
Action Square(STUDIO HG),1,1032,177,7.82
Action Square(Studio HG),1,426,148,1.15
Activision,4,274,56,4.2025
"Actors Theatre of Louisville, Two Scoop Games",1,6,1,0.0
Actoz Soft,1,313,230,1.67
Actplus Studio,1,227,78,0.0
Actual Humans,1,17,0,3.75
Actual Nerds,1,161,5,0.0
"Actually A Game Company, L.L.C",1,44,12,0.0
Actura Studios,1,2,1,0.0
Acureus,1,28294,5381,14.3
Acute Art,1,16,9,4.72
Acute Games,1,426,217,3.68
Acuze Interactives,3,167,294,6.246666666666667
"Acuze Interactives, Winterbyte",1,88,213,0.3
Adam Cs,1,5,1,0.0
Adam DeLease,4,414,295,3.2075
Adam Dubi,1,177,46,10.63
Adam Haase,1,52,2,0.0
Adam John Adkins,1,12,8,0.03
Adam Mowery,1,75,28,2.12
"Adam Saltsman, Robin Arnott",1,132,47,0.0
Adam Spragg,1,838,7,5.82
Adam Stępiński,2,1,1,0.0
Adam Tarnowski,2,66,19,6.935
Adam Thompson,2,36,12,0.0
Adam Waind,1,7,0,0.0
Adam Wells,1,19,2,0.0
Adamvision Studios,8,11879,495,1.2825
Adaptive Game,2,21,4,0.0
Adato Games,1,23,14,0.0
Addictive 247 Games,1,8,1,0.0
Addonius Productions,1,13,0,0.0
Adelante LTD,1,14,13,0.0
Aden Interactive,1,4,4,0.0
Adept Studios GD,1,11,0,0.0
Adham Jaber,2,26,34,1.075
Adi Zhavo,1,3641,368,0.0
"Adil Ahmed, Edgy Games",1,3,1,0.0
Adipson Studio,1,16,4,0.0
Aditya Tajanpure,1,2,2,0.0
Adjective Noun,1,10,7,0.0
Adom Huber,1,8,1,0.0
Adrenasoft Studios,1,64,20,0.0
"Adriaan de Jongh, Sylvain Tegroeg",1,8952,309,3.35
Adrian Domagalski,1,9,24,0.0
Adrian Ubiorski,1,20,8,0.0
Adrián Corbalán,1,25,8,0.0
AdroVGames,3,1331,558,5.253333333333333
Aduge Studio,1,37,10,3.07
Advent RPG,1,7,1,0.0
Adventure Beard,1,2,0,0.0
Adventure Islands,3,298,12,0.0
Adventurepro Games LLC,1,1064,102,34.53
Adventurer's Tavern,1,149,44,0.0
Aegon Games Ltd,3,191,94,0.7433333333333333
Aemaeth Monster,1,0,1,0.0
Aeon Dream Studios,1,325,71,0.98
Aera Studios,1,14,4,1.62
Aerial_Knight,1,109,28,1.37
Aerie Digital,1,179,20,31.8
Aerilon Studios,1,512,67,2.48
Aerilys,1,3,1,0.0
Aero Games,2,282,109,0.0
AeroLab Studios,1,42,15,5.1
Aerolab Studios LTD,1,34,69,0.48
Aerolito,1,23,5,0.0
Aeromir,1,219,66,51.65
Aesir Interactive,3,15216,4350,4.843333333333334
Aestronauts,1,129,34,0.0
Aeternum Game Studios S.L,1,1339,417,3.4
Aether Studios,1,34357,1469,27.0
Aetheric Games,3,370,88,0.23
"Afeel inc, Magic Cube",1,22,4,0.0
Affable Games,1,54,13,0.0
Affility,1,31,2,0.0
Affliction Networks,1,88,28,23.17
Affordable Cat,1,25,11,0.0
Affray Interactive,1,10178,2500,6.82
Afil Games,2,59,10,0.0
Afrobeast Games,1,71,2,3.17
Afterburn,1,1771,52,3.08
Afterburner Studios,2,4403,568,4.775
Afterlife Games,1,1,1,0.0
Aftermath Media,1,133,31,3.08
Afterthought LLC,1,77185,17619,101.88
Afterthought Studios,4,260,65,21.645
Agafonoff,4,7267,1861,1.8699999999999999
Agami Games LLC,1,9,2,0.0
Agar3s,1,33,6,5.17
Agaricus Games,1,5,1,0.0
Agate,2,263,187,2.5
Agelvik,2,171,34,0.0
Ageod,7,1319,463,1.682857142857143
"Ageod, HQ",1,32,17,0.82
Aggro Crab,1,3376,342,5.27
AggroBirdGK,1,30,11,0.0
Aggroblakh,2,145,64,8.505
Agharta Studio,1,453,82,14.27
Aghayeva and Ko s.r.o.,1,36,25,0.0
Agile Softworks AB,1,1,1,0.0
"Agostinho Dias, Ricardo Reis",1,93,52,0.0
Agrostemma,1,73,25,2.63
Ahlman Game Studio,1,15,3,0.0
Ahlman Mansion Team,1,19,5,0.0
Ahndong Studio,1,5,8,0.0
Aiaz Marx,2,71,18,47.625
Aidan Strong,1,106,30,0.0
Aidangig,1,38,29,0.0
Aigi Studios,1,1,0,0.0
Aigul Aubanova,1,72,25,0.0
Aikesi,1,2687,130,4.63
Air Balloon,1,37,43,0.0
AirWave Games,1,78,31,2.0
Airborne Games,1,275,79,0.35
Airem,6,711,304,0.6750000000000002
Airship Syndicate,3,26114,4277,15.270000000000001
Airtight Games,3,16383,2979,4.613333333333333
Aisukaze Studio,1,9,3,0.0
Aivaras Ivoškus,1,65,32,0.7
Aiya Games,1,35,4,0.0
Ajal Game Studio,1,6,3,0.0
Ajané J.K. Célestin,1,41,28,0.0
Ajay Arora,1,9,3,0.0
Akaba Studio,1,31465,2425,2.27
Akabaka,1,2698,47,3.53
Akamurasaki Games,2,69,2,0.0
Akella,4,1626,629,19.8075
"Akella, .dat",2,361,460,15.14
Akeshy (Akakiy Petrushkin),1,57,15,0.0
Akiragoya,1,57,15,2.17
Akky-06's Lab,1,2,4,0.0
"Aksys Games, TOYBOX lnc., Picola Inc.",1,64,47,0.0
Akumu Games,2,12,3,0.0
"Akumu Games, Iliad Works",1,12,2,0.0
Akçay Karaazmak,1,120,66,0.0
Al Fine,1,11075,1192,42.3
"AlPixel Games, Luis Diaz, Gustavo Santos, Albert Fernandez, Tice Thomason",1,2860,401,1.17
Alain Becam - TGB,1,5,0,0.0
Alakhaine Specialist Consulting Limited,1,8,10,0.0
Alan Edwardes,1,1949,308,42.1
"Alan Hazelden, Benjamin Davis",1,1003,47,1.65
Alan Zucconi,1,219,88,1.12
"Alasdair Beckett-King, Application Systems Heidelberg",2,445,34,0.0
Alaska,1,10,10,0.0
Alastair John Jack,1,2194,309,6.98
"Alastair John Jack, Lance Hill",1,80,11,0.0
Alawar,6,1289,210,4.865
Alawar Casual,11,1642,318,7.699090909090909
Alawar Dreamdale,1,142,49,3.47
Alawar Entertainment,7,1573,440,4.2299999999999995
"Alawar Entertainment, Amegami",1,137,38,4.75
Alawar Friday's Games,1,122,8,3.58
Alawar North,1,18,2,0.0
Alawar Southpoint,1,9,1,0.0
Alawar Stargaze,3,662,108,2.89
Alawar Stargaze (Warm Lamp Games),2,31697,3193,14.34
"Alawar Stargaze, Alawar Entertainment",2,219,26,6.215
"Alawar, Mirball Games",1,334,91,6.45
"Alawar, Whalebox Studio",1,33,14,0.0
Albatros Softworks,1,116,45,0.53
Albatross Idea,2,2,5,0.0
Albert Espín,1,5,0,0.0
Albert Wiatr,1,156,41,7.87
Albin Bernhardsson,1,55,9,0.03
Albino Moose Games,1,3270,135,6.85
Albireo Games,3,60,39,0.0
Alcachofa Soft,4,47,24,0.0
Alcateia Entertainment,1,14,8,0.0
Alchemist Interactive,1,701,236,13.42
Alda Games,5,13389,2504,5.014
Alder Games,3,187,39,2.486666666666667
Aldin Dynamics,1,618,66,2.2
Aldorlea,1,23,6,0.0
Aldorlea Games,19,1749,610,2.9763157894736842
AleCubicSoft,1,162,79,1.05
Alec Smith,1,821,50,0.62
"Alec Smith, Dane Winn",2,307,37,2.235
Alejandro Hernández Ferrero,1,1962,319,23.17
Alejandro Moreno,1,4,0,0.0
Alek1277,1,6,16,0.0
Aleksandar Kuzmanovic Games Inc.,1,651,153,3.25
Aleksandar Đuričić,1,10,1,0.0
Aleksander Ciesielski,1,3,3,0.0
"Aleksander Vargas, True Nightmare",1,34,5,0.0
"Aleksander Vargas, True Nightmare, Gummi Space Jam",1,115,21,0.0
Aleksandr Golovkin,4,3019,826,35.6625
"Aleksandr Soldatov, Leonid Kozhushko",1,646,76,0.55
Aleksandr Turkin,1,111,12,0.0
Alekseev,2,142,93,4.3100000000000005
Aleksei Milchakov,1,36,43,12.43
Aleksei Yarovozov,1,7,2,0.0
Aleksey Abramenko,1,1850,221,1.38
Aleksey Izimov,1,11,5,0.0
"Aleksi Rajamäki, Matias Rajamäki",1,16,1,0.0
Aleph=Null,1,1,0,0.0
Alersteam,1,243,80,4.8
Alessandro Guzzo,2,911,259,3.4250000000000003
Alessandro Roberti,1,2063,308,24.3
Alex,2,115,45,0.0
Alex C. Grey,1,13,0,0.0
Alex Carpenter,2,599,14,0.0
Alex Francois,1,118,21,1.8
Alex Hall,1,30,8,2.67
Alex Hanson-White,1,24,9,2.57
Alex Luna,1,25,9,0.0
Alex Meng,1,33,23,0.0
Alex Olinkiewicz,1,449,69,0.0
Alex Piola,1,899,293,2.12
Alex Rose,1,102,69,4.7
Alex Sk Game Studio,1,4,2,0.0
Alex Thomas,1,76,77,11.38
Alex V,1,4,3,0.0
Alex Williams,2,57,57,0.715
Alex Zhang,1,422,265,6.78
AlexHoratio,1,6,3,0.0
"Alex_redmiau, Jolabide.com",1,59,3,0.0
Alexander Bazhenov,1,222,56,0.85
Alexander Belik,1,7,0,0.0
"Alexander Bogdanov, Alexandrina Svitsyna",1,75,13,0.0
Alexander Bruce,1,16269,846,5.65
Alexander Cirac Antio,1,9,2,0.0
Alexander Clark,1,52,9,0.0
Alexander Feinstein,1,20,1,0.0
Alexander Goodwin,2,204,133,0.81
"Alexander Gromyko, GG KEY STUDIOS",1,1583,206,4.43
"Alexander Guo, Emile Savard",1,29,14,0.0
Alexander Lahti,1,28,0,0.0
Alexander Mirdzveli,1,114,43,14.43
Alexander Sablin,2,41,20,0.0
Alexander Tavintsev,1,24,6,4.9
"Alexander Van den Bulck, Harry Lane",1,14,0,0.0
Alexander Voidoc,2,25,1,0.0
"Alexander Žolnai, HQK Group",1,5,0,0.0
Alexandr Bondarenko,1,20,6,0.0
Alexandr Polutov,1,9,4,0.0
AlexandrandRoman,1,1,2,0.0
Alexandre Beaudoin,1,5,1,0.0
Alexandre Martins Pereira,1,2,0,0.0
Alexandre Yoshinaga,1,14,1,0.0
"Alexandru Duta, Victor E. Blaga",1,35,9,0.0
"Alexey Bokulev, Sergei Klimov, Charlie Oscar Lima Tango Interactive Entertainment",1,34,8,0.33
"Alexey Bokulev, Snowbird Games",1,354,73,28.9
"Alexey Davydov, Sergey Dvoynikov, Timofey Shargorodskiy, Flazm",1,2964,339,5.42
"Alexey Khazov, Cristian Ionescu, Lars van Dorenvanck, Brandon van Doorn, Joran Vergoessen, Admir Leka",1,135,84,3.48
Alexey Suslin,1,99,28,0.0
Alexis Angely,1,14,1,0.0
"Alexis Hernandez, Gökhan Unalan, Gaëtan Galati, Ludus Académie",1,9,0,0.0
Alexis Salazar,1,171,2,0.0
AlexoFalco,1,5,1,0.0
Alfa Dynasty,2,14,31,0.0
Alfred Lam,1,51,12,0.0
Algorocks,1,143,121,3.83
"Algorocks, Simpleton",1,24,8,0.0
Ali Eslami,1,22,2,0.0
Ali Kaan BAŞHAN,1,17,5,0.0
Ali Soltanian Fard Jahromi,2,17,4,0.0
Aliasworlds Entertainment,1,97,31,2.87
"Aliasworlds, Amegami, Rionix, Melesta",1,54,19,0.0
Alice & Smith,3,2022,215,11.443333333333333
Alice &amp; Smith,1,717,348,0.6
Alice Halley,1,11,0,0.0
Alice Langley,1,3,0,0.0
Alice Nowak,1,92,6,0.0
Alien Finger,1,4,8,0.0
Alien Jellyfish,1,180,55,4.43
Alien Leaf Games,1,8,7,0.0
Alien Octopus Studio,2,4,1,0.0
Alien Pixel Studios,3,2325,259,2.6999999999999997
Aliens Developers,1,65,34,0.0
AliensGames,1,1,2,0.0
Alientrap,7,10692,1657,4.364285714285714
Aligned Games,3,67,32,0.0
AlikArt Studio,1,55,36,0.0
AlimoliStudio,1,2,0,0.0
Alina Digital,2,62,31,0.06
Alioth,1,144,45,0.48
"Alircari, Gemini Stars Games",1,12,27,0.0
Alister Software,2,649,302,4.605
AliveGameStudio,2,750,95,1.305
Alix,1,62,21,0.75
Alkame Games,1,37,20,0.75
Alkemi,1,214,55,6.03
Alkinoy,1,36,6,0.0
All Parts Connected,1,281,49,5.8
All Saints Gaming,1,4,0,0.0
All Seeing Eye Games,1,3516,396,1.32
All Those Moments,1,144,42,0.0
All Yes Good,1,1048,93,7.6
All in! Games,1,540,229,1.63
AllMySkyStudio,1,15,12,0.0
"Allaith Hammed ""ZAX""​",1,29,4,0.08
Allen Games,2,31,26,0.0
Allgraf,1,419,449,6.07
Allicorn Games,1,197,113,3.53
Allied Games Inc.,1,6,8,0.0
Allosaurus,1,18,29,0.0
AlloyStove,1,5,2,0.0
Ally Productions LLC,1,2,0,0.0
Allyson de Souza Bacon,1,232,172,1.08
Almighty Games,4,2103,280,1.71
Almost Human Games,2,9453,754,9.83
Almost Infinity Games LLC,1,8,0,0.0
Almost Joe,1,3,1,0.0
Alon Cohen,1,99,55,0.0
Alon Zubina,1,228,61,4.42
Alper Gonen,1,81,308,0.0
Alper Tüccar,1,19,5,0.0
Alpha Blend Interactive,1,1905,451,1.63
Alpha Lyrae,1,10,7,0.0
Alpha Strike Games Limited,1,9,2,0.0
Alpha Wave Entertainment,1,165,87,6.1
AlphaNuts,1,62,26,1.48
AlphaSoft LLC,1,12263,5314,19.33
Alphatik Inc,1,37,46,0.0
Alpheratz*,2,98,40,1.015
Alt Shift,1,3664,603,14.87
Altai Game Studio,1,69,78,0.8
Altair Game,1,21,10,0.0
Altaire,1,222,81,2.33
Altar Games,3,2489,346,12.843333333333334
Altar Interactive,1,240,66,9.5
Alter Games,1,6728,1458,12.12
AlterVerse Inc.,1,11,6,0.0
Altered Matter,1,313,117,2.6
Alterego Games,3,213,63,1.9266666666666667
Alterindie LLC,1,15,6,0.0
Alternativa Game Ltd.,1,4041,2515,4.35
Alternative Dreams,1,22,19,16.17
Alternative Software Ltd,5,215,128,1.56
"Alternative Software Ltd, Involution Team",1,25,9,0.0
Altfuture,2,7512,319,15.030000000000001
Altope Interactive,1,2,2,0.0
"AltspaceVR, Inc.",1,430,172,7.1
Aluba Van+,1,13720,1000,11.32
Always & Forever Computer Entertainment,1,11,2,0.0
Alwin Joshy Joseph,1,5,3,0.0
Alyson Thiago Lopes,1,12,1,0.0
"Alzan Studios, LLC",1,631,73,1.43
Amamori Lab,1,33,12,0.0
Amanda Bedard,1,8,2,0.0
Amanita Design,8,44670,3222,2.76875
"Amaranth Games, LLC",4,383,114,1.325
Amaterasu Software,13,2344,1589,4.985384615384616
"Amaury Hyde, Arnaud Magous",1,14,4,0.0
Amayadori Development,1,2,2,0.0
Amazon Games,1,196798,90080,165.5
Amber Eye Studio,1,41,8,0.0
Ambiera,4,346,240,1.3375
Ameet Sharma,1,16,3,0.0
Amegami,1,84,26,4.07
Amendment One Games,1,12,0,0.0
Amends Team,1,23,5,0.0
Ameshiko,1,62,7,0.0
Amethyst Quarter,1,31,9,0.0
Ametist studio,1,307,49,3.72
Amfich,2,28,17,0.0
Amhardcore,1,18,4,0.0
Amicable Animal,1,181,13,12.62
Amigo VR,1,22,27,0.0
Amigo VR Studio,1,26,24,0.0
Amilton Neves,1,32,10,5.35
Amistech Games,1,86445,4949,47.82
Ammobox Studios,1,531,188,3.62
Ammonite Design Studios Ltd,5,5,7,0.0
"Amnon Levi, Ben Chen, Bar Alon, Ofir Green",1,44,1,0.0
Among Giants,1,119,83,2.05
Amonga99,2,71,23,0.0
Amortiz Games,1,89,18,0.0
Ampersand Game Studios,1,1,1,0.0
Amplify Creations,1,138,129,5.33
Amrita Studio,1,53,14,0.0
"Amy Li, Mitchell Shannon, Morgan Wesemann, Stacie McLaury, Tim Arterbury, Trystan Jasperson",1,20,8,0.0
An Open Ben,1,474,105,1.87
AnRaEl,1,131,9,3.15
Analog Casual Studios,1,25,3,0.0
Analog Joker LLC,1,36,5,0.0
Anamik Majumdar,14,103,119,0.4057142857142857
Anarchy Enterprises,9,1038,464,2.2711111111111113
Anarchy Games,1,595,159,28.65
Anarchy Interactive,1,23,13,0.0
Anarkis Gaming,2,235,88,131.69
Anarteam,1,666,55,1.68
Anate Studio,3,945,217,2.69
"Anatola Howard, Duncan Cross",1,110,3,0.0
Anatoliy Loginovskikh,13,4775,700,1.6415384615384616
"Anatoliy Loginovskikh, Catherine Svyataya",1,393,39,1.17
"Anatoliy Loginovskikh, Drop_Dead_Fred",1,186,68,0.02
"Anatoliy Loginovskikh, Igor Shalimov",1,154,225,0.0
"Anatoliy Loginovskikh, Khud0",1,410,73,0.12
"Anatoliy Loginovskikh, Phenechka",1,218,64,0.0
"Anatoliy Loginovskikh, Аlexandr Telminov",6,4571,273,2.8049999999999997
Anatoliy Sidorov,1,18,0,0.0
Anatoly Konstantinov,2,147,47,1.1
Anawiki Games,4,114,27,0.0
"Anchora Games, Dream Harvesters",1,45,39,0.58
Ancient Forge,1,5644,1398,13.73
Ancient Games,1,24,16,0.0
Ancient War Studios,1,80,49,0.0
AndeoTEAM,1,100,64,2.98
Anderson Marques,1,5,3,0.0
Andonis Gaja,1,9,7,0.0
Andorf Games,1,2,0,0.0
Andrade Games,2,181,47,1.03
Andre Monteiro,1,209,52,5.65
Andre Themistocles,1,2,0,0.0
Andrea Demetrio,1,195,7,0.0
Andreas Britten,1,38,3,7.88
Andreas Georgiou,1,61,22,0.0
Andreas Hager Gaming,1,517,142,1.0
Andreas Otten,1,0,1,0.0
Andreev Worlds,1,57,39,0.0
"Andreev Worlds, Gamesforgames",3,116,48,0.0
"Andrei Cretu, Giacomo Autili, Tomer Barnea",1,771,83,0.0
Andrei Fomin,1,46,2,0.0
Andrei Ivashentsev,1,674,221,3.4
Andreil Game,1,4,1,0.0
Andres Cavallin,1,19,12,0.0
"Andrew Bates, Craig Bentick, Nolan Cunningham, Onomis",1,812,154,2.8
Andrew Bykov,1,5,1,0.0
Andrew G. Schneider,1,77,4,0.0
Andrew Gardner,1,1,0,0.0
Andrew Grbac,1,2,5,0.0
Andrew Heymann,1,1,0,0.0
Andrew Higgins,1,44,16,0.0
"Andrew Katz, Emi Schaufeld",1,84,8,0.0
Andrew Morrish,2,1967,179,6.41
Andrew Nutter666 Jaggar,1,26,2,0.0
"Andrew Nutter666 Jaggar, George Dutton",1,3,0,0.0
Andrew R.,1,28,2,0.0
Andrew Rodenhiser,1,90,26,0.0
Andrew Rowe,1,41,25,3.8
Andrew Ryan Henke,1,123,12,0.0
"Andrew Ryan Henke, Adam Dover",1,131,14,160.37
Andrew Simon Thomas LLC,2,16,5,0.0
Andrew Smith,1,2899,382,1.72
"Andrew Teo, Adam Teo",1,536,124,6.67
Andrew Willman,2,2120,170,4.45
"AndrewDrumov, Sanke Berdochan",1,134,231,3.53
"Andrii Lazariev, Eugene Nesterovych",1,20,15,0.0
Andriy Bychkovskyi,1,260,20,0.72
Andrzej Jozenkow,1,3,1,0.0
Andrés Borghi,1,294,10,9.57
Andy Church,1,1962,232,0.0
Andy Howard Games,1,37,40,0.0
Andy Imm,1,24,8,3.4
Andy Jurko,1,8,0,0.0
Andy Law,1,2419,330,184.38
Andy Makes,1,1205,166,3.08
Andy Schmitt,1,112,17,1.12
Andy Sztark,2,1340,462,11.425
AndyK,1,10,0,0.0
AndyLaw,1,189,423,0.43
Andymente,1,84,20,0.0
AneaGames,2,271,124,4.6850000000000005
Anemoessa,1,2,0,0.0
Anemona Games,1,2,1,0.0
"Angad Matharoo, Gabriel Larocque",1,5,1,0.0
Angel Carriola,1,35,15,3.6
Angel T,1,12,11,0.0
AngelRDev,1,10,2,0.0
Angela Game,1,1377,618,22.65
Angela He,2,16778,668,0.615
Angelo Parodi,1,6,1,0.0
"Angels Blue Digital Entertainment, DigitalEZ",2,3540,209,3.31
"Angels Blue Digital Entertainment, Ladomu",1,536,20,1.57
Angelus,1,14,4,0.0
Angry Bunny,1,187,85,0.0
Angry Cat Studios,1,2,6,0.0
Angry Demon Studio,2,2668,447,3.625
Angry Mob Games,2,949,296,1.7799999999999998
Angry Rabbit Studios,1,122,61,0.0
Angry games,3,202,89,1.7566666666666666
Anguis Game Studio,1,94,116,8.05
"Ani4Bio  Animated, Isiflix Prod.",1,1,2,0.0
"Ani4Bio Animated, Isiflix Prod.",1,2,1,0.0
"Aniki, Male Union ♂",1,7930,697,2.4
Anima Games,2,5,5,0.0
Anima Locus,1,6,15,4.92
Anima Project,2,602,268,3.33
Animafest Workshop 2019,1,8,7,0.0
Animal Herb,1,307,14,4.33
Animal Mouth,1,36,7,0.0
Animal Uprising,1,11925,220,9.75
Animalle Studio,1,23,0,0.0
Animallica Games Studio,1,635,268,7.42
Animas Games,2,8,4,0.0
"Animatic Vision, Dead Blue Friends",1,103,3,0.0
Animation Arts,6,1345,264,17.080000000000002
Animation Arts GmbH,1,108,119,18.5
Animation F/X,1,37,18,0.0
Anime squad,1,32,17,0.0
AnimicGame,2,84,14,0.0
Animu Game,3,3200,616,2.066666666666667
Animus Interactive Inc,1,88,75,4.62
Animvs Game Studio,1,60,21,0.0
Animyst Games,1,375,64,0.0
Anino Games,1,11,0,0.0
Anisoptera Games,1,3727,233,25.57
Ankaar Productions,1,105,10,0.0
Ankake Spa,1,1133,87,4.88
Ankama Games,1,429,65,3.73
Ankama Studio,4,8749,2875,12.379999999999999
Ankokumarimo,1,122,35,0.0
Ankor Studio,1,4,0,0.0
Annonymous,1,18,0,0.0
Anoko Studio,1,0,4,0.0
Anomaly Games,1,733,220,2.58
Anoman Studio,1,5,1,5.7
Anomic Games,1,53,10,0.0
Anonymoose Games,1,7,5,0.0
Anonymous,1,20,0,0.0
Another Axiom Inc.,1,64966,6197,10.22
Another Circus,1,39,3,0.0
Another Reality,1,27,39,0.45
Another Story,1,1638,281,4.97
Another Yeti,2,105,13,1.315
AnotherIndieGameDev,1,4,0,0.0
Anothink,1,52,108,0.0
Anothy,1,1,0,0.0
Anshar Studios,3,1545,510,3.9533333333333336
Ansimuz Games,1,137,50,0.13
Ant Workshop Ltd,1,72,9,8.12
Ant.Karlov Games,1,2895,359,5.15
Antab Studio,2,144,47,1.19
Antagonist,1,1126,464,2.62
"Antanas Marcelionis, Renė Petrulienė",1,1631,468,3.2
"Antaria, LLC",1,213,125,6.58
Anteater Games,1,1110,421,4.82
Anthony Flack,1,500,52,9.65
Anthony Staines,1,30,14,0.0
Anthony Wu,1,2,6,0.0
Anti Crunch Studios,1,3,0,0.0
Anti Gravity Game Studios,1,91,71,0.22
Anti-Ded GameDev,2,67,37,2.625
Anti-Gravity Bunny,1,15,1,0.0
"Antimatter Games, Tripwire Interactive",1,49952,7611,43.08
Antiquity Studio,1,16,1,0.0
Antispace Studios,1,11,20,0.0
Antizero company,4,249,61,1.1375
Antler Interactive,2,121,33,1.06
Anton Kryukov,1,105,9,0.0
Anton Nersesov,1,7,1,0.0
Anton Pauli,1,518,48,0.0
Anton Pushkarev,1,94,89,0.92
Anton Riot and Co,1,279,49,3.17
Antonio Freyre,1,155,16,0.08
Antonio José Corrêa,1,3,0,0.0
Antonio Renna,3,1110,722,1.6466666666666667
"Antti A. Luostarinen, Emil Nilimaa, Niklas Lindroos, Matti A. Virtanen, Riku-Ville Mäkelä, Lauri Holmas, Polar Night Software Sp. z o.o.",1,149,26,1.53
Antti Juotasniemi,1,8,9,0.0
Antti Vaihia,1,37,21,0.25
Antuan Johnson,1,83,97,0.0
AnukenDev,1,21329,937,23.73
"Anuman Interactive / Microids, Koalabs",1,1940,584,24.05
Anvate Games,4,631,108,2.92
Anvelopa,1,4,1,0.0
"Anvil Drop, LLC",1,28,7,0.1
Anvil Game Studios,1,22540,2575,33.65
Anvil-Soft,1,147,59,1.6
AnvilBird Interactive,1,105,29,0.0
Anvio,1,82,39,0.0
Anxious Software Inc,1,0,2,0.0
Anya Segarane,1,371,52,4.33
Anyland + Manyland,2,653,61,3.5
Aoca Game Lab,1,604,89,1.5
Apathus Software,1,9,2,0.0
"ApathyWorks, LLC",1,36,13,0.0
Ape Apps,2,235,22,0.0
Ape Law,1,266,113,2.33
Ape Man Robot,1,106,28,0.2
Ape Marina,1,119,36,1.83
Ape Tribe Games,1,115,36,0.83
Apeirogon Games,1,40,14,0.32
Apeiron,3,975,340,2.17
AplayStudio,1,5,4,0.0
"Apocoplay LLC, Ludeme Games, Coreedge Inc",1,53,58,0.35
Apog Labs,1,6433,1251,28.33
Apogee Entertainment,4,300,61,0.005
Apogee Software,4,571,84,2.2824999999999998
AppChu Indie Games,1,17,4,0.0
AppFactoryHaru-Ni,1,6,8,0.0
AppGeneration,1,6,2,0.0
Apparition Games,1,176,8,0.63
Appeal Studio,1,22,6,4.23
Appeal Studios,2,854,288,1.09
"Appeal Studios, Balio Studio",1,281,266,2.9
Applava,2,2119,419,4.34
Apple Cider,1,172,6,0.0
AppleCoffee,1,214,47,0.32
Applepine Games,1,21,4,0.0
Appliks Apps Studios,1,146,110,2.42
Applimazing,1,461,64,4.2
Applique,2,4015,109,263.015
Applykat,2,13,22,0.0
Appmania/i-Free,1,40,43,0.52
Appnori Inc.,1,625,114,2.95
Appnormals Team,1,371,165,4.97
Appsolutely Studios,1,24,41,0.0
Appvator Interactive,1,4,3,0.0
Appy Monkeys Software Pvt. Ltd.,1,13,2,0.0
AppyArt Games,1,38,30,4.53
Apus Software,2,270,106,0.65
"Apus Software, Three Donkeys LLC",1,302,44,45.63
AquaBomber,1,1,0,0.0
AquaStudios,1,3,1,0.0
Aquinas Games,1,4,0,0.0
Aquiris Game Studio,1,5348,1719,15.03
Ara Interactive,1,44,39,0.22
Arachnid Games,2,1241,581,2.8
Arai Koh Create Office,2,327,65,1.1
Araknumia Software,1,2,1,0.0
Aratog LLC,2,273,130,2.865
Arbatskii Anatolii,1,19,7,0.0
Arberth Studios,1,91,56,0.63
Arbitrary Metric,1,1450,501,1.07
Arc System Works,25,161716,18913,9.855599999999999
"Arc System Works, APLUS Co., Ltd.",1,1382,561,6.13
"Arc System Works, DotEmu",1,145,75,3.78
"Arc System Works, TOYBOX Inc.",2,647,383,5.635
ArcWillow,1,2,0,0.0
Arcade Distillery,4,66,41,0.0
Arcade Injection,1,44,13,0.0
Arcade Oven,1,274,170,3.55
Arcade Theory,1,22,25,0.0
Arcade Zone,2,92,65,3.23
Arcadia,2,17,1,0.0
ArcadiaXR,1,20,11,0.0
Arcane Bay Labs,2,14,8,0.0
Arcane Raise,1,434,320,3.4
Arcani Interactive,1,1,1,0.0
Arcanum Team,1,337,94,4.8
Arcen Games,9,4605,1311,2.852222222222222
Archeologists,1,0,10,0.0
Archetype Global,1,12,48,3.12
Archetype Studios,1,470,377,9.55
Archiact,2,317,75,0.515
Archive Entertainment,3,2667,1790,0.65
Archor Wright,6,50,25,0.0
Archpray Inc.,1,4530,404,3.93
Arclight Creations,1,714,179,5.52
Arctic Anteater,1,36,46,10.22
Arctic Fox Game Studios,1,25,8,0.0
Arctic Hazard Game Studio a/s,1,180,153,0.28
Arctic Sky Games,1,11,2,0.0
Arctic Studio,1,159,130,1.05
Arctic Theory,1,28,24,0.0
ArcticFox223,1,21,9,0.0
Arcturus,1,9,2,0.0
Arcupion Art,2,104,126,0.25
Ardoetia Productions,1,4,1,0.0
Ardyn,1,2,0,0.0
Area 1,1,1,1,0.0
Area64 Productions,1,2,0,0.0
Area88 Games,1,0,3,0.0
ArenaDev,1,133,17,0.0
ArenaNet®,1,37,3,0.0
Areo Gaming,1,126,87,0.53
Ares Dragonis,2,1364,548,0.935
"Ares Game Co., Ltd.",1,85,409,1.52
Areta Watanabe,1,6,2,0.0
Argali Entertainment,1,66,37,0.0
"Argali Entertainment, Wonderland",1,382,42,2.98
Argent Games,2,802,50,1.135
Arglefumph,1,56,3,0.0
Argo Games,1,7,42,0.0
Argonautics,1,202,75,0.0
"Argonauts Interactive, Collectif Nemoïd",1,156,97,0.42
Argonwood,1,661,255,7.7
Argus Games,3,299,153,0.4833333333333334
Aric Morrow,1,2,3,0.0
Aridide Production,1,4,1,0.0
Ariel Spry,1,2,3,0.0
Arif Games,1,211,13,0.0
"Arigatonasu, GHS Game",1,38,39,0.0
"Arik Games, Edo Brenes",1,114,24,1.25
Arimac Lanka Private Limited,1,135,46,0.0
Arise,1,41,34,0.02
Aristotelis Giannakopoulos,1,22,13,0.23
"Arjan van Meerten, House of Secrets",1,34,13,0.12
Arjuna Games,1,11,3,0.0
ArkHouse,2,72,30,1.485
Arkane Studios,8,228105,23398,11.64
"Arkane Studios, Machine Games",1,189,191,0.25
Arkavi Studios,1,78,316,2.2
Arkedo,2,3317,601,2.43
Arkenstone Games,1,1,8,0.0
Arkhamsoft,1,2,0,0.0
Arkhouse Telegraph,1,12,10,0.0
Arkraptor,1,3,6,0.0
Arkuda Inc.,1,75,17,0.0
"Arli Tuominen, Amelie Berthome, Joël Cancela Vaz, Kallan Dautriche, Malo Hilliard, Corentin Lheriaud, Bastien Ollivo, Arthur Pernot, Maxime Pointet, Fabien Quibreteau, Arttu Tuovinen, Augusto Gómez Eguíluz, Niall McShane, Michael Callagh",1,18,5,0.13
Arm and Leg Studios,1,19,6,0.0
"Arman Nobari, Vault Labs",1,23,5,0.0
Armarti,1,4,0,0.0
Armatur Games,2,94,53,0.0
"Armature Studio, LLC",1,1178,1606,3.5
"Armature Studio, LLC, Comcept",1,962,575,7.37
Armin Rigo,2,34,3,0.0
Armitage Games,1,114,35,0.47
Armnomads LLC,1,89,36,4.35
Armor Games Studios,1,198,32,2.77
"Arnaud De Bock, Rémi Forcadell, Alan Zucconi, Calum Bowen",1,9576,425,3.63
Arrible,1,11,9,0.0
Arrogant Pixel,1,71,4,8.67
Arrogant Pixel LTD,1,36,2,0.0
Arrow Games,1,52,8,0.0
Arrowhead Game Studios,3,63517,9251,10.139999999999999
Arrowiz,2,1630,381,6.33
Ars Creativa,1,17,27,0.18
Ars Goetia,1,392,56,8.8
"Arsi ""Hakita"" Patala",1,165867,3884,30.77
"Art Co. Ltd, PQube",1,37,29,0.08
Art Games,1,59,20,4.08
Art Games Studio S.A.,1,305,98,1.9
Art Of Adventures,5,15,37,0.0
Art in Heart,2,1163,285,1.52
ArtPlay,1,36999,2486,20.57
ArtVostok,1,207,23,0.0
Artalasky,2,178,115,0.8400000000000001
Artdink,1,1569,397,16.73
"Artech Digital Entertainment, Ltd.",1,3,0,0.0
"Artech Digital Entertainments, Inc, Accolade, Inc",1,1,0,0.0
Artech Studios,1,60,31,7.17
Artefact Assembly,1,4,0,0.0
Artefacts Studio,10,41556,7731,7.63
Artem Kotov,2,195,37,3.765
Artematica Entertainment,1,89,109,0.03
Artemis Computer Technologies,1,2,0,0.0
Artepi Corporation,2,29,38,0.0
Artery Games,2,1363,302,0.875
Artic Wolf Games,1,10,4,0.0
Artifex Mundi,17,15970,1921,4.088823529411765
Artifice Studio,2,1811,283,3.68
Artificer Cascadia,1,7,3,0.0
Artificial Worlds,1,21,2,0.0
Artii Games LLC,1,59,6,0.0
Artisan Studios,2,976,358,6.675
"Artisiti, Studio Vrtinec",1,11,18,0.02
Artists Entertainment,1,85,27,1.0
"Artists Entertainment, Nutty Wizards",1,37,11,0.0
"Artix Entertainment, LLC",1,7584,1702,21.65
Artless Games,2,723,74,4.06
Artnumeris,1,24,82,0.07
Artogon,2,61,7,0.0
"Artogon, Jetdogs Studios",1,222,155,20.28
Artplant,2,562,225,37.95
"Arttu Tuovinen, Alan Bourhis, Michael Callaghan",2,38,26,0.2
Artur Berkowski Berobasket,1,23,3,0.0
"Artur Games, Music by Darkman007",1,688,110,2.72
Artur Mandas,1,37,51,2.65
Artur Petrov,1,1,0,0.0
Artur Rezende,10,227,93,0.58
Arturo Buschmann,1,14,0,0.0
Artyom Laletin,1,57,21,0.55
"Arvi Teikari, Roope Mäkinen",1,1228,242,4.83
Arvur,1,21,22,0.07
Arvydas Žemaitis,1,114,61,0.0
Arzola's,2,944,66,2.52
Asakiyumemishi,2,316,78,3.125
Asantee Games,1,1376,79,0.0
Ascanio Entertainment,1,96,35,3.72
Ascaron Entertainment ltd.,4,1814,496,11.635
"Ascend Digitally, Alejandro Navarro",1,39,8,0.0
Ascendancy Games,1,14,3,0.0
Ascendence Studios,1,10,15,0.0
"Asephy, Dementori, Jchoco",1,1016,33,0.0
Aserisoft,1,8,6,0.0
Asgar Knights,2,439,100,10.934999999999999
"Asger Heinricy, Juan Sevenster, Naga Lalith Shashank Jonnabhotla, Daniel Escobar, Ada Grünbaum, Ashley Wright, Aidan Alan Wright, Esam Din, Alexander Lindgren",1,0,1,0.0
Ash & Patch Games,1,2,0,0.0
Ash Game Studio,1,182,48,0.07
Ash and Rust Studios,1,43,14,0.22
Ashdar Games,1,621,166,3.07
"Ashkandi, Truthkey",1,225,59,0.0
Ashley Moore,1,1,0,0.0
"Ashley Roesler, Cody Dowell, Weston Straw, Ashton Damrel",1,10,3,0.0
AshumArcade,1,12,0,0.0
AsicxArt,4,17638,982,18.8075
Askar Lutfrakhmanov,1,0,2,0.0
Askiisoft,1,69672,1397,7.13
Aslan Game Studio,2,143,51,0.0
Asmodee Digital,1,408,263,2.85
Asmodev,2,77,8,0.04
"Asobism.Co.,Ltd",1,1497,159,16.48
Asobo Studio,3,111865,18049,66.53666666666666
"Asobo Studio, Hip Games",1,147,118,2.85
Ason,1,98,53,0.0
Aspyr,3,2325,502,2.066666666666667
Aspyr Studios,1,4692,2696,5.43
Assemble Entertainment,2,277,95,5.175
"Assemble Entertainment, High Voltage Software",1,567,158,2.77
"Assemble Entertainment, Sierra Entertainment",5,458,144,0.628
"Assemble Entertainment, Sierra Entertainment, N-Fusion Interactive",1,220,75,0.15
Asset Flip Studio,2,90,119,2.24
"Asteristic Game Studio, Anthony Septim",1,2550,258,4.23
Asteroid Base,1,3595,271,5.35
Asteroid Game Studio,2,1279,175,6.365
Asteroid Lab,1,2906,387,6.1
Astonia Reborn,1,90,49,0.0
Astral Candle,1,5,1,0.0
Astralax,1,14,3,0.0
Astralis Games,2,411,183,0.0
Astravelari LLC,1,192,41,0.0
Astrobot,1,4,3,0.0
Astrodition Development,1,2,1,0.0
Astrofish Games,1,24,9,0.0
Astroknight Games,1,20,0,0.0
Astrolabe Interactive Inc.,1,31,6,0.0
Astronomic Games,12,1135,530,2.5233333333333334
Asylum Entertainment Inc.,1,332,1810,1.75
Asylum entertainment,1,115,49,0.02
Asymmetric,1,9536,222,15.3
AtGames,1,7,8,0.0
"Ata Türkoğlu, Canberk Demir",1,142,46,1.68
Atahan Öztürk,1,8,4,0.0
Atansoft,1,13,2,0.0
Atapki,3,124,120,0.9666666666666668
Atarei,1,4,0,0.0
Ataverti,2,47,20,0.0
Ateam Entertainment Inc.,1,811,278,143.42
Ategig,1,160,16,0.0
Atelier 801,4,28150,4604,15.18
Atelier ATIC,1,3,0,0.0
Atelier Choice,1,257,34,6.82
Aterdux Entertainment,3,1550,586,12.666666666666666
Aternis Level 0,1,25,66,0.0
Athena Works,1,3446,481,3.42
"Atixx, ClorithStudio",1,37,13,4.55
"Atlas V, Novelab, Google Arts &amp; Culture",1,142,9,0.0
"Atlas, Daz",1,151,77,0.0
"Atmos Games, LLC",1,2255,271,3.03
"Atmos Games, LLC, Serenity Forge",1,799,125,4.35
Atmosphere Entertainment Studios,1,6,48,5.6
Atom Republic,1,172,281,0.45
Atom Void,1,320,23,15.32
Atom studio,1,2,2,0.0
AtomTeam,2,12428,2647,36.175
"Atomic Fabrik, Cristian Manolachi",1,265,79,4.77
Atomic Jelly,1,261,158,1.4
Atomic Kaiser,1,24,28,0.0
Atomic Kraken,1,366,271,2.13
Atomic Planet,1,13,9,9.08
Atomic Raccoon Studio,1,26,1,0.28
Atomic Sun Games,1,0,2,0.0
Atomic Wolf,1,99,22,1.9
"Atomic Wolf, L.INC",1,632,180,1.53
AtomicTorch Studio,3,5511,1631,11.233333333333334
Atomicom Limited,1,49,59,3.58
Atomizer Games,1,16,7,0.0
Atooi,3,1108,357,2.9466666666666668
Atorasoft,1,13,0,0.0
Atorcoppe Games,1,776,139,4.87
Atreyu Games Pty. Ltd.,1,27,4,0.0
Attack Move,1,7,0,0.0
Attack Studio,5,94,4,0.0
Attainable Entertainment,1,139,17,1.02
Attic Door Productions,1,181,12,4.62
Attic Entertainment Software,1,3,3,0.0
Attraction Studios,1,37,15,0.0
AttritoM7 Productions,1,24924,6706,10.83
Attu Games,1,644,258,2.52
Atum Software,3,283,180,4.746666666666666
Atypical Games,3,817,241,2.236666666666667
"Aubrey Isaacman, Jared Pettitt, Andrew Gwinner, Caleb Valdez, Evie Chang, Gangjun (Jun) Ha, Gio Benedetti, Liam Dugard, Maxwell Taylor, Nathaniel Kevin Suriawijaya, Noriaki Nakano, Raymond Reedy",1,134,21,0.0
Augmade Ltd,1,45,4,0.0
Augmented Irreality,1,33,10,0.0
Auld Games,1,25,1,0.0
AuraLab,1,301,66,3.93
Aurelien Regard,1,193,78,0.4
Aurelien Regard Games,1,100,95,1.75
Auren Snyder,1,358,71,0.0
Aurimas Drungilas,1,12,1,0.0
Auroch Digital,4,3121,820,5.692500000000001
Aurora - Mídia & Games,1,21,2,0.0
Aurora Studio,1,74345,25492,22.32
Aurox Studios,1,41,3,0.0
AurumDust,1,2479,882,15.43
Austin Boucher,1,1,0,0.0
AutPlay,1,12,5,0.0
Autarca,2,205,86,5.39
AutoAttack Games,1,11713,1837,96.22
AutoRotate180,2,55,38,0.0
"Autobotika, Game Nation Inc",1,41,40,1.3
"Automata Source, Quirkafleeg",1,64,48,0.45
Autonomic Interactive,2,80,76,3.125
Autotelic Games LLC,4,588,296,32.0425
Autotivity Entertainment,1,32,13,0.0
Autumn Knight,1,61,27,0.0
Autumn Moon,1,46,40,0.07
"Autumn Moon Entertainment, Jordan Freeman Group",1,162,62,1.85
Autumn Rain,1,222,5,0.0
"Autumn VR, Melcher Studios",1,5,2,0.0
Autumn's Dawn,1,1,0,0.0
Avalanche Software,5,2800,1054,2.8939999999999997
"Avalanche Software, Heavy Iron Studios",3,1978,242,41.666666666666664
Avalanche Studios,7,262659,45729,57.417142857142856
Avallon Alliance,1,558,432,19.85
Avalon Digital,2,52,42,0.0
"Avalon Digital, Cyril Jarnot",1,236,33,0.28
Avant Games,1,56,34,0.0
Avasion,1,23,13,0.0
Avatar Creations,1,572,220,8.62
Avelar Studios,2,74,51,0.0
Avelog,1,112,52,0.0
Avenal Investments Ltd,1,0,1,0.0
Avenbyte,1,37,7,0.0
Aventale Games,1,13,1,0.0
Aventy's team,1,31,4,0.0
Average Games,1,107,28,13.85
"Avi Rosenblum, Bryant Jay",1,1,0,0.0
Avidly Wild Games,1,601,131,11.47
Avisgames,1,0,1,0.0
Avix Games,1,459,24,0.0
AvoCavo,1,4523,167,0.6
AvrillionArts,2,1,3,0.0
AvvaNextGen,1,8,1,0.0
Awaceb,1,83,49,1.43
Awe Interactive,1,10091,1023,6.8
Awem Studio,1,50,7,0.1
Awesome Enterprises,2,111,118,3.49
Awesome Games Studio,4,7855,1345,2.8225
Awesome Stuff Software,1,6,2,0.0
AwesomeBlade,1,1419,520,2.82
AwesomeLeak,1,7,1,0.0
Awfully Nice Studios,1,1080,114,1.87
Awoker Games,3,1091,244,3.0766666666666667
Axe Games,3,87,85,0.0
Axel Sonic,3,248,51,0.9933333333333333
Axelgraphicworks,1,1,1,0.0
Axias,1,107,1,0.0
Axis Games,3,449,196,3.15
"Axol Studio, LLC",1,17,22,3.47
Axolot Games,1,104512,8771,50.88
Axoma Games,1,1,1,0.0
Axon Genesis,1,40,4,0.0
Axoora,1,7,6,0.0
Axyos Games,4,1236,1167,2.005
"Axyos Games, Feas",1,287,50,0.0
"AyDream Co., Ltd.",1,603,241,0.38
Aya Game Studio,1,16,1,0.0
Ayacat Games,1,3432,173,3.83
"Aydy, Nikolay Kulesh",1,561,147,2.98
Ayrik,1,36,13,0.0
Ayrtech,1,75,12,0.0
"Ayrton, Rafael and Vicente",1,25,0,0.0
AzDimension,1,83,23,0.0
Aza Game Studio,1,15,15,0.0
Azarashi no Yakata,1,0,1,0.0
"Azorian, kron0s_alexey, Pavel_Balakin",2,26,23,0.0
Azuma,1,1,0,0.0
Azure Flame Studio,1,6854,984,13.88
Azure Mountain,1,275,1,0.0
Aéronie,1,24,9,4.2
B,1,14,2,0.0
"B Michael B, ChainWave Games, Blake Gillman",1,1219,433,1.02
B-Bits,1,2,3,0.0
B-Deshi Interactive,1,8,1,0.0
"B-Side Games, David J. Franco",1,25,25,0.0
B.H.C.M. Studio,1,19,4,0.0
B.V.S,1,1,3,0.0
B2Expand,2,78,59,0.135
B4T Games,2,529,283,0.535
B52 Development Team,1,1014,48,1.15
BADGAMES,1,10,3,0.0
BAKENEKO GAMES,1,20,22,0.0
"BALABER1YL, B52 Development Team",1,15,1,0.0
BANDAI NAMCO Entertainment Inc.,2,4263,760,19.74
BANDAI NAMCO Studio Inc.,2,7483,1891,9.435
"BANDAI NAMCO Studio, SHIFT, QLOC",1,3524,1015,8.5
BANDAI NAMCO Studios Inc.,9,119455,23306,13.712222222222222
"BANDAI NAMCO Studios Inc., Dimps Corporation",1,11147,2394,10.82
"BANDAI NAMCO Studios Vancouver, Hipster Whale, 3 Sprockets",1,1927,158,3.93
BARCHboi,1,15,3,0.0
BARS STUDIOS,1,66,15,0.0
BATOVI Games,1,262,32,0.45
BATTLESQUATCH,1,33,14,0.0
BAY GAMES,1,16,10,0.0
BBB Games,2,79,61,0.0
BBC Media Applications Technologies Limited,2,577,149,0.135
BBC Media Applications Technologies Ltd,1,145,26,0.0
BBG,1,8,19,0.0
BBG Entertainment GmbH,2,108,24,0.425
BBQ Games,2,126,81,1.95
BBQ大好き,1,250,72,4.07
BBR,1,43,10,0.0
BBstudio Inc.,2,3040,1028,6.9
BCETracks,1,2,0,0.0
BD MINIGAMES,1,1,3,0.0
BD Studio Games,2,11,0,0.0
BDAYGAME.COM,1,127,18,0.0
"BEHEMUTT, Kishimoto Studios",1,523,141,3.9
BEKoshi,1,7,20,0.0
"BEPLAYER, Art Games Studio S.A.",1,288,87,4.02
BIFROST CLOUD PTE. LTD.,1,104,3,0.0
BIG WOOD GAMES,2,10,13,0.0
BIG4 Game Studio,1,2,0,0.0
BINGOBELL,1,50,27,0.0
BITach,1,193,21,0.0
BJ Studio,1,2,2,0.0
BKNLab,1,202,8,0.0
BKOM Studios,1,1365,603,13.4
BL-Logic,1,318,57,1.43
BLACK MAGIC,1,10,1,0.0
BLESTWORKS,1,542,47,1.35
"BNA Studios, LLC",1,523,247,1.28
BODROID,1,1,4,0.0
BOGILOM,1,8,4,0.0
BOHDOKUMEN.,1,1,3,0.0
BOMDING TECHNOLOGY,1,3,1,0.0
BOMHAT and Ezyn,1,8,6,0.0
BOOMERANG,1,2,1,0.0
"BOT Jungle Productions, Evan Davis, Bryce Davis, Gehrig Gosslin",1,207,35,0.63
BOV,1,192,10,0.0
BP,1,92,30,0.0
BRHP,1,100,68,4.35
BRINK XR,1,131,16,0.62
BRUNOARTS Entertainment,1,2,4,0.0
BRUTAL SOFTWARE,1,1380,318,2.57
BRUTE FORCE,1,901,121,2.37
BS STUDIOS,1,204,38,0.0
BSK Games,1,272,157,4.72
"BSO, BSA",1,2,0,0.0
BT Studios,3,91,44,1.2766666666666666
"BTD STUDIO Co.,ltd.",1,56,40,3.08
BTNcafe,1,117,29,6.17
BUG DUCK GAMES,2,73,45,0.0
BUG-Studio,4,132,79,0.23
BUGBEAR,1,1054,678,2.17
BULKHEAD,3,16855,7697,7.403333333333333
BURRIK,2,118,84,0.0
BUSAN SANAI GAMES,2,144,40,2.365
BVG Software Group,1,0,1,0.0
BWI Games,1,7,2,0.0
BXTT studio,2,1,3,0.0
BYKING,1,3174,433,9.88
BYU Animation -  Class of 2016,1,69,28,0.23
BYU Animation -  Class of 2017,1,252,84,0.63
BYU Animation -  Class of 2018,1,39,45,0.0
BZKG Games,1,1,1,0.0
Baba Nura,1,175,27,0.0
Baba Yaga Games,2,898,99,3.005
Babooshka Bytes,1,2,0,0.0
Baby Bison Games,1,56,31,0.87
"Baby Dave, Mixtape",1,5,4,0.0
Bachosoft Studios,1,22,16,0.0
Back To Basics Gaming,1,671,373,3.68
BackSnow Games,1,10,8,0.0
Backburner Games,1,21,12,0.0
BacklotRealities,1,35,14,0.0
"Backwoods Entertainment, Application Systems Heidelberg",1,857,118,12.8
Bacon Bandit Games,2,869,74,5.575
Bacon Wrapped Games,2,188,22,0.8999999999999999
Bacq Stellan,4,130,99,1.195
Bacronym,1,241,123,1.02
Bacus Studios,1,44,71,0.0
Bad Bird Studios,2,435,65,2.0
Bad Button Studio,1,26,41,0.0
Bad Coffee Games,3,330,45,2.65
Bad Days Game Studios,1,10,4,0.0
Bad Dream Games,1,840,126,1.72
Bad Fox Studios,1,76,32,0.0
Bad Gravity,1,7,0,0.0
Bad Kid Games,2,52,12,0.0
Bad Kids Games,2,27,11,0.0
Bad Logic Studios,3,14,10,0.0
Bad Minions,1,91,33,0.97
Bad Panda Games,1,0,8,0.0
Bad Pixel,2,29864,9331,18.775
Bad Seahorse,1,760,38,0.0
Bad Seed,3,350,135,1.7233333333333334
Bad Vices Games,1,35,25,0.0
Bad Viking,2,12771,796,4.41
Bad Yolk Games,1,1115,199,6.73
"BadFly Interactive, a.s.",3,5337,1832,4.83
BadMudStudio,1,34444,2563,40.62
BadWolf Games,5,264,162,1.074
Badim,1,54,31,0.0
Badland Development Studio,1,185,73,1.78
Badland Studio,1,270,1283,5.08
"Badru, Michael Bell, Zoe Vartanian, Adam Murgittroyd, Meagan Malone, Jeffrey Klinicke, Shadie Hijazi, Jacob Leach, Aron Miller, Isa Hutchinson",1,263,173,0.97
Bae Team,1,282,184,4.17
BagelMaster5000,1,20,1,3.12
Baggy Cat Ltd.,2,5691,330,2.325
Bahman Aminipour,1,140,28,0.0
Bailey Snyder,1,2,0,0.0
BaileyHausdorff Systems,1,286,40,0.0
BajoGames,1,7,7,0.0
Baked Games,2,4565,604,4.5
Bakershah,1,82,32,5.1
Bala Vicknesh,1,11,0,0.0
Balancing Monkey Games,1,1283,354,4.03
Balazs Hrabacsik,1,175,28,0.0
Balbod,1,24,2,0.0
Balcony Softworks,2,977,237,9.094999999999999
Baldur Games,1,44,55,4.48
BaleYc Studios,1,147,67,0.0
Balio Studio,1,12,0,0.0
Ball Bounce Partnership,1,1,0,0.0
Baller Industries,1,6,27,0.0
Ballista Studios IVS,1,85,32,2.57
Ballistic Frogs,1,135,22,2.67
Ballistic Interactive,1,1507,694,8.55
Balti Calarasi,1,411,586,7.02
Baltica Games,1,21,5,0.0
Bambuseae Games,1,158,103,0.27
BambuseaeGames,3,1280,408,2.0433333333333334
Bamtang,1,4,11,3.6
"Banana Bird Studios, LLC",1,386,52,1.25
Banana Bytes,1,95,0,1.9
Banana Pizza Games,1,2,0,0.0
"BananaKing, 台灣香蕉王",1,431,178,1.78
Banco,1,20,2,0.0
BancyCo,1,1170,579,2.68
Bandage and Go,1,1,0,0.0
Bandai Namco Forge Digitals Inc.,1,5285,817,85.28
Bandai Namco Studios,1,48327,8991,20.52
Bandai Namco Studios Inc.,3,72702,10474,15.0
BandanaKid,1,26,7,0.0
Bandit Visual Games,1,31,2,5.38
Bandit-1,1,188,93,2.67
Bane Games,1,434,87,3.88
Bankroll Studios,1,23689,7469,69.68
Baobab Studios Inc.,1,166,23,0.28
Baptiste Degryse,1,1,2,0.0
"Baptiste Degryse, Colombe Sechehaye, Brayan Delmée",1,2,3,0.0
Bar Holographic Otaku,1,361,33,4.13
Bar Yaari,1,9,0,0.0
"Barbedwire Studios, Digitalmindsoft",1,19837,3974,52.22
Bare Mettle Entertainment,1,10132,2214,17.42
Bark Bark Games,1,1871,71,1.42
Barkers Crest Studio LLC,1,134,33,4.58
BarkeyGames,1,15,32,0.0
Barking Dog Studios,1,264,16,37.55
Barlow Studio,2,43,33,0.0
Barnes,1,268,173,4.67
BarneyJia,1,19,6,0.0
Barnstorm Games,1,251,53,10.73
"Barnyard Intelligence Games, Crystal Labs",1,29,6,3.37
Baronnerie Games,1,353,43,0.0
Baroque Decay,2,10529,608,4.6049999999999995
Barrel Roll Games,1,17137,2143,4.93
Barspin Studios,1,342,263,0.2
Bart Bonte,1,118,3,0.0
Bartoluw Game,1,12,6,0.0
Bartosz Bialek,1,5,0,0.0
Bartosz Bojarowski,2,199,114,3.71
Bartoš Studio,2,92,10,0.06
Barty Games,1,7,6,0.0
Bartłomiej Sapalski,1,2,0,0.0
Basaltic studio,1,1139,577,0.28
Basecamp Games,1,140,60,2.05
Baseline Games,1,63,42,0.15
Baser Software,1,46,28,0.0
Basically Games,1,7265,172,2.85
Basilisk Games,3,512,94,0.49666666666666665
Bastienre4,1,27,3,0.0
Bastion Studio (FR),1,19,3,0.0
Bat Byte,1,27,17,0.0
"Bat Country Games, LLC",2,401,108,2.67
BatWorks Software,1,322,3,0.0
Batholith Entertainment,2,287,128,27.465000000000003
Battenberg Software,3,240,38,2.5166666666666666
Batterystaple Games,1,2307,229,8.42
"Batterystaple Games, Fire Hose Games",1,4021,377,9.33
Battle Factory,1,10,2,0.0
"Battle Factory, HexWar Games",1,10,2,0.0
BattleByte,1,20,14,10.7
BattleCare Inc,1,47,14,0.0
BattleGames,1,81,103,4.18
BattleGoat Studios,6,1607,594,5.8133333333333335
Battlecruiser Games,3,4111,860,3.66
Battlefront,3,1235,291,17.436666666666667
Battleham,1,239,37,0.0
Batuhan Ertan,1,18,1,0.0
Batuhan Guner,1,5,8,0.0
Batuhan Necati Keleş,1,9,8,0.0
Bauschan Gamez,1,3,0,0.0
Bawu Team,2,1032,70,0.0
BaxGames,1,45,7,0.0
Bayun,1,2,1,0.0
Bazitov Mikhail,1,223,112,1.03
Bazooka Tango,1,962,371,8.08
BeHappy Studios,1,460,488,3.43
BeTomorrow,1,66,9,0.3
BeWolf Studio,1,12,1,0.0
Beach Day Studios,1,1,0,0.0
"Beach Interactive, Close Studios",1,97,57,2.62
BeagleGames,1,41,11,4.93
Beam Software,3,319,111,2.7100000000000004
"Beam Software Pty., Ltd.",1,175,41,0.97
Beam Team Games,1,34118,11710,14.53
BeamNG,1,313873,8405,95.4
Beamdog,6,43420,4542,36.85166666666667
"Beamz Interactive, Inc.",1,10,3,0.0
Bean Boy Games,2,215,22,1.5150000000000001
Bear & Cat Studio,1,725,81,5.12
Bear Gears Studio,1,1,0,0.0
"Bear's Games Base, Yugo Matsuzawa",1,2,0,0.0
BearFighterDev,1,45,27,0.0
Beard Envy,1,615,99,4.98
Bearded Games,1,0,1,0.0
Bearded Giant Games,2,67,33,0.0
BeardedBrothers.games,2,366,149,12.93
Beardlings LLC,1,34,4,0.0
Beardman Studios,1,10,0,0.0
Beardserk,1,7,28,0.0
Bears &amp; Guts,1,14,3,0.0
BearsCom Games,1,1,0,0.0
Bearwaves,1,196,22,0.0
Beast Games,1,210,37,4.08
Beast Mode Games,1,102,20,0.0
Beast Of World,2,10,11,0.0
Beat Games,1,71341,3271,31.27
Beat-Fu Studio,1,36,10,0.0
Beatnik Games,1,195,96,1.63
Beatrice,1,36,5,0.0
Beatshapers,2,245,67,2.74
Beatsie Boys,1,13,8,0.0
"Beau Blyth, Doseone",1,413,33,1.88
"Beau Blyth, Nelson Boles, Valentin Seiche, Doseone, Adam Robezzoli, Evan Hemsley, YellowAfterlife",1,594,37,5.35
BeautiFun Games,3,2726,368,2.34
Beautiful Glitch,3,18845,1150,4.526666666666666
Beaver Drummer,1,2,2,0.0
Beavis Soft,1,125,35,0.12
Beawesome Games,1,4827,2465,7.37
Bebop Games,1,560,150,0.0
Because Because Games,1,9,2,0.0
Because I Can,1,94,71,4.88
Beckoning Cat,1,9,0,0.0
BeconGamesCorp,1,7,9,0.0
Bedlam Games,1,148,342,2.73
Bedtime Digital Games,3,7737,1331,3.033333333333333
Bedtime Phobias,1,189,31,0.43
Beem Media,2,35,10,0.0
Beenox,1,2328,245,4.53
"Beep Games, Inc.",1,504,40,7.37
"Beep Games, Inc., Tribetoy",1,70,12,0.0
Beep2Bleep,1,5,1,0.0
Beep2Bleep.com,1,4,1,0.0
Beer Night Studio,1,269,151,5.32
Beethoven and Dinosaur,1,1554,128,3.08
BeetleFish Studios,1,58,35,0.82
Beetlewing,1,2000,154,17.75
Behaviour Interactive,1,87,17,0.37
Behaviour Interactive Inc.,4,636754,173330,57.3925
Behold Studios,4,9302,1557,6.2575
Behtam Developer,1,2,9,0.02
"BeiJing FlyDream Interactive co.,ltd",1,13,18,0.0
"Beijing AMPBox Technology Co., Ltd., Slay.one",1,76,63,2.3
"Beijing AmazGame Age Internet Technology Co., Ltd.",1,308,139,0.0
"Beijing ECG Technology Co., Ltd.",1,39,29,0.0
"Beijing Elysium Interactive Technology Co.,Ltd.",1,32,28,0.0
"Beijing Hydra Technology Co., Ltd.",1,4,3,0.0
"Beijing Lanxii Play Technology Co., Ltd",1,14,10,0.0
Beijing LightingFire,1,7,4,0.0
"Beijing Litchi Culture Media Co., Ltd.",2,6143,1069,5.65
"Beijing Omnicity Technology Co., Ltd.",1,3,8,0.0
"Beijing Pixel Software Technology Joint-Stock Co.,Ltd.",1,458,238,0.72
Beithesda,1,2,0,0.0
Bekho Team,1,236,53,4.85
BekkerDev Studio,4,428,189,3.4924999999999997
Beldarak Games,2,93,29,1.675
Belka VR,1,17,18,0.0
BelleGames Ltd.,1,1,1,0.0
Belleal Games,1,24,5,64.58
Below the Game,1,232,48,1.2
Ben 'Yahtzee' Croshaw,1,378,20,0.0
"Ben 'Yahtzee' Croshaw, Collected Worlds",1,257,45,1.77
"Ben Albright, Brandon Chandler, Joyce Oldham, Gregory Potter, Alexander Zupo",1,0,1,0.0
"Ben Allen, Miroko",1,68,6,0.0
Ben Aprigliano,2,60,76,3.44
"Ben Aprigliano, Stefan Evers",1,23,31,3.53
Ben Barefoot,1,2,0,0.0
Ben D'Angelo,1,6,2,0.0
Ben Esposito,1,9683,862,3.43
Ben Fredericks [Collaborations],1,17,14,0.0
Ben Hendel-Doying,1,21,5,0.0
Ben Lega,1,229,14,0.0
Ben Lovegrove,1,2,7,0.0
Ben Nichols,1,1371,97,0.0
Ben Olding Games,1,423,34,0.15
Ben Outram,1,8,2,0.0
Ben Phillips,1,6,2,0.0
Ben Schwartz,1,12,3,0.0
Ben Thomas,1,21,5,0.0
BenStar,1,1863,399,10.55
Bencin Studios,1,1,0,0.0
Bend Studio,1,95697,7446,41.62
"Benedict Fritz, Greg Wohlwend, Joel Corelitz, David Laskey, Jenna Blazevich",1,162,48,2.08
Benedict Ide,1,71,0,0.0
"Benjamin ""ThingOnItsOwn"" Hauer",1,4287,1082,15.62
Benjamin Berglund,1,22,22,0.13
"Benjamin Boese, Zephyrus Mckinnon, David Clark",1,0,2,0.0
Benjamin Famiglietti,1,25,16,3.33
Benjamin Rommel Games,3,109,104,0.38999999999999996
Benjamin Schade,1,54,6,0.0
Benjamin Soulé,1,42,3,0.0
"Benjamin Soulé, Mathieu Leyssenne, Yoann Laulan",1,162,40,6.13
Benjamin Stark,1,3,0,0.0
Benn Powell,1,24,1,0.0
Bennett Foddy,1,63479,13524,5.63
Bento Studio,1,35,12,0.0
Bento-Studio,1,95,21,2.52
Berezka,1,225,93,3.63
"Beribo Games, Rakarnov",1,10,17,0.0
Bermuda Computer Club,1,7428,6110,131.18
Bernackels,1,20,12,0.0
Bernard Bell,1,0,3,0.0
Bernhard Potuzak,2,23,16,0.0
Bernt Andreas Eide,1,990,644,1.22
Berry Berry Niceu,1,23,3,0.0
Berserk Games,1,66735,3925,45.37
Berserker Interactive,1,4,2,0.0
Berzah Games,2,457,136,1.035
Berzerk Studio,3,24945,935,44.88333333333333
Besedka Games Studio,1,171,57,30.78
"Beshu, GoldfishFlap",1,8,2,0.0
Best Friend Games,2,52,8,0.0
Best Gaem Studio,1,89,61,0.27
Best Way,2,1738,255,13.015
"Best Way, Digitalmindsoft",1,3261,357,20.1
BetaDwarf,3,60722,7631,20.183333333333334
Betamaximus-128,2,71,31,0.0
Bethesda Game Studios,11,1237489,174457,48.25727272727273
Bethesda Softworks,2,228,114,0.615
Better Than Life,1,75,21,0.15
Bevan McKechnie,1,2013,63,4.6
Bew Games,1,22,3,0.0
Beyond Fun Studio,1,77,18,1.57
Beyond Games,1,8,8,0.0
Beyond Technical Inc.,1,24,10,0.0
"Beyond-Limits-Games, FCG",1,131,26,4.75
Beyter Games Studio,1,2,5,0.07
BeyterGamesStudio,1,10,16,0.0
Bezbro Games,1,3294,710,0.0
Bharal,1,2,0,0.0
Bi Kun,1,0,2,0.0
"Bianca Mello, Luciano Mello",1,8,2,0.0
Biart,1,60,161,0.0
Biart Company LLC,1,730,257,3.77
Bidoniera Games,1,28,6,0.0
Biduba Version,1,24,7,0.0
"Big 3 Software, Gebr. Schmitz GbR",1,2,1,0.0
Big AB Games,1,61,9,0.0
Big Ant Studios,13,6436,1492,7.8753846153846165
"Big Ant Studios, Crosse Studios",1,88,20,0.0
Big Bad Wolf,1,4469,869,52.43
Big Blaze Games,1,2,0,0.0
Big Blue Bubble,2,40245,2806,11.395
"Big Blue Studios, GameHouse",1,42,31,0.0
Big Boat Interactive,2,1766,178,2.625
"Big Boot Stoodts, LLC",1,44,17,0.0
Big Cheese Studio,1,15767,2840,7.12
Big Corporation,1,32796,1633,4.82
Big Cow Studios,1,159,8,0.0
"Big Cube Interactive, LLC",1,1421,310,2.58
Big Daddy's Creations,1,77,40,0.93
Big Deez Productions,1,137,36,0.1
Big Fat Alien,1,3919,699,3.55
Big Fat Cat Studio,1,83,48,0.0
Big Fat Simulations Inc.,5,1010,235,3.214
Big Finish Games,1,1126,167,5.13
Big Fish Games,9,772,128,4.507777777777778
Big Fish Studios,5,321,93,2.25
Big Flag Studio,1,8,4,0.0
Big Fun Games,1,33,10,0.0
Big Green Pillow,1,151,45,3.1
Big Hat Games,1,89,44,0.0
Big Head Games Ltd,1,400,231,3.33
Big Head Games Ltd.,1,117,42,0.0
Big Huge Games Inc,1,265,105,0.85
"Big Huge Games, 38 Studios",1,11366,1553,21.65
Big Kitty Games,1,630,227,10.47
Big Loop Studios,2,145,35,3.275
Big Moustache Games,2,321,194,0.41
Big OOF Games PTY LTD,1,1176,426,0.0
Big Pixel Studios,1,77,18,1.3
"Big Red Button Entertainment, Inc",1,3,1,0.0
Big Red Eight,1,110,84,0.68
Big Robot Ltd,2,3763,1211,13.16
"Big Sandwich Games, Stratecade LLC",1,840,198,2.0
Big Scorch,1,20,2,0.0
Big Sir Games,1,106,5,0.15
Big Sky Software LLC,1,45,1,0.0
"Big Splash Games, LLC",1,201,75,0.18
Big Way Games,3,1572,286,2.2100000000000004
BigAnt Studios,1,35,29,7.17
BigBlaze Games,2,82,76,2.16
"BigBox VR, Inc.",2,2485,469,8.635
BigBread,1,17,4,0.0
BigBro Games,1,36,52,0.0
BigCheeseGames,1,122,39,2.72
BigFrog Studios,2,11,5,0.0
"BigLight.Games, Xbgzs",1,1029,103,12.87
BigTapir Games,1,419,65,27.88
Bigboot Studios,1,225,86,9.3
Bigbug Studio,1,285,371,0.0
Bigfingers,1,751,92,13.45
BiggestWeed,1,12,4,0.0
Bigitec Studio,1,24,5,0.0
Bigmoon Entertainment,2,2942,2321,4.8950000000000005
Bigmoon Studios,1,102,85,1.3
Bigosaur,4,738,127,2.965
"Bigscreen, Inc.",1,2669,466,4.55
Bigzur Games,2,245,210,5.075
Bikkuri Software,1,283,12,4.85
"Bil Deerbuch, Matto",1,13,5,0.0
Bill Ricardi,1,12,1,0.0
Bill and Eli Productions,1,63,16,0.0
Bill's Game,1,7,4,0.0
Billy Goat Entertainment,1,33,3,0.0
"Bimboosoft Co.,Ltd.",1,740,359,3.55
Binary Brew Studios,1,113,53,8.05
"Binary Charm, Daring Touch",1,34,4,0.0
Binary Cocoa,1,46,19,0.12
Binary Emotions,1,6,2,0.0
Binary Fortress Software,1,5,9,3.07
Binary Helix,1,14,35,0.0
Binary Impact,1,54,7,0.0
Binary Jellyfish,1,26,2,0.0
Binary Planets,1,84,112,0.15
Binary Space,1,3,1,0.0
Binary Station Studio,1,0,1,0.0
Binary Takeover,2,87,109,1.335
Binary Zoo,3,1547,124,0.9766666666666666
"Binge Gaming OU, Wastelands Interactive",1,371,300,11.98
Binogure Studio,2,874,106,4.715
"Binx Games, Croteam Incubator, Croteam",1,179,58,2.02
Binärkult,1,2,0,0.0
BioWare,12,151442,23094,25.874166666666667
BioWare Corporation,1,171,44,1.63
"BioWare, Aspyr (Mac)",1,28928,2810,14.53
Biodrone Studios,1,50,15,0.55
"Biological Systems Modeling, Alternative Software",1,34,17,0.0
"Biological Systems Modeling, Alternative Software Ltd",1,66,21,2.28
Biome Collective,1,50,22,0.0
Bionic Penguin,1,65,8,1.12
Bionic Pony,2,10,4,0.0
Bionutul,1,3,0,0.0
Bipolar Dawn,1,18,3,0.0
BirchTree,1,7,10,0.0
Bird Bath Games,1,5218,442,14.1
Bird in Sky,1,1061,69,6.1
BirdIsland/PortaPlay,1,537,145,4.7
Birdmask Studio LTD,1,1,0,0.0
Biscuit Placebo,1,14,0,0.0
Biscuit Play,2,16,27,0.0
BiscuitPlay,1,89,135,2.68
Bishop Armstrong,2,54,7,1.475
Bismuth Studio,1,663,76,3.18
Bisquit Play,1,84,65,0.0
BisquitPlay,1,88,160,2.97
Bissonho,1,36,3,0.0
Bit Bee,1,3,0,0.0
"Bit Blot, LLC",1,1312,179,1.93
Bit Byterz,1,116,43,0.02
Bit Dragon,1,462,30,5.17
Bit Gaming Studio,1,0,1,0.0
Bit Golem,1,98,57,0.33
"Bit Golem, Pancake Games, 3T Labs",1,477,115,2.15
"Bit Kid, Inc.",1,1817,678,11.78
Bit Loom Games,1,886,195,1.58
"Bit Planet Games, LLC",2,407,99,1.0750000000000002
BitBASICdev,1,0,1,0.0
BitBreak I/S,1,150,8,0.27
BitCake Studio,2,999,271,1.315
BitCutter Studios Inc.,1,20,2,0.0
BitFinity,1,269,11,0.63
"BitMonster, Inc.",2,4097,3795,8.175
Bitbeast Games,1,9872,2233,1.53
Bitbox Ltd.,1,7912,4088,61.43
Bitca,1,89,11,0.0
Bithell Games,6,12513,1249,2.135
Bitlife,1,215,11,0.0
Bitlock Studio,1,4,0,0.0
"Bitmap Brothers, Vivid Games",1,428,216,2.93
Bitmap Bureau,3,301,97,3.856666666666667
Bitmen Studios,1,132,33,0.0
Bitrich.info,1,1940,219,19.43
Bits & Beasts,1,396,133,0.38
Bitten Toast Games Inc.,2,2815,387,36.985
Bizarre Creations,2,1048,170,4.985
Bks,1,11,0,0.0
"Blacer Studio, Nikodem Swider",2,32,13,0.0
"Blacer Studio, ROOM505",1,6,5,0.0
Black Alchemy Games,1,4,3,0.0
Black Banshee Studios,2,30,25,0.0
Black Cactus,2,371,64,0.44
Black Cell OG,1,79,19,0.35
"Black Chicken Studios, inc.",2,354,139,6.2250000000000005
Black Circle,1,2,0,0.0
Black Curtain Studio,4,84,164,0.0
Black Death Apps Limited,1,40,12,0.05
"Black Deck Crew, Gamera Interactive",1,22,13,0.0
Black Dot Studio,1,6,1,0.0
Black Element,1,809,656,3.77
Black Eye Games,2,8309,3670,29.785
"Black Eye Games, FishTankStudio",1,846,124,0.9
"Black Eyed Priest, Henry Hoare",1,1157,101,1.97
Black FishMaker,1,108,22,0.0
Black Flag Studios,1,3140,1511,2.13
Black Forest Games,5,3411,1374,12.71
"Black Forest Games, Pandemic Studios",1,10010,827,5.32
Black Hammer Studios,1,82,10,0.0
Black Hand Studio,1,107,24,0.37
Black Isle Studios,1,14550,884,15.07
Black Jacket Studios,1,88,52,1.0
Black Lab Games,2,3023,595,7.25
Black Lime Studio,8,1949,1168,3.12625
Black Lion Studios,1,38,95,1.38
Black Market Games,1,109,37,2.32
Black Pants Studio,3,4744,463,2.4933333333333336
Black Phoenix Studio,2,4,7,0.0
Black Potion,2,338,247,0.0
Black River Studios,1,9,1,0.0
Black Rock Studio,1,1842,419,14.0
Black Sea Studios Ltd,1,2146,171,10.53
Black Sheep Games,1,34,23,3.93
Black Sheep Studio,1,349,292,1.03
Black Shell Games,2,1671,616,4.925
Black Shell Media,1,1435,134,7.18
Black Side,1,36,35,0.0
Black Snake Games,1,18,41,0.0
Black Stairs Games,1,21,17,0.0
Black Tabby Games,1,686,22,0.42
Black Train,2,947,114,5.575
Black Vein Productions,1,61,26,0.0
Black Wing Foundation,2,99,99,2.435
Black apple,1,13,20,0.0
BlackChiliGoat Studio,1,67,1,0.0
BlackFoot Studios,1,19351,2325,17.03
BlackMark Studio,1,1709,622,36.67
BlackMill Games,1,32142,5175,13.33
BlackMoon Design,1,100,92,5.02
BlackRat,1,87,80,0.0
BlackSpace Games,1,17,2,0.0
BlackSpot Entertainment,1,5402,3653,3.37
BlackTale Games,1,813,198,4.43
Blackbird Interactive,3,25473,4008,11.543333333333335
Blackcross & Taylor,1,76,1,0.0
Blackfire,1,2071,379,11.48
Blackflag Games,1,44,13,0.32
Blackfox Studios,1,128,81,4.45
Blackhole,1,4234,4656,34.92
Blackjard Softworks,2,1112,378,1.61
"Blacklight Interactive, Team17",1,59105,7975,12.08
Blackmill Games,1,8202,1297,8.72
Blackmouth Games,1,58,33,0.0
Blackout Games,1,81,43,0.0
Blackpowder Games,1,3021,694,4.38
Blackrose Arts,1,195,199,0.92
Blackrose Industries,1,54,43,9.32
Blacksea Odyssey,1,163,40,2.82
Blacksmith,1,0,1,0.0
Blackthorn Media Inc,1,68,64,0.53
"Blackthorn Media, Inc.",1,205,16,0.0
Blackthornprod,3,216,27,1.0266666666666666
Blackturn Ltd,2,56,57,3.5149999999999997
Blackwinggames,1,25,7,0.0
Blade Fire Studios,1,32,29,0.0
Bladiriel,1,0,2,0.0
Blagovest Penev,1,801,190,6.35
Blake A Spires,1,1,0,0.0
Blake Garner,2,214,41,0.61
Blake Johnson,1,35,14,0.0
Blake Pierce,2,101,41,0.0
Blam! Games LLC,1,278,159,0.78
Blank Interactive,1,5,0,0.0
BlankMediaGames,2,32752,4736,24.4
Blast Programming,1,20,1,0.0
Blaster,1,269,209,0.98
"Blastmode, MP2 Games",1,803,124,6.9
Blastoid Entertainment,1,344,86,7.95
Blazar Games,1,11,18,4.73
Blaze,1,13,5,0.0
Blaze Epic,6,247,142,2.2783333333333333
Blaze Worlds,1,1093,1303,1.32
Blaze the Star,1,18,7,0.38
Blazes Games,1,439,87,4.97
Blazewing,1,31,3,0.05
Blazing Badger,1,42,8,0.0
Blazing Bit Games,1,3324,225,16.22
Blazing Fanfish,1,215,152,4.8
Blazing Griffin,4,3285,1688,5.1875
Blazing Orb LLC,1,58,70,0.08
Blazing Planet Studio,3,1661,248,1.656666666666667
Blazing Stick,1,3684,191,3.23
Blazio Studios,1,1,0,0.0
Bleakmill,1,2314,940,1.98
Blekoh,1,19,2,0.0
Blender Games,44,3208,1045,0.2681818181818182
Blendo Games,5,4055,1006,2.872
Blessing Company,3,22,24,0.0
Blind Alien Productions,1,13,5,0.0
Blind Bird,1,1165,720,2.58
Blind Mind Studios,1,276,59,65.75
"Blind Mind Studios, Glacicle",1,583,132,16.55
Blind Monkey Games,1,32,8,0.0
Blind Mystics,1,7,1,0.0
Blind Raccoon Studio,1,12,9,0.0
Blind Recluse,1,34,16,9.92
Blind Sky Studios,1,5385,281,0.85
Blindflug Studios AG,3,1654,494,1.2766666666666666
Blindfold,1,425,151,0.48
BlindsidedGames,1,8,0,0.0
Bling Bling Games GmbH,1,379,423,5.57
Blingame,1,2699,294,16.27
BlinkWorks Media,1,1709,143,3.83
Blit Software,1,7097,1030,1.95
Blob Games Studio,1,72,104,29.48
Blobfish,2,593,50,1.615
Block Games,1,4,0,0.0
Block Interval,1,38,12,0.0
Blockout22,1,2,2,0.0
Blocktopus,1,4,0,0.0
BlokiFG,1,5,0,0.0
Bloober Team,1,7765,974,7.85
Bloober Team SA,7,35740,6575,3.8185714285714285
"Bloober Team, Anshar Studios",1,2181,341,4.43
"Blood Eater Games, Immortal Hand Studios",1,212,161,0.0
BloodBrothers Studios,1,88,39,0.0
Bloodcraft Dev,1,64,45,3.93
Bloodirony,1,779,170,2.85
Bloodmane Interactive,1,4,4,0.0
Bloody,1,31,36,0.0
Bloody Forehead Entertainment,1,2,0,0.0
Bloody Pixel Games,2,178,102,0.125
Bloom Digital Media,1,73,27,3.57
Blooming Buds Studio,1,274,85,3.2
BlosSum Games,1,4,0,0.0
Blossom Games,1,35,37,0.02
Blot Interactive,3,16,7,3.4933333333333336
Blowfish Studios,3,1011,463,0.3833333333333333
BluSped,2,5,1,0.0
Bludgeonsoft,1,60,22,0.0
Blue  Blaze Gaming,1,21,6,0.0
Blue Aura Games,1,1,0,0.0
Blue Banana Lab,1,13,4,0.0
Blue Bomber Games,1,91,30,2.17
Blue Bottle Games,2,6187,928,15.100000000000001
Blue Brain Games,3,7464,999,4.333333333333333
Blue Byte,4,4967,3042,8.225
"Blue Byte, Related Designs",2,7858,4940,18.62
Blue Collar Games,1,59,16,0.0
Blue Comet Games,1,10,23,1.5
Blue Commands,1,16,22,0.0
Blue Creazione,1,0,1,0.0
Blue Entropy Studios,3,99,63,0.0
Blue Giraffe,1,74,8,29.8
"Blue Giraffe, GameHouse",4,1444,152,7.0625
Blue Ink Games,1,2,1,0.0
Blue Isle Studios,3,17980,3514,13.843333333333334
Blue Mammoth Games,1,314809,71647,54.58
Blue Manchu,1,4527,739,5.53
Blue Mountains,1,532,234,2.72
Blue Omega Entertainment,1,212,244,0.67
Blue Phoenix Games,1,2,4,0.0
Blue Sky Games,2,4,5,0.0
Blue Slayer Gaming,1,3,1,0.0
Blue Studio,1,4868,902,2.63
Blue Sunset Games,4,234,119,2.2
"Blue Sunset Games, Console Labs S.A.",1,7,7,0.0
Blue Tea Games,9,392,36,1.0
Blue Teddy Bear,1,1,1,0.0
"Blue Tongue Entertainment, Blitworks",2,477,59,1.2349999999999999
Blue Volcano Studio,1,3,1,0.0
Blue Wizard Digital,4,7094,523,2.5875000000000004
"Blue, Richter",1,2,1,0.0
Blue.Owl,1,23,2,0.0
BlueEagle Productions,5,2544,623,0.8300000000000001
BlueFX Games,1,4,0,0.0
BlueGiant Interactive,2,67,174,2.4699999999999998
BlueLine Games,5,3169,1047,2.754
BlueNothing Games,2,1,7,0.0
BlueTale,1,18,4,0.0
BlueTreeGames,2,11,10,0.0
Bluebutton Games,1,3721,969,2.45
"Bluedrake42, Lucas Melo",1,133,38,0.42
"Bluehole Studio, Inc.",1,2375,2014,16.37
"Bluehole, Inc.",1,6071,1678,51.65
Blueprint Core,1,5,10,0.0
Blueshift Media,1,9,2,0.0
Blueside,2,1299,184,5.965
Bluespy Studios,1,45,36,0.0
Blueteak,1,451,54,5.72
"Blueteak, The Engine Company, Shapes and Lines, Arcturus Interactive, The Quantum Astrophysicists Guild",1,931,74,4.05
Bluish-Green Productions,2,14,1,0.0
Blunt Games,1,133,204,2.33
Blur Entertainment Inc.,1,35,18,0.0
Blyts,2,1239,123,3.64
"Bo3b Johnson, Markus Gündert",1,84,54,51.68
BoRoBoRoGame,1,914,363,1.32
Boar-in-games,1,54,4,0.0
BoardgameProgramPlan,1,3,8,0.0
Boat Anchor Games,1,292,7,5.07
Bob,2,5143,969,8.635
Bob De Schutter,1,204,26,0.0
Bob Games,1,30,1,0.0
Bobby Two Hands,1,36,11,0.0
Bocary Studios,1,19,4,0.0
Bocharov Games,1,11,5,0.0
Bogdan Padjen,1,31,3,0.0
Bogdan Rosca,1,223,9,0.0
Bogdan Sychkov,1,60,31,21.55
Bogemic Games,2,147,15,2.825
Bohdan Taraba,1,60,10,4.63
Bohemia Interactive,16,628058,141592,36.06375
Boing,1,1,0,0.0
Bojan Brbora,1,75,160,0.52
BokehDev,1,18,6,0.0
BolHut,2,47,3,0.0
Bold Conjectures,1,4,3,0.0
Bold Spirit Game Studio,1,1819,214,0.57
Bold Statement Games,1,119,13,0.0
Bolder Games,1,1,0,0.0
Bolverk Games,2,225,33,0.415
Bomb Shelter Games,1,84,159,4.37
Bomber Studio,1,274,44,17.05
Bombreature Games,1,14,5,0.0
Bombservice,2,12528,1208,4.5649999999999995
"Bondo Games, Blake Gillman",1,62,43,0.0
Bone Game,1,39,9,0.0
BoneApps,1,7,10,0.0
"Boneloaf, Rocket Science",1,51267,9003,7.72
Bonfire Entertainment,1,142,56,17.28
Bonfire Games,1,92,1,4.03
Bongfish GmbH,1,45,69,0.0
Bonion Games,1,7,7,0.0
Bonittor Games,2,8,23,0.0
Bono Games,1,35,28,4.72
Bonte Avond,1,185,9,0.1
"Bonus Level Entertainment, astragon Development",1,137,44,7.97
BonusXP,3,642,126,2.9466666666666668
Bony Yousuf,1,301,162,1.78
Boobs Dev,1,367,103,2.58
Boogygames Studios,58,528,291,0.04224137931034483
"Bookmark Games, HexWar Games",1,31,33,3.58
BoolDog Games,1,4,0,0.0
"Boolat Games, Alawar Entertainment",1,660,104,11.92
Boolba Entertainment,1,50,24,0.0
Boolean,1,26,12,0.0
Boom Games,6,627,273,0.0
Boom Team,5,549,109,0.0
BoomCat Studios,1,2,1,0.0
Boomfire Games,1,31,13,0.0
Booming Tech,1,22576,7558,35.1
Boomz Games,1,3,1,0.0
Boomzap Entertainment,3,49,27,0.0
Boomzap Inc,4,283,75,0.825
"Boomzap, GameHouse",1,9,16,0.0
Bootsnake Games,1,226,62,1.23
"Boppy Games, LLC",1,47,46,0.83
Borealys Games,1,1243,195,3.53
Borington,2,417,39,0.4
Borisoft,1,4,1,0.0
Born Lucky Games,1,85,147,4.2
Born Ready Games,1,310,66,3.37
Born Ready Games Ltd.,2,1786,492,2.545
Borne Games,1,1859,146,3.3
"Borov, Sashka Shlapik",1,6,31,0.0
Borrowed Light Studios,1,258,13,0.18
Borsuk Software,1,2,0,0.0
Boss Baddie,3,1579,671,5.253333333333333
Boss Key Productions,1,6072,3727,3.35
Bossa Studios,8,22464,7740,5.62
BotBite Industries,1,1,0,0.0
Bottle of truth,1,54,39,0.0
BottleCube inc.,5,594,109,2.6399999999999997
Bouchard Industries,1,3,1,0.0
Boujin 【棒陣】,1,24,7,0.0
Bouncyrock Entertainment,1,4271,410,37.13
Bounding Box Software Inc.,1,7021,535,2.98
"Boundless Dynamics, LLC",2,19447,428,7.845000000000001
Bourbontank,1,84,13,0.0
BovinoSoftware,2,87,45,0.0
Bowlcut Studios,1,1225,82,8.18
Box Production,1,5,0,0.0
BoxFrog Games,1,39,12,2.67
Boxcastle Games,1,21,7,0.0
Boxelware,1,12286,1328,124.13
Boxhead Bros.,2,381,146,1.525
BplusGames,1,32,6,4.9
Brace Yourself Games,2,25043,1640,6.58
"Bracket Entertainment, Bram Goderie",1,1,0,0.0
"Bradley Elam, Colton Bone",1,19,9,0.07
"Bradley Hennessey, Joe Watson",1,96,37,0.6
Brady Soglin,1,298,5,2.37
Brain Bombers,1,14,12,0.0
Brain Lab Studio,1,1,0,0.0
Brain Seal Ltd,3,816,185,5.526666666666666
Brain Slap Studio,1,31,18,0.27
Brain Stone GmbH,1,143,154,0.27
Brain and Nerd Ltd,1,39,47,0.0
Brain&Brain,1,304,179,1.0
BrainGoodGames,3,439,46,5.59
BrainStorming Team,3,127,102,0.0
"BrainStorming Team, КиКо",1,23,25,0.0
BrainStrainStudios,1,32,40,3.38
"Brainbox Games, Hip Games",1,107,152,0.98
Brainbox Software,1,375,50,2.32
Brainchild,1,49,37,2.65
Brainroot Studio,1,1,0,0.0
Brainseed Factory,1,711,116,2.7
Brainwash Gang,3,605,239,10.693333333333333
"Brainwash Gang, TLR Games",1,431,119,0.63
Brainwashing Games,2,109,42,0.0
Brainwashing games,1,8,16,0.15
Brainy Studio LLC,1,285,61,2.98
Braisque,1,16,1,0.0
Branching Narrative Ltd,1,166,19,0.0
Brandon Brizzi,3,356,122,2.8000000000000003
Brandon Ferrentino,1,3,3,0.0
Brandon Mccurdy,1,2,3,0.0
Brandon Moore,1,567,164,21.53
"Brandon Phillips, Tim Porter",1,29,22,0.0
Brandon Weeks,1,6,0,0.0
Brandtner,1,5,4,0.0
BratAndronik,1,6,14,0.0
Brave At Night,1,10269,1493,4.3
Brave Bunny,1,151,35,4.13
Brave Giant LTD,19,3417,1146,4.59
Brave Little Studios,1,238,391,0.32
Brave Rabbit Games,1,777,73,0.65
Brave Rock Games,1,4,1,0.0
Brave Wolf Studio,1,11,10,0.0
BraveWolf,1,288,146,0.0
Bravery Software,1,7,10,0.0
Brawsome,3,453,66,1.5333333333333332
Brazen Legions,1,14,7,0.0
Bread Machine Games,1,303,49,5.92
Bread Over Games,1,7,1,0.0
"Bread Team, Victor Solodilov, Denis Novikov",1,55,39,1.05
Bread Vision Studios LLC.,1,100,24,2.87
Breadcrumbs Interactive,1,512,118,5.32
Breading Games,1,15,3,0.0
BreakAway Games,1,41,43,0.0
Breakfall,3,895,99,3.4933333333333336
"Breaking Dimensions, Polygon Dust Entertainment Ltd.",1,412,67,3.15
Breaking Fourth,1,90,87,6.75
Breaking Walls,1,188,154,1.85
Breakover Interactive,1,2,1,0.0
Breakpoint,1,286,417,6.88
Breakthrough Gaming LLC,1,5,7,0.0
"Brent Ellison, Tanya X. Short",1,81,4,0.77
Brent Seeley,1,10,9,4.35
Brentinitis,1,9,1,0.0
Brenton Wildes,1,596,37,4.55
Brett Jackson,1,43,10,1.77
"Brett Moody, Keanan Pucci, Matthew Ricci",1,29,3,0.0
Brettpenzer123,1,35,26,5.43
BrettspielWelt GmbH,1,17,3,0.0
Bretwalda Games,1,58,31,3.95
Brewsterland Studios,14,110,57,0.0
Brex Studios,1,13,2,0.0
Brezg Studio,1,553,186,1.33
Brian Conley,1,11,10,0.0
Brian Crandell,1,7,0,0.0
Brian Cronin,1,687,189,3.72
Brian Cullen,1,94,50,2.93
Brian Duhaime,1,1,0,0.0
Brian Lindenhof,1,1038,105,6.07
Brian Master (脑补大师),1,0,3,0.0
Brian Tallent,1,14,6,0.0
Brian Wilson,1,25,41,0.0
BrickCream,1,323,75,2.08
Bridget Hillje,1,2,0,0.0
Briganti,1,3122,156,17.53
Brigham Young University,1,21,15,0.0
Bright Flask Games,1,42,18,3.98
Bright at Midnight: A Game Studio,1,2,0,0.0
"Bright, Game in Society",1,15,5,0.0
BrightFox,1,4,0,0.0
Brightdawn Entertainment,1,74,25,0.0
Brighter3D Software Development Ltd.,1,8,2,0.0
Brightrock Games,1,6735,1102,17.42
Brightside Games,1,57,58,3.97
"Brilliance Games, Brilliance",1,33,6,0.0
"Brilliant Blue-G, LLC",1,33,6,2.98
Brilliant Game Studios,2,10003,3334,5.91
Brilliant Skies Ltd.,1,10558,1305,47.5
Brimstone,2,131,11,0.0
Brimstone Brothers Inc.,1,1,0,0.0
BrineTeam,1,100,283,96.82
Brinemedia,1,109,17,0.77
Bristol Street Studios,1,333,35,0.13
Broadsword,1,60864,7088,40.73
Broadway Entertainment Group Interactive,1,1,0,0.0
Brogames,1,117,61,4.17
Broken Arms Games,2,872,293,9.235
Broken Arrow Games,1,771,81,0.0
Broken Bear Games,2,418,167,0.985
"Broken Bunny Studios, Inc",2,10,9,0.0
Broken Circle Studios,1,3068,1319,304.73
Broken Dreams Studio,1,6,0,0.0
Broken Games,1,1340,287,0.0
"Broken Hammer Games, LLC",1,9,3,0.0
Broken Rules,3,4646,1099,1.593333333333333
Broken Simulation,1,4,1,0.0
Broken Window Studios,1,41,39,0.0
Bromantic Games,1,8,3,0.0
"Bromio, 2think design studio",1,101,33,1.9
Bromoco Games,1,152,7,0.0
Bros Before Giraffes,1,3291,137,0.0
Brothar Studios,1,1,3,0.0
Brouillard,3,288,67,0.0
Brown Bot,1,2,0,0.0
Brown Studios,1,30,11,0.0
Brownmonster Limited,1,236,14,2.88
Browny Application,2,157,348,3.975
Brrrainz Incorporated,1,10,5,0.0
Brucefilm,1,55,75,2.7
Brucent LLC,1,6,0,0.0
Brudingo Broductions,1,748,46,0.0
Bruno Esteves,1,3,0,0.0
Bruno Freitas,1,31,5,0.0
Bruno MARTIOL,1,22,34,1.03
Brushfire Games,2,239,47,5.5
Brutal Studio,1,37,15,0.0
BrutalHack,1,26,1,0.0
Brwarner Studios,1,43,7,0.0
Bry Guy Studios,2,27,9,0.0
Bryan Gale,1,156,18,1.27
Bryce Bucher,2,1040,50,1.64
Brytenwalda,1,49,57,0.0
Bs1 & Bslteam,1,141,174,2.93
Bubble,1,209,72,0.07
Bubble Bus Software,1,1,0,0.0
Bubble Head Games,1,46,7,0.0
Bubblebird Studio,1,914,52,4.67
Bubby Darkstar,1,888,214,2.23
Buck Studios,1,10,4,0.0
BucketPlay.inc,1,51,14,0.0
Bucketplay Inc.,1,472,150,0.0
Buckle Up Games,1,68,20,0.0
Buckshot Software,1,4789,708,4.08
Bucksoft91,1,65,40,0.0
"Buddy Cops, LLC",1,449,99,4.78
Buff Studio,1,265,43,0.0
Buffalo Vision,1,304,52,0.45
BufoProject,1,97,37,0.0
Bug Mane LLC,1,36,5,0.0
Bug-meister production,1,15,29,0.0
BugBrains,1,0,1,0.0
Bugbear,1,34031,4586,19.13
"Bugbear Entertainment, ZOOM Platform Media, Jordan Freeman Group",3,28927,1867,7.126666666666666
Bugbyte Ltd.,3,8697,1523,7.766666666666667
Buka Development,2,1127,122,3.37
"Buka Development, Saturn Plus",1,340,75,5.82
"Buka Entertainment, Lesta Studio",1,43,26,3.47
BulatHard,3,269,129,1.6900000000000002
Bulbware,1,968,129,2.78
Bulkhead Studios Corporation,1,23,22,0.0
Bull&Ram,1,14,1,0.0
Bulldog Interactive,1,690,77,64.18
Bulletproof Outlaws,1,132,41,0.0
Bullets,1,124,33,0.0
"Bully Innovation Group, Inc.",1,24,12,0.0
Bulut ULU,1,279,367,0.45
Bulwark Studios,2,12854,1316,8.75
"BumbleBear Games, LLC",1,12,5,0.0
BumbocsDev,1,44,12,0.0
BumpkinBrothers,3,1608,519,2.2666666666666666
Bumpy Trail Games,1,17,12,0.0
Bundle Of Sticks Studios,1,15,18,4.27
Bungarra Software Pty Ltd,1,51,14,0.0
Bungie,1,497891,127725,225.37
Bunny,1,14,29,0.0
Bunny Box Games,1,9,10,0.0
Bunnyhug,1,405,178,3.93
Burak Dabak,2,645,198,0.56
Burapa Phatichon,1,3,0,0.0
Burgee Media,1,27,11,2.62
Burian Media Enterprises,1,104,209,4.15
Buried Signal,1,17531,435,2.47
Burning Asphalt Group,1,10,7,0.22
Burning Bright,1,51,7,0.0
Burning Forest,1,20,9,0.0
Burning Pick Entertainment,1,17,3,0.0
BurningDust Games,1,87,46,0.18
Burrito Studio,1,194,45,4.68
Burst,1,251,9,0.0
Burst2Flame Entertainment,1,2755,477,25.87
Burut CT,3,636,237,0.12666666666666668
Business Goose Studios,1,2269,44,2.53
Business Mouse Studios,1,35,13,4.92
Busking Software,1,3,2,0.0
Busy B Studios LLC,1,2,0,0.0
Busy Toaster,1,7,1,0.0
Butengo entertainment,2,244,72,0.535
Butnariu Ovidiu Mihai,1,1,0,0.0
Butterflyware,1,84,74,2.25
Butterscotch Shenanigans,2,6536,710,13.575
Button Bash Games,1,1,0,0.0
By Aliens L.L.C-FZ,1,1447,1034,136.43
ByKing,1,18,13,0.0
BySamb,1,63,4,0.0
Byking Inc.,1,1575,517,7.75
"Bykov Valera Alekseevich, Kilin Aleksandr Evgenyevich",1,5,1,0.0
Byte Barrel,1,4083,742,2.92
Byte4Games,1,51,18,0.0
ByteBomb Studios,1,4,3,0.0
ByteRockers' Games,1,696,179,1.1
Bytebin,1,443,287,1.93
Bytecat Games,1,230,35,0.0
Byterunners,1,18054,6004,19.1
Byterunners Game Studio,1,2376,345,2.02
Byting Games,1,382,28,1.87
Bytro Labs GmbH,2,7063,2642,33.120000000000005
Bytten Studio,1,237,30,0.0
Byulbram,1,43,21,0.0
Byzantine Games,3,1525,302,2.04
"Byzantine Games, The Lordz Games Studio",1,279,92,13.12
C&C Game Studio,1,32,21,0.0
C.A.Withey,1,19,3,0.0
C.L.,1,47,48,9.87
C.T. Matthews,1,139,6,7.15
"C.U.M原创游戏, 幽兰工房",1,566,188,16.28
C3 Games,1,66,4,0.0
C3B Games,1,111,16,0.0
C3SK,1,298,280,0.63
C3T4NU,1,3,3,0.0
CANDY VIOLET,1,13,6,0.0
CAOLEI,1,7,3,0.0
CAPCOM,2,968,2129,8.715
"CAPCOM CO., LTD",4,8892,1869,10.3125
"CAPCOM CO., LTD.",5,14444,2792,6.9079999999999995
"CAPCOM Co., Ltd.",23,1315183,155075,25.967391304347824
"CAPCOM Co., Ltd., NeoBards Entertainment Ltd.",1,3168,5152,7.05
CAREBOT GAMES,1,5,2,0.0
CASCHA GAMES,1,255,78,0.0
CASE,1,32,0,0.0
CASGames,2,47,20,0.0
CATASTROPHIC_OVERLOAD,1,210,29,0.33
CATE,1,44,1,0.0
"CAVE Interactive CO.,LTD.",3,2825,104,5.073333333333333
CAVYHOUSE,2,404,81,0.125
CBAcademy,1,13,2,0.0
CBC Games,1,118,58,0.0
CBE software,2,791,135,8.865
CBGameDev,1,0,1,0.0
CBGames,1,709,87,0.0
CBSDY个人工作室,1,9,1,0.0
CC.D,1,138,9,0.0
CCCP,1,116,134,2.7
CCP,4,27566,9895,44.82
CCS,1,19,0,0.0
CCYY,3,175,66,0.0
CD Jones,1,25,22,4.37
CD PROJEKT RED,6,1706409,189631,37.50666666666667
"CD PROJEKT RED, Can Explode",1,1029,323,2.8
CETVE LLC,1,7,3,0.0
"CFK Co., Ltd.",9,2698,792,13.18888888888889
CGCFSS,1,6,7,0.0
CGD: Davis E Don,1,1,0,0.0
CGE Digital,1,1992,198,22.27
CGGAMES,2,87,43,8.57
CGevo,1,1,2,0.0
CHARON,2,442,58,0.0
CHEN YUANJI,1,2,2,0.0
"CHENGDU DREAMCALLER TECHNOLOGY CO.,LTD",1,441,314,74.75
CHEST BOX,1,260,178,0.8
CHUMBOSOFT LLC,1,634,112,0.0
CI Games,6,38322,15680,7.3183333333333325
"CI Games, Deck 13",1,11754,8141,10.52
CINEMAX GAMES,3,693,363,7.1000000000000005
"CINEMAX, s.r.o.",1,62,66,1.12
CINIC Games,1,434,103,1.02
"CIRCLE Ent., Arc System Works, Initory Studio",1,162,20,3.37
CITY CONNECTION,1,35,10,0.0
"CITY CONNECTION, KADOKAWA CORPORATION",1,71,21,2.4
"CITY CONNECTION, Zerodiv",9,641,101,0.12333333333333335
CJGames,1,133,67,0.0
CJWorks,1,12,4,0.0
CKS Tactical,1,11,4,0.0
CLU Entertainment LLC,1,28,5,0.0
CM Games,1,10089,694,11.95
CM Softworks,1,182,186,0.0
"CM, Vinicius",1,13,6,0.0
CMON,1,85,36,0.78
COCOSOLA,1,58,7,0.0
CODEBASE UAB,1,2,1,0.0
"COLNELIUS, Albin Bernhardsson",1,120,36,4.15
"COLOPL, Inc.",3,266,44,0.64
"COMPILE HEART, IDEA FACTORY",2,699,289,8.005
CONVEY Studios,1,15,30,0.0
COOPI  studio,1,21,0,0.0
"COR Entertainment, LLC",1,143,39,2.52
CORE Games,1,12,3,0.0
COSDOTS,2,36,6,0.0
COVID-19,1,2,0,0.0
COWCAT,2,631,74,2.725
CP Decision,1,313,73,6.57
CQuark Studio,1,1,0,0.0
"CRAFTS & MEISTER Co., Ltd.",1,1016,1349,9.25
CRASS Studios,1,152,256,4.8
"CRAZYDIAMOND CO., LTD.",1,1228,402,101.6
CREATIVE ASSEMBLY,5,48405,9631,31.413999999999998
"CREATIVE ASSEMBLY, Feral Interactive",2,160700,47331,158.215
"CREATIVE ASSEMBLY, Feral Interactive (Linux), Feral Interactive (Mac)",1,40889,11533,64.42
"CREATIVE ASSEMBLY, Feral Interactive (Mac)",2,25518,3108,38.035
"CREATIVE ASSEMBLY, Feral Interactive (Mac), Feral Interactive (Linux)",6,286397,49523,92.49166666666667
CREATIVE VR3D,1,5,8,0.0
CREATY,1,135,71,0.0
CREW Studio Krüger UG,1,377,154,6.67
CRJ Games,1,1,2,0.0
CRX Entertainment Pte Ltd,1,2,1,0.0
CSM,17,675,324,0.06470588235294118
"CSM, Excellente23",1,65,41,0.0
CSR-Studios,1,2105,311,2.87
CSZgames,1,8,0,0.0
CTU,1,3,0,0.0
CTgames,1,7,5,0.02
CUIWENPING,1,1,0,0.0
CUTE ANIME GIRLS,12,5234,1701,3.0508333333333333
CWH Entertainment,2,154,52,1.74
CX Distribution,1,3,17,0.0
CYCLOPS,1,48,30,0.0
CYZR,1,0,2,0.0
CaRacing Studio,2,16,2,0.0
CaTaTo,1,123,27,0.0
Cabbage Soft,1,835,19,6.67
Cabbit,2,856,141,53.5
Cabbusoft,1,1,0,0.0
Caboose,1,15,3,0.0
Cabygon,1,133,41,1.2
Cadaver Carnival Studios,1,36,5,0.0
Caden Goodwin,2,51,24,0.0
Cadence Games,1,199,182,0.25
Cadenza Interactive,2,527,89,5.125
Cael O'Sullivan,1,89,10,0.0
Caesoose Studios,1,23,4,4.03
Cafe Empty,1,312,18,2.6
Cafe Shiba,1,374,90,3.83
Caffeine,1,68,86,0.18
Caged Element Inc.,1,4071,723,2.6
Cagri Gecin,1,7,0,0.0
Caico Morais de Brito,1,4,0,0.0
Caio Flavio,3,106,8,0.0
Caipirinha Games,6,218,205,0.37999999999999995
Caipirinha Games GmbH,2,14,6,0.0
"Caipirinha Games, DevQ1",1,7,11,0.52
Cairn4,1,1287,92,3.48
Cake Collective Games,1,208,120,0.37
CakeEaterGames,1,7477,1136,11.1
CakeGames,1,4,16,0.0
"CakeNeq Games, Dinobyte Softworks LLC",1,10,1,0.0
Calappa Games,3,1628,190,2.2866666666666666
Caleb Chalmers,1,16,0,0.0
Caleb Dunahee,1,2,0,0.0
Caleb Foss,1,1,0,0.0
Calepin Studio,1,88,40,3.77
Caliburn Studio,1,49,13,0.5
Caligari Games,2,791,184,0.84
Calin Ardelean,1,36,11,5.62
"Callipygian Games, LLC",1,80,31,0.0
Caltain VR Ltd,1,83,14,0.85
Calvares,2,1560,267,0.575
Calvin Weibel,1,195,113,1.67
Calvino Noir,1,249,133,4.25
Camagames,1,72,116,3.98
Camel 101,5,1001,588,3.818
"Cameron Baxter, Billy Jazz Hills Stickley",1,35,65,0.38
Cameron Kunzelman,1,23,10,0.0
"Cameron Ladjevardi, David Elliot",1,232,25,0.0
Camex Games,3,4240,634,10.110000000000001
Camouflaj,1,643,188,4.78
"Camouflaj, Darkwind Media",1,89,34,0.0
Campfire Games,1,11619,1526,37.45
CampinCarlStudios,1,8,6,0.0
Campo Santo,1,81777,8661,4.43
Campus ADN 2017-2018,1,9,2,0.0
Campus ADN 2018-2019,2,124,35,0.0
Camshaft Software Ltd,2,13595,954,65.60499999999999
CanFish,1,5,3,0.0
"Candescent Games, Section Studios",1,104,5,0.2
Candied Arsenic,1,38,10,0.0
Candleman Games,1,1126,94,5.73
Candy Rufus Games,1,75,13,0.0
Candymakers,1,1456,330,3.15
CangGu,1,1,0,0.0
Cankut Keskin,1,232,80,2.15
Canmaru,1,1,0,0.0
Cannibal Interactive,4,42,11,0.0
Cannibal Panda Studios,1,86,52,4.0
Cantaloupe Kids,1,474,114,6.25
"Cantina Games and Entertainment, Inc.",1,24,54,0.23
Canu Arts,1,20,11,0.0
Canuck Play Inc.,1,28,16,0.0
Canvas+Garden,2,832,53,3.545
Caos Creations,1,36,2,0.0
Cap'N Studios,1,23,10,0.0
CapPlay Interactive Inc.,2,43,49,0.01
Capcom,13,247115,37169,15.65846153846154
Capcom Game Studio Vancouver,1,14615,4459,12.48
"Capcom Game Studio Vancouver, Inc.",1,4433,3373,10.67
"Capcom U.S.A., Inc.",1,1300,1084,8.63
Capcom Vancouver,2,9349,2659,11.685
"Capcom, Digital Eclipse",1,830,107,2.92
Cape Copenhagen,1,127,83,3.28
Cape Cosmic,1,2091,426,18.65
Capitanos,1,82,51,0.0
Capitola VR,1,47,6,0.63
CappudinoStudio,1,26,4,0.0
Capriccio,1,344,38,0.0
Capricia Productions,1,174,52,3.87
Caps Collective,1,70,18,0.0
Capstone Software,3,33,3,0.0
Capsule Core,1,15,4,0.0
Captain Bear Games,1,76,2,0.0
Captain Fluffy,2,15,26,0.0
Captain Games,3,1742,220,2.0833333333333335
Capture Point Stone,1,3,1,0.0
"CapturedLeek27, Doky",1,1,0,0.0
Capybara Games,4,3493,511,6.38
"Capybara, Superbrothers, Jim Guthrie",1,2022,590,1.53
"CarX Technologies, LLC",1,79504,3912,62.77
Caracal Games,1,384,152,2.33
Caravel Games,1,166,11,0.75
Carbine Studios,1,3822,1278,4.3
"Carbomb Software, Nova Dimension",1,214,63,5.37
Carbon,1,777,253,3.58
Carbon Games,3,9399,1881,5.483333333333333
Carbon Studio,4,1047,584,1.8925
Carbontea,1,1682,76,0.0
"Carbow, Carbow",1,0,2,0.0
Cardboard Computer,1,3346,812,3.43
Cardboard Keep,2,161,26,2.675
Cardboard Robot Games,1,158,47,0.0
Cardboard Utopia,1,371,152,2.8
Cardinal Game Studio,2,6,2,0.0
Caret Games,1,149,199,0.9
Carl Burton,1,291,63,1.08
Carl Games,1,27,9,5.25
Carlo D'Apostoli Projects,5,15,26,0.0
Carlos Cañizares Garcia,1,4,0,0.0
Carlos Coronado,3,789,221,0.88
Carlos Junio,1,86,11,0.0
Carlos Martins,1,5,0,0.0
Carlotta Tatti,1,16,81,2.08
Carlsen Games,2,4676,430,1.95
Carmine T. Guida,1,277,83,3.98
Carnivore Games,1,5,6,3.78
"Carolina Ask, Projektet Staden Nya Lödöse, Alexander Cobleigh, Åsa Egnér",1,71,15,0.0
Carruto Games,1,1,0,0.0
Carry Castle,1,776,293,5.77
Carsten Hölscher,1,485,47,145.77
"CartMart, KGamer1",1,12,1,0.0
Cartboard Games,2,1070,108,0.96
Cartoon Game,6,1952,612,7.528333333333333
CasGames,10,209,261,0.328
Cascade Game Foundry,1,60,18,0.0
Cascadia Games,1,12,67,0.0
"Case in Point Studios, LLC",1,84,111,21.77
Casey Clyde,1,35,9,0.0
Casey Donnellan Games LLC,4,8447,612,1.3325
CashcowGames,2,86,35,2.015
Casioqu,1,691,55,7.07
Casper Croes,1,1162,121,5.52
Casper Forever Digital,1,5,4,0.0
Caspian Interactive,1,40,14,0.0
Cassel Games,1,4759,629,12.23
Castello Inc,1,66,1,0.0
Castiel,1,6,23,0.0
Castle,1,36,21,4.45
"Castle Pixel, LLC.",2,798,156,4.675000000000001
Castle Roaches,1,694,81,0.0
CastleAbra Studios,1,6,5,0.0
Casual Arts,4,15,2,0.0
Casual Box Games,1,30,15,0.0
Casual Brothers Ltd.,1,91,8,11.73
Casual Dev Aus,1,9,4,0.0
Casual Labs,1,531,11,39.08
Casualogic,1,155,103,5.95
"Casualogic, Droid Riot",1,138,70,0.0
Casus Belli Game and Animation Studios,1,1,0,0.0
Cat &amp; Fiddle Games Team,1,126,39,0.0
Cat Daddy Games,1,148,212,1.58
Cat Floor Studio,1,81,4,0.0
Cat In A Jar Games,2,256,143,0.11
Cat Nigiri,3,301,31,0.25
Cat Rabbit,1,177,64,29.02
Cat's Bar,1,24,10,0.0
Cat-astrophe Games,1,18,8,0.0
Cat5 Studios,1,5,0,0.0
Cat5Games,1,13316,840,13.8
CatSaw,1,96,4,0.23
CataStoica,1,10,8,0.0
Cataire Studios,1,1,0,0.0
Catalina Zavaleta,1,37,4,0.0
Catalope Games,1,14,4,0.0
Catalyst VR,1,11,2,0.0
Catch A Cat,1,39,10,0.0
Cateia Games,13,436,273,0.37461538461538463
Catfishbox,1,282,49,1.27
Catfood McFly,1,771,106,1.38
Cathuria Games,1,161,104,7.2
Catland,3,339,47,0.31666666666666665
Catness Game Studios,3,104,40,1.3
Catnip,1,3887,509,5.8
Catnip Games,1,1658,1457,140.77
Catobyte,1,8567,1316,5.15
Cats Who Play,2,5231,997,6.68
Catstudio,1,37,71,1.05
Catze,1,236,13,2.93
Cauldron,1,897,379,9.72
Causal Bit Games Inc.,1,215,77,0.57
Caustic Reality,1,712,157,6.87
"Cavalier Game Studios, Tequila Works",1,3546,294,4.35
Cave Ghost Games,1,37,2,0.0
CaveBrave,1,1,1,0.0
Cavedog Entertainment,1,3355,122,5.0
Caveman Studio,1,3687,702,9.92
Caz,1,133,11,0.0
Caz Game Design,1,20,10,0.0
Caztellary Studio,1,6,0,0.0
Cdu Game,1,9,9,0.0
Celeris,2,729,184,10.425
Celeritas Games,2,277,96,2.5949999999999998
Celery Emblem™,2,104,46,0.15
Celestial Games,1,12,37,0.0
Celestial Gold Studios,1,4,1,0.0
Celianna,1,925,50,11.2
Cellar Door Games,3,32825,2940,16.706666666666667
Cellbloc Studios,1,4,3,0.0
CelleC Games,3,172,41,0.0
Celtos,1,117,31,0.0
Cem Akalın,1,1,0,0.0
Cemil Tasdemir,1,49,129,4.57
Cenokga,1,8,6,0.0
Censored,1,1597,246,0.5
Centauri Production,3,590,254,2.4633333333333334
Centicerise Productions,2,186,30,0.0
Centrosphere Games,1,167,7,26.63
Cerberus Gate Games,1,35,10,0.0
Certain Affinity™,1,81,119,2.32
Ceruk,1,0,1,0.0
CggtGroup,1,100,45,0.0
Ch.ZBK,1,88,109,0.0
ChAIR Entertainment,1,785,144,5.83
"Chad Cuddigan, Joshua Skelton",1,2455,343,3.98
Chad R. Banks,1,0,1,0.0
Chad Yates,1,48,2,23.47
Chagas Studios,1,8,1,0.0
Chainsaw Demo,1,3,6,0.0
Chainsaw Development,1,9,0,0.0
Chainsaw Syndicate,1,56,66,3.25
Chainsawesome Games,4,742,174,6.785
ChairKilling,1,115,79,4.57
Chalcedony Network,1,26443,1896,73.97
Challenge Yourself Gaming,1,21,1,0.0
Chameleon Games,1,70,49,0.0
Chamomile Software,1,9,6,0.0
Chance Agency,1,2037,474,3.7
"Chance6 Studios, LLC",1,165,39,8.12
Chandler Rounsley,1,824,165,3.28
Changyou.com Limited,1,3086,1381,15.7
ChaniMK,1,17,1,0.0
Chano H. Hansen,1,1,0,0.0
ChaoYe Liu,1,103,24,0.0
Chaos Concept,2,273,118,9.025
Chaos Cute Soft,1,79,13,0.0
Chaos Group Games,1,93,23,0.0
Chaos Industries,1,576,349,3.78
Chaos Theory Studios Ltd.,1,6,10,0.0
ChaosForge,1,1788,157,7.63
ChaosSaltDev,1,1,0,0.0
Chaosmonger Studio,1,347,107,0.0
Chaosoft Games,1,580,79,2.42
Chaphat,1,34,20,0.0
Chara-ani Corporation,1,640,232,15.35
"Charcoal Games, Filip Konjevod, Wyatt Johnson, Jake Elliott, Trey Kusterer, Kat Townsend, Jake Durham, Bryetan Dean, Will Groves",1,5,2,0.0
"Chard, de Fault, Richard Campbell",2,159,53,0.0
Charity Gamers,1,5,4,0.0
Charles Cochrane,1,7,5,0.0
Charles Games,2,584,35,0.975
Charles Meekins,1,4,23,0.0
"Charlie Behan, Ciaran Mooney",1,530,95,0.0
"Charlie Behan, Raddy Peid",1,251,71,0.0
Charlie Brej,1,55,8,0.68
Charlie Fleed,1,21,26,0.0
Charlie Oscar,1,65,85,0.28
Charlie Oscar Lima Tango Interactive Entertainment,1,7065,1324,16.85
"CharlyKuschel, PocketGames",1,3,0,0.0
Charm Games,2,1015,113,0.51
Charyb Games,2,313,232,3.715
Charybdis Ltd,2,35,20,0.0
"Chase Walters, Toka",1,165,4,0.0
Chashu Entertainment,1,574,181,1.25
Chasing Carrots,2,1823,1056,12.325000000000001
Chaystar Unlimited LLC,1,48,16,0.13
Chaz Cowan,1,4,0,0.0
CheGu,1,2,1,0.0
"Cheap Fun Games, Forthright Indie Team",1,161,286,6.97
Checkmaty,1,370,45,13.87
Cheerdealers,2,2712,972,21.485
Cheesecake Dev,6,23797,8779,4.701666666666667
"Cheesy Holes, Bauer",1,63,7,0.0
Cheetah Mobile Inc.,1,80,49,0.0
Cheezy Freak,1,3,5,0.0
"Chengdu Touch Times Technology Co., Ltd",1,183,60,4.03
Chequered Ink Ltd.,8,261,63,2.6125000000000003
"Cherniukh Andrii, HornetStudio",1,48,12,0.0
Chernov Vyacheslav,1,216,101,5.77
Cherry Beam,1,8,3,0.0
Cherry Bloom,1,39,14,0.0
Cherry Co. Studios,1,250,87,3.48
Cherry Pie Games,1,65,9,0.0
Cherry Pop Games,3,4486,1088,5.873333333333334
"Cherry Pop Games, Perilous Orbit",1,701,143,1.52
CherryCo.Studios,1,12,0,0.0
Cherrymochi,1,1105,202,7.33
ChessBase,1,85,34,431.17
ChessBase GmbH,3,106,64,0.0
Chessbase,1,24,14,0.0
Chesstar Studios,1,4,3,1.15
Chesstar studios,1,122,6,0.0
Chewa,2,203,49,0.81
Chibig,2,2369,607,3.15
Chicken Launcher,1,3053,796,8.32
Chicken in The Corn,1,105,71,0.0
Child-Dream,1,60,6,0.0
Childish Things,4,138,79,359.645
Childish Things Ltd,2,113,60,254.29
"Children of Cyberspace, In-Dialog Collective",1,8,0,0.0
ChillFun,3,12,5,0.0
ChillSwitch Games,1,392,40,0.0
Chilla's Art,15,9341,2117,1.1186666666666667
Chillax Games Studio,1,30,19,4.6
Chim Ruoi Games,1,58,10,0.0
Chime Corporation,1,656,99,9.43
Chimera Entertainment,2,106,24,2.075
Chimeric,1,13393,592,24.78
ChimpLabs,2,169,394,0.44
Chinykian Games,1,43,2,0.0
Chlebek,1,1,0,0.0
Chloro,1,122,11,0.02
Chocoarts,1,132,38,2.68
Chocolate Liberation Front,1,75,43,6.03
Chodnii,1,7,1,0.0
Choi Jaewook,1,1,1,0.0
Choice Provisions,4,2097,872,4.7925
Choice of Games,42,5175,773,1.611904761904762
Chondrite Games,1,281,126,9.4
Chongming Studio,1,6347,2089,12.93
Chongqing Yan Wan network technology Co.Ltd.,1,0,1,0.0
Chopin et al.,1,198,31,0.62
Chris,1,199,42,2.85
Chris Antoni,4,275,26,0.9125
Chris Braibant,1,2,1,0.0
Chris Charbonneau,1,16,6,2.92
Chris Corkill,1,2,0,0.0
Chris Danelon,1,30,5,0.0
Chris Folea,1,36,0,0.0
Chris Hanna,1,3,0,0.0
"Chris Hecker, John Cimino",1,1199,326,6.5
Chris Holtshouser,1,28,10,0.0
"Chris Johnson, Chris Larkin",1,382,51,0.53
Chris Klimowski,1,31,1,0.0
Chris Mailloux,1,24,17,0.0
Chris McFarland,2,1046,139,14.93
"Chris Nordgren, Jordi Roca",1,12763,634,9.9
Chris Pow,1,13,4,0.0
Chris Sawyer,1,531,84,6.42
Chris Sawyer Productions,2,12146,1008,11.265
"Chris Shanaz, Scuffed Development",1,55,8,0.0
Chris Verner Studio,1,3,0,0.0
ChrisBSM,1,2,0,0.0
Chris_Antoni,1,25,1,0.0
Christian Bommert,1,6,0,0.0
Christian Reuter,1,111,47,1.85
Christian Slater,1,8,1,0.0
"Christian Whitehead, Headcannon, PagodaWest Games",1,24500,1631,7.97
"Christina Leskowyak, Cynthia Gainey, Steven Ulloa, Kaitlyn Monroe, Gavin Crossland, Tiana George, Zhakia Powell",1,8,2,0.0
Christine Barron,1,83,19,0.2
Christoffer Tornell,1,18,0,0.0
Christoph Frey,1,44,9,0.0
Christoph Schultz,1,730,13,4.42
Christophe Vanhille,1,0,2,0.0
Christopher &amp; Max,1,11,3,0.0
"Christopher Anselmo, Fern Nigro",1,50,5,0.0
"Christopher Chang, Makena Williams",1,1,0,0.0
Christopher Cinq-Mars Jarvis,2,153,53,1.005
Christopher Jarvis,1,31,24,1.03
Christopher Juerges,1,79,16,0.0
Christopher Pollard,1,1,0,0.0
Christopher Rodgers,1,1,0,0.0
Christopher V. Costello,2,10,2,0.0
Christopher Wagner,1,62,16,0.0
Chromatic Dream,1,31,27,5.48
Chromatic Games,4,36956,7964,26.64
Chromatic Junkyard Studios,1,6,0,0.0
Chromeleon Games,1,3,1,0.0
Chromosphere Games,1,379,95,8.18
Chronic Logic,1,101,45,1.75
Chronic Vagrant,1,34,0,0.0
Chronicle Bench,1,156,36,1.75
Chronicle Games,2,82,28,2.2
Chronicle Games Ltd,1,135,88,3.5
Chrono Dragon Studios,1,5,1,0.0
ChronoYuki,1,53,9,0.1
Chronos Unterhaltungssoftware,1,4085,954,6.55
Chronospace,1,496,118,0.0
Chubiri,1,5,1,0.0
Chuck Productions,1,232,268,4.05
Chucklefish,2,156405,13622,34.375
Chump Squad,1,107,6,0.1
Chun Y.,6,126,26,0.049999999999999996
Chute Apps,1,120,10,0.0
Cien Studio,1,0,2,0.0
Cilithocal Game Studios LLC,1,2,0,0.0
Cindy Pondillo,1,14,2,0.0
Cinemaware,2,507,142,1.73
Cinnamancer Studios,1,131,20,0.0
Cinnoman Games,1,18,0,0.0
"Cinétévé Experience, BackLight, TAPE",1,113,24,0.0
Cipher Hive,2,37,37,3.84
Cipher Prime Studios,4,1282,208,5.405
"Circle Five Studios, Pub Games",1,7689,1548,16.38
Circle Meimitei,1,298,77,26.82
Circle Poison,3,1209,451,5.463333333333334
Circletempo,1,135,17,0.0
Circumlocutory Games,1,14,10,0.0
Circus,1,125,5,0.0
Circus Atos,2,982,43,1.085
Citadel Studios Inc,1,904,728,0.82
Citeremis Inc.,2,357,92,13.11
Citizen of Life Games,1,185,45,18.33
"CitizenZ, CitizenZ",1,1,1,0.0
Citor3,1,59,20,1.33
City From Naught Inc.,1,221,48,1.18
City Interactive,5,19894,8176,3.196
City Interactive S.A.,13,1171,597,0.7123076923076923
City Quests Media UK,1,5,6,0.0
Civil Savages,1,27,13,0.0
Clara Lehenaff,1,175,93,12.85
Clarity Games,1,403,113,0.0
Clarus Victoria,5,3932,569,9.078
Class of  2016-2017,1,65,62,0.27
Class of 2015-2016,1,11,7,0.0
Class of 2017-2018,1,19,11,0.0
Class of 2019-2020,2,106,28,0.0
Class-2,1,336,68,0.0
Class-X Games,1,131,38,10.08
Classic Chocolat,2,2072,37,0.0
Classic Game Software,1,48,15,0.03
Classroom Graffiti Productions,1,8,1,0.0
Classy Yak Game Studio,1,43,17,0.28
"Claudio Norori, Antonio Vargas",1,1585,631,1.63
"Claudiu Kiss, The Irregular Corporation",1,48356,3299,13.65
Claudius Keigfron,1,3,0,0.0
Claw Mark Productions,1,31,8,0.0
Claws Up Games,1,19,2,0.0
Clay Peterson,1,211,19,0.0
Claymatic Games,1,83,3,0.0
CleanWaterSoft,3,310,119,4.416666666666667
Clear Light Games,1,5,11,0.02
Cleardot Games,1,16,2,0.0
Cleaversoft,1,80,25,0.0
Cleiton Oliveira,1,83,20,5.45
Cleril Calamity Studios,2,95,44,1.15
Cleveland Mark Blakemore,1,424,188,0.0
Clever AI,2,28,4,0.0
Clever Beans,1,58,42,0.88
Clever Endeavour Games,1,46319,1981,9.67
Clever Plays,3,9176,1355,4.263333333333334
"Clever Simulation Entertainment, Kajaani University Of Applied Sciences, Finnish Museum Association, Kajaani Art Museum, Artist Suvi Solkio",1,39,5,0.0
Cleversan Games,3,4472,1472,7.166666666666667
Cleversan Software,1,467,223,2.7
Cleverweek,8,914,493,4.13875
Clewcat Games,1,391,88,4.38
Cleyton Jonnas da Silva,1,82,29,0.0
Cliax Games,1,210,10,0.25
ClickBuildGames,1,2,0,0.0
ClickGames,3,324,54,2.7900000000000005
Clickbait Studios,1,81,23,0.0
Clickteam,1,19,7,0.0
Client/Frontend: Endava  / Backend: SuperNimbus,1,7826,8234,40.72
Cliff,1,136,11,0.0
Cliffhanger Productions,3,356,333,0.3933333333333333
Clifftop Games,2,4345,354,20.54
"Clifftop Games, Faravid Interactive",1,1721,119,5.1
Clike,1,3,3,0.0
Climax Studios,7,5817,2027,6.291428571428571
Climax Studios Ltd,1,38,14,0.0
Climax Studios Ltd.,1,161,24,0.18
Clint Decker,1,10,0,0.0
Cloak and Dagger Games,3,2455,336,1.0033333333333332
Cloaz Studio,5,90,77,0.0
Clock Drive Games,1,38,34,0.0
Clock Wizard Games,1,479,229,1.42
ClockStone,7,8844,1493,2.5557142857142856
ClockWork Wolf,1,192,69,1.35
Clockstone,1,144,185,2.43
Clockwork Acorn,1,93,7,0.23
Clockwork Game Software,1,24,33,0.03
Clockwork Origins,2,26,7,0.0
Clockwork Wolf,2,841,194,2.1500000000000004
Cloisters Interactive,1,358,60,0.0
ClorithStudio,1,35,7,2.0
Closed,1,1,4,0.0
ClouDxStudio,1,2,2,0.0
Cloud 9 Limited,1,25,7,0.0
Cloud Sprout,1,0,1,0.0
"CloudGate Studio, Inc.",1,331,108,1.27
CloudScapeGT,2,2,1,0.0
CloudTheWolf Games,1,95,35,0.0
"Cloudcade, Inc.",1,2458,1220,82.75
Cloudfire Studios,1,54,21,0.5
Cloudhead Games Ltd.,5,6731,758,1.638
Clouds,1,153,77,2.07
Clover Bite,1,4936,852,7.22
Club Foxhole,1,62,3,0.0
ClubHouseVR,1,29,3,0.0
Clymenia,3,2505,265,5.2
Clément Salotti,1,7,2,0.0
Coal Supper,1,2606,110,0.0
Coal Valley Games,1,253,46,1.38
Coalescent Studio,1,42,10,0.0
Coatsink,2,1081,239,3.625
"Coatsink, GrizzlyGames, Stage Clear Studios",1,15434,882,4.23
"Coatsink, Secret Lunch",1,161,52,3.92
Cobalt Flow Studios,1,1,0,0.0
"Cobble Games, Disaster Studio",1,926,695,1.97
Cobley Games,1,7,10,0.0
Cobra Mobile,7,1296,540,1.4114285714285713
Cockroach Inc.,1,1893,280,7.13
CocoCode,1,11,0,0.0
Cococucumber,1,479,93,4.95
Coconut Island Studio,1,1212,323,13.8
Coconut Shavers,2,533,154,214.36
Coconut Tree Studio,1,52,71,0.12
Cocopo,1,242,95,1.95
Code Adventure,1,11,0,0.0
Code Avarice,1,106,33,1.42
Code Club AB,2,3650,1776,37.165
Code Force,1,1377,442,22.08
Code Horizon,3,12075,4868,13.866666666666667
Code Mystics,1,751,149,1.1
Code Wakers,1,1009,82,3.83
CodeBrush Games,1,5594,2053,4.0
CodeForce,1,2304,933,21.12
CodeManu,1,26,9,1.93
CodeParade,1,1044,215,1.83
Codebyfire,1,995,166,10.17
Coded Emotion,1,101,19,0.0
Codeglue,1,52,16,4.82
Codeless Man Games,1,45,11,0.0
Codemasters,14,159369,25180,27.66142857142857
Codemasters Action Studio,1,787,723,2.23
Codemasters Birmingham,1,555,182,11.87
Codemasters Digital,1,1019,1326,7.43
"Codemasters Racing, Feral Interactive (Mac), Feral Interactive (Linux)",1,6764,1914,8.05
"Codemasters, Feral Interactive (Linux)",1,4720,3172,5.58
"Codemasters, Feral Interactive (Linux), Feral Interactive (Mac)",1,34981,4810,16.82
"Codemasters, Feral Interactive (Mac)",1,3864,640,49.98
"Codemasters, Feral Interactive (Mac), Feral Interactive (Linux)",2,18165,3922,22.75
Codename Entertainment Inc.,2,13632,3772,173.675
Codespace,1,3,1,0.0
Codev Games,1,30,28,0.0
Codevictus Inc.,1,6,0,0.0
Codex Worlds,1,40,30,4.8
Code}{atch,2,9963,7895,40.235
Coding Leap,1,36,6,0.0
Codrin Bradea,1,2452,18,0.83
Cody Penn,1,218,31,3.28
"Cody Wren, David Tree, Jon Pearce",1,9,1,0.0
Coffee Addict Studio,1,59,134,2.17
Coffee Powered Machine,1,657,201,3.77
Coffee Stain Studios,5,304878,14912,23.91
Coffee Studio,2,53,1,0.0
Cogoo,1,88,8,0.0
Cogwheel Software,1,3419,989,5.97
Coilworks,1,809,124,2.95
"Coilworks, Double Eleven",1,250,36,1.47
Coke Cat Studio,2,2,10,0.0
Cold Beam Games,3,9517,799,4.466666666666667
Cold Beverage Studios,1,1,0,0.0
Cold Iron Studios,1,19732,4999,17.03
Cold Mass Digital Entertainment,1,4,2,0.0
Cold North Games,1,2,0,0.0
Cold Pressed Games,1,365,21,0.0
Cold Snap Games,1,33,11,0.0
Cold Symmetry,1,5956,2640,7.78
Cold Tea Studio,1,318,144,4.42
ColdFear,1,0,2,0.0
ColdGames,1,9481,3632,41.72
Colddagger,1,1,1,0.0
Coldrice Games LLC,2,282,193,1.79
Coldwild Games,2,1997,336,16.73
"Coldwild Games, Vladimir Slav, Helen Nazarenko",1,87,13,3.47
"Coldwild Games, illufinch",1,1946,112,3.12
Coldwood Interactive,3,10621,2061,2.893333333333333
Cole,1,14,6,0.0
Cole and Jordan Studios,1,7,1,0.0
ColePowered Games,1,563,81,1.93
Colestia,3,837,97,0.6433333333333333
"Coletivo Vaca Roxa, Vee, JoyMasher, PKO Game Studio, Spookids Team, Calangames, Expresso Studios, Pastel Studios, Heavy Sheep, LASTONE, Asteristic Game Studio",1,344,53,4.83
Colibri Games,1,5630,821,5.17
Colin C.,1,2,0,0.0
Colin EUMP,1,5,2,0.0
"Colin Wren, Sean Scaplehorn, Wayne Jackson, Jason Mallett",1,133,73,5.55
"Collin, Kaleb, & Jeya",1,40,7,4.33
ColloseusX,10,1643,1120,1.886
"ColloseusX, cpmilan",1,136,119,4.17
Colonial Life,1,19,4,0.0
Colonthree Enterprises,1,46,45,6.0
Color Brush Studio,2,65,49,3.25
Color Games,1,3,0,0.0
Colorfiction,3,659,114,0.4266666666666667
ColorfulMaxtrix,1,44,19,0.0
Colorgrave,1,402,33,7.73
Colorspace Studio,1,52,4,0.3
Colossal Games,2,332,344,1.89
Colossal Order Ltd.,3,258617,20703,25.926666666666666
Colossal Wreck,2,174,197,4.46
Colosse Team,1,124,25,0.23
Colossus Game Studio,1,12,4,0.0
Colossus Interactive,1,18,10,4.63
Com Giekalitasontonvon,1,9,2,0.0
ComCODE,1,647,179,15.33
Comag Game,1,8,14,0.0
"Comcept, Inti Creates",1,1680,1660,7.08
Cometsoft Inc.,1,2352,91,1.82
Comfort Zone Games,1,27,2,0.0
Comfy Company,1,4238,594,0.0
ComixPlay,1,20,2,3.47
Command Development Team,1,1216,212,77.77
Command Z,2,21,7,0.0
CommandosPro,1,6,13,0.0
Common Visual Entertainment,1,15,17,0.0
Commotion Games Pty Ltd,1,27,66,0.33
ComonGames,3,5165,1788,3.1833333333333336
Company Not Found,1,17,7,0.0
Completely Fair Games LLC,1,95,80,0.0
Complex Plane,1,95,7,0.0
"Compro Games, Accolade",1,12,1,0.0
Compulsion Games,2,15209,3610,10.68
Computer Artworks,1,43,4,0.0
Computer Lunch,1,21284,2406,37.53
Computerhouse,1,86,53,0.15
Con Artist Games,2,5644,1500,10.975
"Con Man Games, Sean Young",2,13311,398,7.485
"Conan McPhee, Joe Assi",1,2,1,0.0
Conarium Software,1,13,3,0.0
Conatus Creative Inc.,1,1861,591,8.6
"Concave Studio, Colorful Media, Emagica",1,75,58,3.9
ConcernedApe,1,872384,13811,80.92
ConchShip Games,1,42350,18287,79.52
Concrete Games,1,65,8,0.0
"Concrete Games Classic, Corentin Derbré",1,22,14,0.15
Conflux Games,1,18,2,0.0
Confused Genius,1,25,6,9.57
Confused Pelican,2,515,100,1.5250000000000001
Confused Studios,1,16,11,0.0
Congo Jungle Games,2,325,29,0.0
Conifer Games,1,206,291,10.07
Conifer Studios,1,14,1,0.0
Conmtrast,1,4,5,0.0
Connection,1,154,5,0.0
Connor O.R.T. Linning,1,114,12,0.27
"Connor Sherlock, Cameron Kunzelman",1,50,10,0.0
Connor Ullmann,1,68,67,0.0
"Conor Petersen, Thunkspace, LLC",1,7934,265,5.07
Conrad Nelson,1,295,208,1.45
Consala Games,1,60,83,0.0
Considera Games LLC,1,128,70,0.0
Construct Studio,1,363,27,0.23
Consumer Softproducts,1,20136,655,9.92
Contec Games,1,109,23,2.82
Continental Games,1,2,0,0.0
Contingent99,1,18633,1887,12.37
Contra Concept,1,143,1,0.0
Contraband,1,178,20,0.0
Contraddiction Games,1,10,0,0.0
Convict Games,1,72,36,0.0
Convoy Games,2,1263,410,3.61
CooCooSqueaky Games,1,45,46,0.0
Cookie Games Club,1,33,2,0.0
CookieByte Entertainment,1,773,206,3.97
CookieLegends,1,14,2,0.0
Cool Games Studio,1,3,0,0.0
Cool Smithy Games,1,65,11,0.0
CoolCraftGames,2,15,3,0.0
CoolHappy-Game,1,48,20,0.0
CoolJosh3k,1,27,6,0.0
Coolegion Studios,2,26,19,9.56
Coolhand Interactive,1,1211,144,1.33
CooperAceProductions,1,5,1,0.0
Cooply Solutions Ltd,1,5,2,0.0
Copenhagen Game Collective,1,37,11,0.67
Copper Heart Factory,1,12,0,0.0
Copperglass,1,284,19,0.57
Copybugpaste,2,740,294,7.125
Corbak Games,1,23,3,0.0
Corbie Games,2,2188,852,7.955
Cordelia Games,3,453,105,5.2
Cordens Interactive,1,75,14,14.97
Cordless Games Studio,1,7,0,0.0
Core Design,6,9926,2264,10.02
Coredumping,1,6835,409,59.85
"Corefun Studios, LLC",1,13,1,0.0
Coreplay,2,165,73,1.485
Coreplay GmbH,1,200,123,13.53
"Coreplay GmbH, Bigmoon Studios",1,1241,470,21.88
Coresoft Inc.,1,80,5,0.0
Corey Martin,1,156,5,0.0
"Corey Martin, Alan Hazelden, Mari Zand, Zach Soares",1,272,12,4.17
"Corey Martin, Teo Zamudio",1,172,8,0.0
Corey Wurts,1,0,3,0.0
Corfaisus,1,4,3,0.0
Corkscrew Developments,1,1,2,0.0
Corn Entertainment,1,20,0,0.0
"Corn Fed Games, LLC.",1,78,79,0.8
"Cornbilt, LLC",1,19,2,0.0
Corner Office Games,1,137,23,0.0
Cornered Rat Software,1,1863,1850,3.53
Cornfox & Brothers Ltd.,1,1649,421,4.32
Cornutopia Software,2,20,5,0.0
Coronado Games,1,233,319,2.75
Corpix Games,1,166,138,0.72
Corpse King Games,1,22,10,0.0
Correcture Games AB,1,6,1,0.0
Corroding Games,1,6035,206,23.8
Corrosive Studios LLC,4,340,108,2.08
Corrupted Media Productions,1,66,15,0.0
Cortex Code,1,0,1,0.0
Cortopia Studios,1,41,35,0.12
Corva Nocta,1,3,0,0.0
CorvusCorax_studio,1,3,1,0.0
Cory Long,1,6,5,0.0
"CorypheeSoft, DigitalEZ",1,491,58,7.03
CosCom Art Group,1,119,39,0.0
CosMonkeys,1,39,0,0.0
Cosmic Cow LLC,1,3172,1108,4.3
Cosmic Forces,1,57,13,0.0
Cosmic Key,1,5,1,0.0
Cosmic Logic,2,169,59,1.385
Cosmic Picnic,1,104,8,0.85
Cosmic Pictures,1,4,0,0.0
Cosmic Void,1,13,1,0.0
"Cosmic Void, Dave Seaman",1,144,8,0.0
Cosmic Works Studios,1,12,0,0.0
CosmicCrystal Games,1,21,4,0.0
Cosmo D,3,3161,340,5.13
"Cosmo Machia, Alfa System",1,68,46,0.4
Cosmo's Tuxedo,1,3,4,0.0
Cosmocat,3,21,5,0.0
"Cosmografik, Novelab, Ex Nihilo, ARTE France",1,76,21,0.0
Cosmographic Software,1,12102,515,6.05
Cosmoscope GmbH,1,78,14,0.48
Costek Games,1,365,26,0.33
Cotton Game,6,2005,179,2.58
Coty Getzelman,1,62,40,2.2
CouchFox Games,1,11,0,0.0
CoughE,1,295,23,1.47
Counterplay Games Inc,1,1519,859,13.97
Counterplay Games Inc.,1,3899,834,8.08
CourTEAM,1,5,3,0.0
Courtney Dawson,1,1,0,0.0
Cover Corp.,1,83,61,0.3
Cow Corp.,4,152,78,0.0
Cow Game,1,1,5,0.0
Cow Games,1,16,4,0.0
Cowboy,1,10,3,0.0
Cowboy Color,2,290,45,2.125
Cowleyfornia Studios,1,19,3,0.0
Coyote's Corpse,1,78,14,0.0
Cozy Bee Games,4,4004,442,2.425
Cozy Game Pals,2,128,30,0.61
Cozy Village,1,47,0,0.0
Cptn_troll,1,2,1,0.0
Crabby Team,2,27,34,0.0
Cracked Heads Games,1,848,371,2.33
CrackedGhostGames,2,60,46,3.17
"CrackedGhostGames, Raster_Entertainment",1,71,8,0.0
CrackerJack Games,1,11,4,13.05
Crackpot Entertainment,1,341,115,6.0
Crackshell,2,13815,1804,17.84
"Crackshell, Croteam",1,411,95,7.18
Cradle Games,2,3673,1385,3.965
Craft Game Studio,1,1,1,0.0
CrafterYun,1,0,1,0.0
Crafting Legends,1,3291,242,4.22
Craftven,1,58,3,0.32
Crafty Game Lab,1,28,13,0.0
Crafty Studios,2,119,148,0.845
Craig Schwarz,1,10,2,0.0
Cranberry Production,3,1136,136,31.180000000000003
Craneballs,1,1337,698,7.0
Crania Games,1,65,28,0.0
"Crania Games, Goktug Ulvan",1,296,136,3.05
Crank Goblin,1,112,13,0.0
Crankage Games,3,255,22,0.0
Crankshaft Games,1,99,99,1.87
Cranky Watermelon,1,2477,93,8.92
Crapcom,1,50,29,0.0
Crashable Studios,1,132,54,0.02
CrashedReality,1,2,1,0.0
Crasleen Games,1,415,166,1.6
Crate Entertainment,1,93489,6241,55.03
Cratel Studios,1,42,5,0.0
Crater Studios,1,37,18,0.0
Crave,1,15,10,0.0
Crawly Games,1,290,19,23.62
Crayz,1,226,44,69.57
Craze Creative Studios,1,120,42,4.47
Crazy DEVs,1,9,6,0.0
"Crazy Dino Game Studio, Felipe Mauricio, Octavio Gomes, Victor Luccas Frey",1,15,0,0.0
"Crazy House, Discus Games",1,36,11,0.0
Crazy Rocks,2,6674,836,1.7200000000000002
Crazy Rocks Studios,1,941,693,1.47
Crazy Turtle Games,1,38,10,0.0
Crazy Viking Studios,1,1967,450,3.23
CrazyBunch,3,2234,381,5.446666666666666
CrazyMoo Games,1,858,1044,3.38
CrazySim,2,7,2,0.0
Crazyant,1,445,96,3.82
Crazysoft Limited,4,71,22,1.5
"CreSpirit, GemaYue",1,11354,504,15.87
"CreSpirit, STORIA, Narrator",1,1587,118,2.9
CreaTeam,3,282,118,0.32666666666666666
Creability,2,8847,2539,1.26
Creaky Corpse Ltd,1,18844,7957,7.57
Creaky Lantern Games,1,54,2,0.0
CreamCatGame,1,1831,450,4.25
Creamative,1,32,11,0.0
Creashock studios,1,37,47,0.0
Creat Studio,1,335,108,0.63
Creat Studios Inc,1,40,15,0.0
Create Game (OlegM),1,105,36,0.0
Create Our Freedom,1,16,5,0.0
Create Something Interesting,1,41,5,4.0
"Create Something Interesting, Sixty6Games",1,7,1,0.0
"Createdelic, LLC",1,184,11,0.0
Creatio 49,1,46,11,5.25
Creativ Game Developer LLC,1,0,1,0.0
"Creative Assembly, Feral Interactive",1,9102,2860,42.03
"Creative Assembly, Feral Interactive (Mac), Feral Interactive (Linux)",1,56716,4115,14.87
"Creative Assembly, PC Port - Hardlight",1,1144,1163,2.35
Creative Cog Games,1,4,0,0.0
Creative Concepts,1,256,159,11.33
Creative Freaks Inc.,1,50,13,2.12
"Creative Games Computer Graphics Corporation, Neon Doctrine",1,3743,224,3.23
Creative Hand,1,65,21,0.0
Creative Ink Games,1,44,4,0.0
Creative Oven Studio Group,1,2,4,0.0
Creative Pudding Hungary Llc.,1,543,124,6.67
Creative Storm Entertainment,3,866,255,4.566666666666666
CreativeForge Games,4,7908,2892,5.8175
Creativer Game Studio,1,19,4,0.0
Creature Labs,1,12,2,0.0
CreatureUnknown,1,109,2,0.22
Creazn Studio,1,87,80,2.38
Creepy Brothers,5,4422,687,2.79
Creepy Crew,1,7,4,0.0
Creepy Cute,1,1379,54,3.22
Creepy Jar,1,69304,11300,19.48
Crema,2,34708,7428,24.96
Crematorium of Time,2,566,601,0.34
Crenetic,2,3428,2519,13.885
Crenetic GmbH Studios,4,3448,1108,3.345
Creobit,39,2801,996,1.9020512820512823
"Creobit, Workroom7",1,174,22,4.57
Creoteam,2,4206,734,78.41
CreptsyStudio,1,26,1,0.0
Crescent Moon Games,1,271,249,3.83
"Crescent Moon Games, Cinopt Studios",1,306,168,4.47
"Crescent Moon Games, We're Five Games, Blowfish Studios",1,72,33,0.0
Crew Lab,11,4980,627,1.28
Crian Soft,3,810,282,1.0933333333333335
Crimson Cow,1,37,26,0.5
Crimson Rays,1,1,1,0.0
Crimson Tales,1,477,57,10.22
"CrimsonBlackGames, JR 01, Ken Railey",1,2,0,0.0
CrimsonRabbit,1,17,27,0.02
Crimsonite Games,1,107,16,0.0
CrioGames,2,38,5,0.0
CrioLand,1,56,58,3.45
Crisan Andrei Alexandru,1,1,2,0.0
Crisoberilo Digital,1,7,0,0.0
Crisp App Studio,12,915,330,1.0233333333333332
Crispon Games,1,37,46,2.95
Crispy Software Development,1,5,1,0.0
Criss Cross Games,1,18,31,1.93
"Cristian Manolachi, Atomic Fabrik",1,330,110,3.83
Criterion Games,4,52384,12580,8.555
Critical Bit,1,81,20,3.48
Critical Forge,1,79,39,0.0
Critical Games,2,228,41,5.1
Critical Miss Games,1,38,5,0.0
Critique Gaming,1,272,72,4.4
Croatian games republic,1,9,5,0.0
Crocodile Entertainment,1,271,147,2.1
Crocodile and cactus,1,3,1,0.0
Cronyx,1,1,1,0.0
Crooked Road,1,17,7,0.0
Crooked Snout Games,1,2,1,0.0
Crooks Peak,1,14,2,0.0
Cross Eaglet,1,344,34,3.77
Cross and Dot Products,1,4,0,0.0
Cross-Product,1,2186,479,3.92
"CrossComm, Inc.",1,13,0,0.0
Crossingstar Studio,1,136,57,0.8
Crossplatform,1,1,0,0.0
Croteam,10,98635,9934,5.586
Croteam VR,5,3174,562,2.054
"Croteam, Alligator Pit",1,3221,348,9.9
"Croteam, Timelock Studio",1,4121,331,6.07
Crow's Key Studios,1,95,22,0.0
Crow's Perch,1,5,1,0.0
Crowbar Collective,1,121562,6131,15.52
Crownbird,1,229,24,0.0
Crows Crows Crows,1,9108,665,1.18
"Crows Crows Crows, Squanch Games",2,3041,435,1.775
Crucial Experiment,2,2018,147,0.0
Cruderocks,1,3265,2684,11.03
Cruise Elroy,1,573,9,3.48
Crunching Koalas,1,278,34,1.05
Crunchy Games,1,1009,270,2.98
"Crunchy, Munch and Partners",1,45,0,0.0
"Cruz Hope, Connor Perry, Zain Shah",1,9,2,0.0
Crynosaurs,1,222,77,0.0
Cryo Interactive,2,160,117,0.685
"Cryo Interactive, Koalabs",1,38,63,0.0
Cryoshark,1,5,2,0.0
Cryptic Comet Games,1,39,4,0.0
Cryptic Sea,1,2347,996,15.88
"Cryptic Sea, Edmund McMillen",1,277,204,0.22
Cryptic Studios,3,48876,14036,70.25
Crypton Future Media,1,460,183,3.97
Crystal Box Team,1,18,33,0.0
Crystal Clear Entertainment SB,1,20,11,0.0
Crystal Depths Studio,1,356,162,0.88
Crystal Dynamics,9,25550,6238,3.8133333333333335
"Crystal Dynamics, Eidos-Montréal, Feral Interactive (Mac), Feral Interactive (Linux), Nixxes",1,128080,8100,19.95
"Crystal Dynamics, Eidos-Montréal, Feral Interactive (Mac), Nixxes",1,238239,9691,13.28
"Crystal Dynamics, Eidos-Montréal, Nixxes",1,22704,11386,26.87
Crystal Empire Games,1,119,40,4.93
Crystal Game Works,5,469,94,0.0
Crystal Heart's Studio,1,15,3,0.0
Crystal Shard,4,1240,175,1.7550000000000001
Crystalia Games,1,19,12,0.0
CrystallPunk,1,18,4,0.0
Crystallized Games,1,59,26,0.0
Crystar Games,1,3,5,0.0
Crystice Softworks,1,252,86,0.0
Crytek,6,235375,76774,28.715
Crytek Studios,2,20027,3861,5.26
Crytivo,1,8207,1930,15.1
Ctrl Alt Ninja Ltd.,1,1124,232,5.58
CtrlMovie,1,7628,1217,3.92
Cualit Eng. Ltda.,1,3,1,0.0
Cubamano,1,231,72,9.57
Cube,1,254,42,0.0
Cube Factory,1,24,3,0.0
Cube Roots,1,333,198,3.03
CubeCube Sports Ltd.,2,1463,589,1.36
CubeInSquare,1,15,2,4.38
CuberZ,4,6,2,0.0
"Cuberz, CharileH",1,69,31,0.6
Cubic Pie,2,378,266,2.46
Cubic Timeline Productions Inc.,1,14,3,0.0
Cubical Drift,1,422,198,7.38
Cubicle Ninjas,1,96,27,0.22
Cublo,1,332,217,5.48
Cubus Games,1,14,1,0.0
Cuco Code LLC,1,1,0,0.0
Cuddle Code,1,9,2,0.0
Cuddle Monster Games,1,296,23,7.9
Cuddle Tree,1,6,3,0.0
Cuddly Zombie Games,1,21,2,0.0
Cuirass Entertainment Ltd.,1,36,7,0.0
Cult Software,4,329,76,2.385
Cultic Games,1,1619,819,8.98
"Culture Attack Studio, Tyler Doak",1,266,86,0.6
Cunning Force Games,1,23,7,4.57
Cunum Games,1,18,32,0.0
"Cupana Games, Felipe Maia, Victor Luccas Frey",1,22,1,0.0
CupcakeTime Team,1,33,5,0.0
Curio Productions,1,73,15,0.0
Curiobot,1,168,92,3.9
Curiosity Computing,1,21,1,0.0
Curious Panda Games,2,717,246,7.625
Curious Planet,2,210,29,0.0
Curious Studio,1,14,5,0.0
Curious Visions,1,121,19,0.0
Curlee Fro,1,7,1,0.0
Currant Games,1,6,2,0.0
Curse Box Studios,1,91,107,18.78
Cursing Otter,1,21,5,0.0
Curtel Games,1,72,19,0.48
"Curtel Games, Xteam software solutions",1,16,11,0.0
Curtis Ashford,1,94,53,0.0
Curtis Holt,1,12,18,37.65
Curve Studios,2,1122,179,2.0700000000000003
"Curve Studios, FuturLab",1,189,70,4.08
Curveball Games,1,8,3,0.0
Cutlass Boardgames,2,144,17,0.0
Cuve Games,2,564,436,4.35
Cuveet Story,1,169,37,2.48
CyOEntertainment,1,4,4,0.0
Cyan Inc.,1,3076,781,5.93
Cyan Worlds Inc,7,5365,802,3.1514285714285712
Cyanide,1,34,133,2.35
Cyanide Montreal,1,201,242,6.17
Cyanide Studio,20,29729,8319,22.7695
"Cyanide Studio, Spiders",1,1474,518,4.37
"Cyanide Studio, Umix Studios",1,40,37,0.0
Cyanide Studios,6,11332,3681,17.81833333333333
Cyber Intellect Ltd,1,50,2,0.0
Cyber Keks,1,22,23,0.0
Cyber Rhino Studios,1,230,49,4.1
CyberCoconut,1,72,35,0.67
"CyberCoconut, Fabio Ferrara",1,4609,1617,0.53
CyberConnect2,3,20983,3011,16.076666666666664
CyberConnect2 Co. Ltd.,5,152357,15128,15.134
"CyberConnect2 Co., Ltd.",1,7336,1365,15.53
CyberDream,1,328,155,4.83
"CyberFlux Games, Gabro Media",1,49,9,0.53
CyberLab Studios,1,4,0,0.0
CyberLight Game Studio,1,17125,3741,6.75
CyberPunch Studios,1,169,98,2.93
"CyberStep, Inc.",3,882,671,7.596666666666667
"CyberStep, Inc., Rideon Works Co. Ltd,",1,5,3,0.0
Cyberflix Incorporated,1,344,52,3.18
Cybergrotex,1,93,73,0.67
Cyberith GmbH,1,305,65,0.47
Cyberlore,1,530,38,4.68
Cyberlore Studios,1,17,1,6.52
"Cyberlore Studios, Inc., Accolade",1,48,22,0.1
Cybernate,1,147,25,1.62
Cybernetic Walrus,1,178,91,1.15
Cybernetik Design,1,85,13,3.37
CyberphobX,1,26,25,0.0
CyberphobX Ltd.,1,259,162,16.6
Cybershoes GmbH,1,7,2,0.0
Cybertime System,1,28,32,0.0
Cyberworks,1,28,7,0.23
"Cyborg Syndicate, LLC",1,1,1,0.0
Cybreath,1,11,7,0.0
Cyclone Studios,3,181,38,6.253333333333333
Cydonian Games,1,109,38,0.0
"Cygames, Inc.",1,10839,3875,209.38
"Cygames, Inc., Arc System Works",1,7086,1453,24.1
Cygnus Studios,1,192,23,0.45
Cykyria,2,25,5,0.0
Cylight Studios,1,43,37,0.0
Cylinder Studios,1,2374,793,7.85
Cylne,1,34,38,0.48
Cyphen Productions,1,9,2,0.0
Cypron Interactive,1,557,67,94.05
Cypronia,1,119,53,0.7
Czester16,1,161,180,3.85
"Cécile Amstad, James Lennon, Lindsay Orsini, Himanshu Chaudhary, Hunter Kyle",1,1,2,0.0
Cédric Andreu,1,12,1,0.0
Cтрельба,2,233,47,0.0
D I S S,1,2,0,0.0
D&A Studios,1,876,65,3.1
D'Avekki Studios Ltd,2,815,210,2.675
"D'Avekki Studios Ltd, Wales Interactive",1,1221,356,3.2
D-Ark Studio,1,214,83,1.4
D-Pad Studio,2,7499,1176,4.485
D.C.S,1,2562,154,0.32
D.E.X. Team,1,333,103,5.2
D.K Studio,1,1959,624,2.55
D.P.L.D.S,2,41,9,0.0
D.Virus,1,2,0,0.0
D.W.S,1,64,39,2.13
D.W.S.,1,79,79,0.25
D1ONE,6,135,126,2.15
D247 Games,1,45,26,3.63
D3T,1,2619,326,6.1
D3T Limited,1,9533,2269,4.5
D4 Laboratory,1,57,17,0.0
D47 Games,1,0,1,0.0
D6,1,116,47,0.17
DACS Laboratories,1,12,3,0.0
DALESI,2,131,67,0.0
DANG!,1,1174,53,2.08
DANKIE,2,23391,8715,3.475
DARK STAR,1,636,339,5.15
DAWN STUDIO,1,362,175,79.93
DAX Entertainment,1,39,10,0.0
DAthoughts,1,18,8,0.0
"DB Attic Studios, LLC",1,6,0,0.0
DBH,1,34,4,0.0
DCGsoft,1,36,33,0.13
DD Gaming,1,2,3,0.0
DD-Consulting,1,18,19,0.0
DDD,1,5,2,0.0
DDD Wares,2,272,51,1.035
DDDimanN,1,2620,341,5.33
DDNet Team,1,33440,4010,0.0
DDRACE,1,12,3,0.0
DDal,1,48,8,0.0
DDreams Games,2,257,24,0.0
DEAD CROW,1,0,2,0.0
DEADBIT,1,61,22,4.35
DEADFACTORY,1,145,126,0.1
DEFICIT Games,1,214,34,1.18
DEKLAZON,3,352,92,0.0
DELAPAIX,2,2,3,0.0
DENYS RUDYI GAMES,2,95,39,0.74
DESTINYbit,2,2377,1091,4.994999999999999
DEV TEAM,1,98,83,0.0
DEVCUBE STUDIO,1,16,11,0.0
DEVGRU-P,2,1895,151,2.575
DEVHOUR GAMES,1,58,7,0.0
DFour Games,1,17,26,3.35
DGTL Dojo,1,25,6,0.0
DHH Game,1,76,98,0.0
DIAMOND FOX,1,53,52,5.3
DICE,12,701353,297057,21.712500000000002
DICO,1,50,79,0.0
DICROL,1,2,1,0.0
DIEDEMOR STUDIO GAMES,1,76,31,0.33
DIGIDICED,10,1172,508,7.9
DIGIFOX,1,697,273,6.45
DIGITAL ART TEAM,2,12,12,0.0
DIGITAL ECLIPSE,1,264,56,1.8
DIMANCHE CORP.,1,274,6,0.0
DIMPS,3,36809,6350,34.656666666666666
DIRIGO GAMES,1,288,147,2.95
DK Productions,1,35,26,0.0
"DK Studio, Team Break",1,23,2,0.0
DK VIP Lounge,1,16,4,0.0
DL Softworks,3,3201,1371,3.0866666666666664
DM Media,2,132,93,0.25
DMD Enterprise,1,8,38,0.0
DMM GAMES,1,638,158,14.4
DMM VR lab,2,17,16,0.0
DMT,1,179,17,0.27
DMU Software,1,5,2,0.0
DNA ARMY GAMING,6,1931,712,0.7383333333333333
DNT Games,1,60,10,0.0
DNV,1,29,11,0.0
DNVR Prod,1,3529,1120,3.2
DNZY Games,2,131,87,2.325
DO MY BEST,1,7705,1133,4.55
DODRECK,1,14,2,0.0
DOG HOGGLER,3,2823,1051,7.859999999999999
"DOJI, NAOS Software",1,60,25,11.63
"DOMO Studio, SOFTSTAR ENTERTAINMENT",3,1592,470,5.416666666666667
DON'T NOD,1,995,305,7.63
DONTNOD ELEVEN,1,114,92,0.63
DONTNOD Entertainment,4,55115,11203,9.5625
"DONTNOD Entertainment, Feral Interactive (Mac), Feral Interactive (Linux)",2,194385,11450,8.375
DOPPELGESICHT,1,69,35,0.2
DOT Entertainment,1,5,16,0.0
DOVEINSKY,1,42,27,0.0
DP Corp,1,1,3,0.0
DP Games,1,70,24,0.0
DPAD-FTW,1,13,1,0.0
DQ Team,1,145,60,0.82
"DQ Team, Hidden Hallow Studio",1,200,61,3.77
DR Studios,2,3027,1275,2.255
"DRAGAMI GAMES, LTD.",3,733,197,5.05
DRAGO entertainment,2,22867,3730,8.405
DRAGOLITE,1,139,66,0.0
DRAUGR,1,11,13,0.0
DRAgame,1,1,2,0.0
DREAMFEEL,1,1866,202,3.43
DRILL Games,1,16,41,0.0
DRproject,1,0,3,0.0
DS | Voxaol,1,6,0,0.0
DSGame,14,29075,7630,3.1685714285714286
DSW Games,1,19,1,0.0
DTF games,1,392,54,9.17
DTP,1,308,76,0.35
DU&I,2,11435,252,21.21
DUCK,1,224,236,3.52
DUEL,1,22,6,0.0
DV,1,2,0,0.0
DVNC Tech LLC,1,1,1,0.0
DVS,1,557,61,17.68
DVloper,2,6476,444,6.96
DW Entertainement,1,4,4,0.0
DW Entertainment,1,1,0,0.0
DWall Games,1,21,18,0.0
DXF Games,1,11,2,0.0
DY STUDIO,1,26,1,0.0
DYA Games,5,3220,376,4.718
DYNAMICNEXT,3,680,230,2.59
DYSTANT Games,1,0,1,0.0
DZ WorldWide Pty Ltd,1,3,0,0.0
Da Boiz,1,26,22,0.0
Da Bongo Studio,1,17,3,0.0
DaFluffyPotato,2,35,9,0.0
DaFu Studio,1,63,44,0.17
DaGGaSoft,1,46,24,0.0
DaTigerGame,1,36,25,0.0
Dad Hat Games,1,417,66,0.0
Dadako,1,99,57,2.13
Daedalic Entertainment,21,55389,10072,5.657619047619048
"Daedalic Entertainment, Irresponsible Games",1,1262,464,3.6
Daedalic Studio West,1,1113,771,5.77
Dagger Games,2,17,59,1.01
Dagger Interactive Technologies,1,4,5,0.0
Dahku,2,43,0,0.0
Daijyobi Institute,1,220,58,0.0
Daily Magic Productions,1,91,25,0.0
DailyDreams,1,1,2,0.0
Daimen Gaming,2,8,3,0.0
Daisu Games,1,175,260,0.25
Daisy Games,1,29,0,0.0
Daisy Maze Games,1,31,10,0.1
DakeCraft,1,171,24,0.0
Dakror Games,1,48,11,0.0
Daksuki,1,34,4,0.0
Dalaran Game Studio,1,496,175,8.4
Dale Turner,1,982,115,5.17
Dali Games,1,183,39,0.0
Dalibor Kamnjanac,1,34,13,4.23
Dambuster Studios,1,9956,6497,13.65
Damian,1,9,1,0.0
Damian Bernardi,1,325,60,27.05
Damian Kubiak,1,1351,127,6.2
Damian Schloter,1,1791,355,7.37
"Damian Sommer, Emily Carroll",1,1178,249,4.02
Damnskulls,1,2,2,0.0
Damon Smith,1,447,8,0.0
Damsel Stone,1,23,3,0.0
Dan,1,80,49,0.0
"Dan  Walters, Ceri Williams",1,4018,811,2.92
Dan & Gary Games,1,418,65,10.75
"Dan Fornace, Pizza Freak",1,1463,103,1.12
Dan Goyette,1,34,3,0.0
Dan Hathaway,1,565,5,3.55
Dan Ruscoe,1,58,5,3.72
Dan Sanderson,1,97,5,0.0
"Dan Schumacher, SchuBox Games",1,35,3,0.0
Dan Trimble,1,78,20,0.0
Dan Walters,1,985,186,4.27
"Dan Zaidan, Gamecraft Studios",1,194,13,0.0
Dan_D,1,36,109,0.13
DanceGirl-Swimwear,1,3,3,0.0
Dancing Developers,1,92,22,1.0
Dancing Dots,1,40,6,0.17
Dancing Dragon Games,4,1772,302,3.155
Dandylion,1,8645,552,88.68
Dane Sherman,1,85,10,0.0
"Dane Winn, Alec Smith",1,296,19,0.0
Dangerous Derk Interactive,1,133,90,0.0
DangerousBob Studio LLC,2,47,43,0.0
Dani,1,139538,12895,58.58
Dani Marti,1,12,5,0.0
Danial Rashidi,1,161,58,4.92
"Daniel Benmergui, Jeremías Babini, Hernán Rozenwasser",1,368,23,1.58
Daniel Bourke,1,10,2,0.0
Daniel Davies,1,581,413,1.6
Daniel Eder,1,4,0,0.0
Daniel Fernandez Chavez,1,159,82,3.78
"Daniel Fuller, Cameron Beattie",1,48,16,0.0
Daniel Gelber,1,63,9,0.0
Daniel George,1,17,5,0.0
"Daniel George, Joshua Nelson",1,18,5,0.0
Daniel Gill,1,20,46,5.6
Daniel Hood,1,2,3,0.0
Daniel J Roberts,1,487,32,0.37
Daniel Jeanneau,1,25,1,0.0
Daniel Jonas,1,1,3,0.0
Daniel Jonathan Bourke,1,1410,368,0.87
Daniel Linssen,1,156,23,0.3
"Daniel Linssen, Detective, Ditto, Glitchnap, Shark Jump Studios",1,67,30,0.5
Daniel Long,1,3,2,0.0
Daniel McFarline,1,88,10,3.3
Daniel Mercier,2,368,85,0.0
Daniel Meredith,1,17,5,0.0
Daniel Michaneck,1,31,1,4.78
Daniel Mullins Games,3,148802,5227,9.026666666666666
"Daniel Noronha, Gabriel Noronha",1,27,6,0.0
Daniel Ocheda,2,4,1,0.0
Daniel Paul Griffin,1,1090,85,6.93
Daniel Riley,1,40,7,3.67
Daniel Rychlý,2,34,23,0.0
Daniel Siqueira Abdelnur,1,78,2,0.0
"Daniel Snd, Thiago Adamo, Bitten Toast Games Inc.",1,65,8,0.35
Daniel Snow,1,12,4,0.0
Daniel Wiitanen,1,23,6,0.0
Daniel Willett,1,9,1,0.0
Daniel Wright,1,353,79,0.25
Daniel da Silva,1,4,3,0.0
DanielDavisGames,2,176,17,0.05
Daniele Doesn't Matter,2,123,18,0.0
Daniele Ferraro,1,276,37,0.63
Daniil Titner,1,1,2,0.0
Daniil999O,1,5,3,0.0
Danil Kapylov,1,9,9,0.0
Danilo Solo Dev,1,10,9,0.0
Danius,1,115,20,0.0
Dankov Games,1,1,8,0.0
Danny Garay,1,74,15,0.0
Danstarr13,2,289,325,0.24
Daníel Ómar Hauksson,1,8,7,0.0
Daotuan Wang,1,101,21,0.0
Dapper Grim Studios,1,16,3,0.0
Dapper Penguin Studios,2,3497,1301,5.76
Dare Looks,1,56,8,0.0
Dari1168,1,10,6,0.0
"Dariia Babchuk, Andrii Petrov",1,146,28,0.0
"Daring Touch, 10th Art Studio",1,101,23,2.52
"Darius Immanuel D. Guerrero, K.S. Sim",1,27,12,0.0
Darius Immanuel Guerrero,2,353,50,0.0
Darjeeling,1,2047,90,2.78
Dark Amber Softworks,1,20,34,3.08
Dark Artz Entertainment,1,242,192,2.0
Dark Beast Game,1,2,0,0.0
Dark Blue Games,1,381,74,0.85
Dark Crystal Games,1,3519,1023,20.92
Dark Day Interactive,2,391,1357,2.2600000000000002
Dark Duo Games,1,54,9,2.32
Dark Energy Digital Ltd.,1,1417,937,1.78
Dark Faction Games,1,12,9,0.0
Dark Fox,1,186,69,2.67
Dark Gaia Studios,5,156,80,1.15
Dark Inertia Studios,1,199,31,30.1
Dark Lord,1,120,114,0.33
Dark Nebulae,1,12,14,0.0
Dark One!,2,767,233,2.74
"Dark Polygon Ltda., Jalomot Ltda.",1,28,27,0.0
Dark Room Games,1,71,12,0.0
Dark Water Studios Ltd,1,265,167,0.75
Dark-1,1,46,14,0.0
Dark-Spot Studio,1,19,17,3.55
DarkArts Studios,1,135,52,7.32
DarkDes Labs,3,202,68,1.3933333333333333
DarkKnight,1,219,104,0.0
DarkLordGame,1,5,0,0.0
DarkPolygon Games,1,2,3,0.0
DarkShot Studios,1,15,3,4.73
DarkStar Games,1,68,96,4.13
DarkStone Digital,1,102,12,0.0
DarkSun Studio,1,52,17,1.02
DarkTigerDevelop,1,107,17,0.0
DarkTree Development,1,4,13,0.0
Darkcross Games,1,26,121,0.0
Darkelite Studio Inc,2,1049,259,4.6899999999999995
Darker Emerald,1,192,55,1.95
Darker Gaming,1,16,7,0.0
"Darkflow Software, Matter Team",1,30411,8179,14.17
Darkling Room,6,1126,327,9.955
Darkpaw Games,2,4088,1019,28.4
Darkshark Games,1,3,6,0.0
Darksun Studio,1,58,12,0.92
Darktree Game Studio,1,105,39,0.0
Darkworks,1,1076,208,1.62
"Darkworks, Spiral House",1,437,185,2.95
Darmaal,1,0,2,0.0
Darong Studio,1,134,6,0.0
Darren Braviner,1,7,2,0.0
"Darren Dooley, Michael Carstairs",1,0,2,0.0
DarxDev,1,26,5,0.0
DascuMaru,1,84,52,3.42
"Dasius, Noble Games Studio",1,790,310,13.73
Data East,6,86,21,0.0
"Data East, 612 Games",1,6,4,0.0
Data Realms,3,4609,1920,27.656666666666666
Date Nighto,1,1198,91,4.0
Date/Time,1,50,9,0.0
Datura Games,1,102,74,0.43
Dave,1,1,0,0.0
Dave Catling,1,26,17,0.12
Dave Gumble,1,38,14,1.28
"Dave Myers, WubsGames",1,27,3,0.0
"Dave Seaman, Mark Easton",1,14,3,0.0
"Dave Seaman, R Riebau",1,22,1,0.0
Dave Studio,1,32,24,0.0
Daveyyy,1,1660,54,0.0
"David ""Tain"" Williams",1,27,2,0.0
David Amado Fernández,1,24,5,0.0
David Amador,1,542,178,3.77
David Cross,1,88,17,12.55
David Decraene,1,5,6,0.0
David Donarumo,1,21,2,0.0
David Draper Jr,1,90,329,0.0
David Erosa,1,52,18,5.3
David Eshuis,1,13,1,0.0
David Flossdorf,1,87,36,0.48
"David H Schroeder, Eric Ferrot",1,17,7,0.0
"David Hensley, Alex Quick",1,35,3,0.0
David J. Macias,1,4,3,0.0
David Kaleta,1,2090,275,56.98
"David Lawrence, Nico Thomas",1,70,19,3.58
David Lewis,1,44,11,0.48
David Lobser,1,385,27,0.57
David Mccue,1,24,10,0.0
David Mohr Gould,1,288,48,0.0
David Moralejo Sánchez,3,5711,672,24.27
David Mulder,9,697,330,2.2744444444444443
"David Mulder, Tristan Hartz",1,91,28,4.03
"David Nguyen, David Chang",1,13,10,3.68
David OReilly,2,17422,2555,10.700000000000001
David Ogden,1,6,2,0.0
"David Owens, Sky Yoon, Nelson Nava, David Kinns",1,53,15,0.0
"David Schmidthoffer, Mae Livingston",1,88,4,0.0
David Schneider,1,1277,239,1.45
David Stark,1,5706,241,27.18
"David Strachan, Dex Cimino",1,25,9,0.12
David Su,1,170,37,0.0
David Szymanski,7,35164,2464,2.4057142857142857
David Teruel,1,43,39,0.0
David Valentine,1,6,1,0.0
David Vogt,2,21,10,0.0
"David Vogt, The Ludicrous Ones",1,19,3,0.0
David Wehle,2,4728,1529,3.75
David Williamson,1,390,358,3.17
DavidPixel,1,8,0,0.0
Davide Riccitiello,1,7,8,0.0
DavideJ,1,7,0,0.0
Davioware and Quazi,1,353,32,14.35
Davit Andreasyan,1,174,127,1.4
Davit Galoyan,1,4,1,0.0
"Dawdling Dog, ltd.",1,30,13,0.0
Dawei Liu,1,19,19,0.0
Dawid Bujak,1,20,9,0.0
DawnLight Workshop,1,127,51,0.05
Dawnblaze Entertainment,1,298,52,2.22
Dawnwing House,2,45,6,0.0
Day 1 Studios,1,9070,3688,5.98
Day Art's Games,1,15,2,0.0
Daybreak Game Company,5,161905,124292,24.966
Daydream Software,1,2,0,0.13
Daygames,1,45,11,2.5
Daylight Studio,1,59,9,0.0
Daylight Studios,4,2307,1041,5.34
Dayn,1,67,36,0.02
Days of Wonder,5,7185,1795,8.014
DazlogStudio,1,188,39,2.4
Ddraig House Game Studio Ltd.,1,21,1,0.0
DduXan,1,15,2,0.0
DeCoded Production,1,1216,103,0.0
DeGenerals S.A.,1,7346,960,19.82
DeSync Studios,1,48,13,0.0
DeWolfe Studios,1,3,2,0.0
DeXP,3,1132,516,2.893333333333333
Deacrow,1,6,0,0.0
Dead Bug Gaming,1,1,0,0.0
Dead Crow,2,0,10,0.0
Dead Drop Studios LLC,6,405,242,0.8916666666666666
Dead Genre Studios,2,57,15,0.0
Dead Ice Entertainment,1,6,3,0.0
Dead Inside Studio,1,106,9,0.22
"Dead Level, Mitchelson Brooks, Louis McTague, Tony Cuni, Emilio Alban, Mary Ellis, Nicolas Witthoeft, Carly Hasson, Daniel Dabdoub, Dylan Rodrigues, Kaelee Feliciano, Joe Colombo, Elliott Bailey-Wills, Edwin Sanchez",1,10,2,0.0
Dead Mage,3,19124,2581,3.7866666666666666
Dead Shark Triplepunch,1,750,398,6.03
Dead Thread Games,1,3956,671,0.0
Dead Turtle,1,0,1,0.0
DeadEnd,1,6,0,0.0
DeadGrass Games,1,86,77,1.78
DeadToast Entertainment,1,26344,1183,4.92
Deadghost Interactive,1,42,58,4.03
Deadline Games,2,795,322,2.0549999999999997
Deadly Red Cube,1,114,12,1.92
Deadly Serious Media,1,15,1,0.0
DeadlyCrow Games,2,975,310,1.3
Deadpan Games,1,3762,632,16.2
DeanForge,1,79,26,0.38
Dear Done Dead,1,11,1,0.0
Death On Sausage,1,1,1,0.0
DeathMofuMofu,2,251,5,0.04
Deathink,1,93,22,0.12
Deathtrap,2,111,23,0.0
DebonosuWorks Inc.,1,37,6,2.57
Deborah Vellozo,1,11,1,0.0
Deborg Desolation,1,11,2,0.0
Decabry,1,47,10,1.42
Decane,1,103,46,0.13
Decaying Logic,1,172,326,19.78
Decemberborn Interactive,1,313,104,13.7
Decent Machine,1,680,163,3.93
Deceptive Games,2,91,120,1.865
Deceptive Games Ltd.,4,366,106,0.58
"Deceptive Games, Gavin Powell",1,311,242,4.2
Decisive Action Games,1,17,2,0.0
Deck 13,4,739,433,1.495
Deck Nine,3,21399,2875,9.42
"Deck Nine, Feral Interactive (Mac), Feral Interactive (Linux)",1,34787,2506,11.13
Deck13,6,15716,5039,8.066666666666666
Deck13 Hamburg,3,1524,834,10.709999999999999
Deconstructeam,2,14087,1633,4.66
Decumanus Games,1,265,38,2.65
Dedbat Studios,1,2,0,0.0
Dede Bayi,1,24,7,0.0
Dedication Games,2,67,22,0.9
Deeber,1,2,1,0.0
Deen Games,1,17,4,0.0
Deep Black Studio,1,24,2,0.0
Deep Blue Games,1,2,0,0.0
Deep Dive Interactive,1,265,18,1.32
Deep Green Games,3,215,21,0.0
Deep Range Studio,1,5,3,0.0
Deep Red Games Ltd.,1,112,160,10.02
Deep Red Limited,1,237,350,2.05
Deep Root Interactive,3,683,194,0.7599999999999999
Deep Shadows,2,312,129,1.5
Deep Silver Fishlabs,1,3352,690,9.42
Deep Silver Volition,2,70549,11346,14.645
"Deep Silver Volition, High Voltage Software",1,7190,2362,6.47
"Deep Silver Volition, Sperasoft",1,2377,1016,10.88
Deep Type Games,1,3298,571,5.6
Deep Voodoo Games,1,36,30,0.0
Deep Water Studio,1,19746,3742,55.1
DeepDimensionGames,1,29,0,0.0
"Deer Captain, ESAT",1,20,7,0.0
Deer Dream Studios,2,1395,117,3.34
DeerFarm,1,178,35,0.18
Deertwig Studio,1,6,3,0.0
"Default Interactive, Broken Dreams, Webb 3D",1,32,1,0.12
Default Software LLC,1,7,3,0.0
Defiant Development,2,14228,2011,8.96
Define Human Studios,1,3387,3302,7.15
Defold Foundation,1,162,24,0.0
Defroids,1,71,81,3.85
Defroids team,1,20,59,4.65
Defrost Games,1,83,19,0.87
Deimos Games,1,234,64,9.67
Deimos Interactive,1,397,202,7.47
Deion Mobile,1,410,56,3.42
Dejavu Games,1,17,6,0.0
Dejima,1,64,10,2.8
"Dejobaan Games, Grey Alien Games",1,177,12,0.45
"Dejobaan Games, LLC",5,1901,787,2.7600000000000002
"Dejobaan Games, LLC, Owlchemy Labs",1,812,282,1.47
"Dejobaan Games, LLC, Popcannibal",1,197,111,0.3
Dekovir Entertainment,1,14118,1834,65.37
"Del Nordlund, Patrick Flattery, Sebastian Scaini",1,43,17,0.0
Del_Player,1,9,4,0.0
Deleted,1,4,0,0.0
Deli Interactive LLC,1,5078,773,5.35
Delmunsoft,1,26,7,0.0
Delphine Software,1,427,120,15.4
Delphinium Interactive,1,23,2,0.0
Delta Arcade,1,28,11,0.0
Delta Video Games,1,25,11,0.0
Delum Studios,1,30,7,0.0
Delusional Games,3,346,554,5.633333333333333
Delve Interactive,2,2469,299,11.0
Demagog Studio,1,1126,261,0.95
Demensa,1,280,14,0.0
Demetrios Glinos,1,2,0,0.0
"Demibug, SUPER PICKLE GAMES",1,1205,264,0.0
Demimonde,1,169,18,1.9
Demo,1,9,1,0.0
Demon Girl,1,146,60,0.17
Demon Sword Games,1,10,29,2.6
DemonVideogames,1,12,9,0.0
Demonixis Games,1,6,9,0.0
Denis Esie,1,72,85,9.27
Denis Galanin (mif2000),2,885,496,3.7
Denis Kazantsev,1,6,0,0.0
Denis Mikheikin,1,4,1,0.0
"Denis, Ry",1,769,106,3.2
Deniz Dzhevatov,1,7,2,0.0
Deniz K.,1,138,14,15.17
Denizen Seven,1,35,34,0.0
Denjor Games,1,3,0,0.0
Denki,1,4283,502,11.58
Denki Gaka,1,4,0,0.0
Dennaton Games,2,166340,6951,17.095
Denneko Yuugi,2,182,57,4.225
"Dennel Cake, LLC.",1,7,0,0.0
"Denny Truong, Andy Schneider",3,1499,14,1.8733333333333333
DenyingProduct,1,13,6,0.0
Departure Interactive,1,288,77,3.03
Deranged Octopus Athletics,1,8,1,0.0
Derek Eduardo Gonçalves,1,13,2,0.0
Derek Golliher,1,23,7,0.0
Derek Tanis,1,4,1,0.0
Deric Ruhl,1,493,46,2.42
Derin,2,12,0,0.0
"Dern Lin, Dergan Lin",1,4,0,0.0
Derpy Dinos,1,55,18,0.13
Desdres,1,4,7,0.0
Desert Beagle Studios,1,84,27,0.0
Desert Fox,3,3015,397,1.8833333333333335
Desert Owl Games LLC,3,1019,366,8.17
Desertkun,1,12592,2769,21.05
Design Imps,1,50,2,1.83
"Designing Digitally, Inc.",1,48,18,0.12
DeskClub Games,1,134,9,5.4
Desktop Daydreams Studios,1,24,9,0.0
Desktop Gaming,1,4,2,0.0
Destined Team,1,230,124,0.37
Destiny.Games,1,25,40,0.0
Destroyer Doggo,1,4,4,0.0
Destructive Creations,4,28128,6187,7.59
Detach Entertainment,1,6711,1080,3.13
Detalion Games S.A.,1,87,55,0.0
Dev Arc,2,59,53,1.99
DevAddict's Chat,1,609,139,0.0
"DevHour Games, LLC",1,8,0,0.0
DevNAri,1,54,29,0.0
DevOrDie Studios,1,12,6,0.0
Devblazer,1,1,0,0.0
Devcats,1,1088,11,3.47
Devdan Games,5,469,330,1.5559999999999998
DeveloperJy,1,25,2,0.0
Devespresso Games,2,801,345,2.7
Devika,1,6,5,3.67
Devil Fish,1,1,6,0.0
"Devil Kitty Games, LLC",1,3,2,0.0
Devil's Cider Games,2,55,4,0.0
Devil's Details,2,30203,2730,8.02
Devil's Dozen Games,2,56,9,1.165
DevilishGames,2,278,105,2.675
Devils Advocate Gaming,1,6,0,0.0
Devin Eastmond,1,3,0,0.0
"Devin Pierre, Alden Mason, Jameson Smith",1,0,1,0.0
Devious Minds,1,31,46,0.0
Devious Oatmeal,1,1,0,0.0
Devious Technologies,1,81,12,0.08
Devm Games,1,183,28,0.28
Devoga,1,202,27,10.65
Devs on a Boat,1,465,329,4.62
"Devster, LLC",1,615,216,1.93
Dexied Games,2,61,59,0.0
Dexmes,1,56,40,1.9
Dexter Manning,2,166,7,0.0
Dexter Studios,2,5,4,0.0
DexterCoding,1,5,18,0.0
Deydrihm,1,31,7,1.12
Deyteris,1,10,2,0.0
Dez,1,375,67,5.32
Dgelioncel,1,2,0,0.0
Dharker Studios,15,2517,880,2.2
Dhause,1,0,3,0.0
DiP Online,2,464,378,0.625
DiPi,1,95,24,5.27
Diagrammet AB,1,128,142,3.08
Dialogue Design,1,258,180,0.63
Diamond Cats Studio,1,9,1,0.0
Diamond Sky Games,1,53,5,0.0
DiamosDev,2,93,160,0.725
Diana Nilsson,1,0,1,0.0
Diatomic Studios,1,5527,871,3.73
Diax Arts,3,168,95,0.0
Diaz Pepper,1,10,0,0.0
Dice7,1,28,26,0.0
Diceroll Studios,1,131,33,0.32
Dicesuki,2,4098,155,5.7
Didactricks,1,26,3,0.0
Die Gute Fabrik,1,66,17,0.7
Die of Death Games,1,4637,996,26.3
Dieclick,1,4,2,0.0
Diego,1,2,0,0.0
"Diego Fernandes Malinowsky, Altanir Aparecida Fernandes Malinowsky",1,4,0,0.0
Diego Ras,1,120,14,0.0
Diego Rodrigues,2,15,7,1.9
Diel Mormac Games,1,21,3,3.83
Dieselmine,9,13641,1752,5.137777777777778
DiezelPower,2,2881,436,3.675
Different Tales,2,952,190,1.15
Difranal Studio,1,3,0,0.0
DigX Studios,1,5608,978,12.75
Digerati Distribution,1,961,447,3.15
DiggerGames,1,8751,9229,2.35
Diggidy.net,2,170,91,2.825
DigiFX Interactive,1,1344,136,4.17
DigiFeather,1,31,7,0.0
DigiLab Interaction,1,74,16,0.0
DigiMight,3,132,68,0.0
DigiPen Europe-Bilbao,3,139,41,0.0
DigiPen Institute of Technology,1,82,6,0.0
DigiTales Interactive,1,2273,198,5.15
Digital Arrow,2,453,383,3.5999999999999996
Digital Awakening,1,32,8,0.0
Digital Bard Games,1,5,1,0.0
Digital Bento,1,44,22,0.0
Digital Berzerk,2,11,3,0.0
Digital Bounce House,1,56,18,4.58
Digital Concepts,1,45,23,3.17
Digital Confectioners,2,29418,4387,10.785
Digital Continue,4,274,311,1.125
Digital Crafter,1,710,133,1.6
"Digital Crafter, Lord Ken Production",1,137,83,3.62
Digital Cybercherries,2,4365,546,4.734999999999999
Digital Dawn Studios,2,442,244,3.75
Digital Dog Games,1,4,6,0.0
Digital Domain,2,60,21,0.0
Digital Dream Labs,2,2,0,0.0
Digital Dreams Entertainment,1,763,56,2.87
Digital Dreams Entertainment LLC,1,580,212,3.75
Digital Eclipse,3,2619,1095,1.8633333333333333
Digital Eel,4,727,309,36.247499999999995
Digital Entertainment,1,37,42,4.55
Digital Extremes,3,565668,83436,74.59333333333333
Digital Furnace Games,1,145,228,2.57
Digital Fusion,1,28,41,0.0
Digital Fusion Inc.,2,162,77,0.085
Digital Gods,1,27,12,0.0
Digital Happiness,3,6479,1961,2.8633333333333333
Digital Leisure Inc.,5,4682,1914,1.264
Digital Lode Immersive Media,1,308,259,3.18
Digital Mantis,1,46,28,6.35
Digital Melody,8,15401,1444,3.3225000000000002
"Digital Melody, Wastelands Interactive",1,2,0,0.0
Digital Monster Collective,1,3,2,0.0
Digital Mosaic Games,1,403,68,0.0
Digital Mosaik,1,0,1,0.0
Digital Myths,1,27,4,0.0
Digital Reality,6,2145,414,0.8316666666666666
Digital Reality Software & Playbox,1,519,113,5.68
"Digital Reality, Grasshopper Manufacture, Gyroscope Games",1,415,219,2.2
"Digital Reality, Gyroscope Games",1,515,76,26.35
Digital Software,1,3,2,0.0
Digital Soul Games,1,23,14,0.18
Digital Sun,1,16395,3518,10.98
Digital Sushi,1,4,0,0.0
Digital Tentacle,1,1862,233,2.82
"Digital Tome, General Arcade, Steffen Nyeland",1,233,36,8.8
Digital Universe,1,121,65,0.0
"Digital Yogurt, Ghost Street Games LLC",1,26,1,0.0
Digital Zoo,1,44,9,0.0
DigitalDNA Games,2,8759,2114,2.6300000000000003
DigitalDNA Games LLC,1,220,86,0.7
DigitalDream,2,435,166,0.25
Digitality Games,1,94,48,0.0
Digitality Studios,1,83,16,0.0
Digitalmindsoft,4,63653,10139,122.6625
Digitalzone,1,7,4,0.0
"Digits Crossed Interactive, LLC",1,180,92,0.67
Digixart,2,19701,1768,3.64
Dikobraz Games,1,26,76,0.37
DillyFrame,8,144,38,0.0
Dilmer Valecillos,1,28,3,0.0
"Dim Bulb Games, Serenity Forge",2,1271,391,1.29
Dim Sum One,1,21,7,0.0
"Dima Zangana, Outback Studios",1,13,9,0.0
Dimension 32 Entertainment,1,10341,3115,16.38
Dimensional Ink Games,1,16923,4093,51.27
Diminished Studios,1,2804,1833,7.98
Dimitri Lozovoy,1,26,9,0.0
Dimitrios Gkaltsidis,1,1,0,0.0
DimleTeam,3,144,92,1.7066666666666668
DimnHouse,1,272,77,7.42
Dimpiks,1,16,18,0.0
"Dimps Corporation, SAFARI GAMES Co., Ltd.",1,1476,296,22.48
"Dinamic Games, Imperivm World",1,742,356,4.58
Dingaling Productions,1,13949,644,9.08
Dingo Games,4,1650,201,7.295
Dingxiang Cyber LLC,1,9,11,0.0
Dininho,2,84,6,0.0
DinjaStudios,1,22,6,0.0
Dinosaur Games,1,1498,210,0.78
Dinosaur Polo Club,2,35679,1425,13.025
Dio Alias Games,1,55,41,1.95
"Dio Alias Games, Evgeny Osmet",1,139,69,0.35
Dionic Software,2,3032,749,9.7
Dipl. Ing. Rolf-Dieter Klein,1,68,11,0.0
Dird Games,1,1175,141,11.32
Dire Boar Games,1,5,4,0.0
Dire Wolf,5,11181,2601,22.204
DirectDoggo,1,1940,14,0.03
Directive Games Limited,1,309,214,0.68
Dirty Pixel Art,1,3,2,0.0
Disafter Games,1,237,19,0.0
Disastercake,1,12,37,0.0
Disbanded Crow,1,3,0,0.0
Dischan Media,4,1348,318,1.24
Disco Dog,1,44,4,0.0
Discovr Labs,1,37,23,0.0
Discrete Tense,1,6,4,0.0
Disillusion Dev,1,614,31,2.18
Disney Interactive,2,797,99,1.69
Disney Interactive Studios,1,55,37,0.75
Disoft Game Developers,1,22,8,0.0
Disparity Games,1,261,63,2.92
Displace Media,1,2,8,0.0
Displacement Studios,4,63,74,1.835
Disquire,1,473,131,0.0
Dissension Games,1,10,12,0.0
DissertationGames,1,1,0,0.0
Distalsoft,1,11,2,0.0
Distant Alliance,1,81,27,8.88
DistrictWare inc.,1,389,182,0.88
Disturbing Excitement,1,140,99,0.5
"Divergent Realities, LLC",1,775,97,1.38
Divilusion Studio,2,75,48,0.0
Divine Games,1,6185,917,84.4
Djamp Games,1,3,1,0.0
Dlala Studios,2,1487,713,2.46
Dmitri Lowell,1,6,1,0.0
Dmitrii Lomakin,1,100,19,1.55
Dmitriy Mamaev,1,30,2,0.0
"Dmitriy Uvarov, Vyacheslav Shilikhin",1,61,49,0.0
Dmitry,1,5,1,0.0
Dmitry Azarov,1,27,16,0.0
Dmitry Kozlov,1,103,17,0.0
Dmitry Medvedev,1,283,156,0.85
Dmitry Zheltobriukhov,1,459,25,8.03
"Dmytro Makarenko, Stanislav Marchevskyi",1,54,24,0.0
Dmytry Lavrov,1,358,136,0.42
"Dmytry Lavrov, Alexey Lavrov",1,122,27,0.63
DnS Development,4,603,842,1.9975
Dnovel,16,470,169,0.35125
"Dnovel, FreeAnimals_Software",6,115,38,0.0
Do Games Limited,14,181,74,0.0
Dobest Studio,1,4,0,0.0
Doble Punch Games,2,605,185,1.15
Doborog Games,2,34746,1420,10.535
Doby Digital,1,21,4,0.0
DocksonWedge,1,7,2,0.0
Doctor Entertainment AB,2,6681,2169,1.9000000000000001
Dodge Roll,2,82258,4013,20.080000000000002
"Dodge Roll, Singlecore",1,2655,870,4.97
Dodo Digital,2,64,29,0.0
Dog Theory,1,43,9,5.33
"Dogan Oral, Dodigamestudios",1,38,34,0.0
Dogenzaka Lab,7,1037,391,3.894285714285714
Dogless Head Games,1,10,2,0.0
Dogsnake Games,1,1,0,0.0
Dogwood Gaming,3,19,2,0.0
Dohi Sweden AB,1,516,141,122.18
Dojin Otome,2,21047,1704,6.54
Dojo Games,1,460,259,8.42
Dolores Entertainment,2,94,152,0.65
DolphinBarn,1,537,114,0.42
Domarius Games,1,17,1,0.0
Domas Sabockis,1,99,108,6.62
Domini Games,6,78,16,0.0
Dominik Michalke,1,0,3,0.0
Dominique Grieshofer,2,18189,791,60.61
Domo Games,2,220,49,0.0
Domuro Soft,1,57,20,1.45
Domus ludus,1,4,2,0.0
Don Whitaker,1,42,13,0.03
Don't Bite Devs,1,12,3,0.0
Donbass Games,2,61,119,0.235
DonislawDev,1,99,14,0.0
Donkey Crew,1,14952,9133,63.5
Donley Time Foundation,1,5,6,0.0
Doodad Games,1,13,0,0.0
"Doodad Games, Ethan Close",1,55,6,0.0
Doom Turtle,1,5814,375,18.55
Doomster Entertainment,5,1105,254,2.284
"Doonamai, LLC",1,12,1,0.0
Door 407,1,8217,1456,16.98
Door Z Studio,1,81,22,0.0
Dopamine Games,1,11,0,0.0
Doppler Interactive,1,83,56,0.07
DopplerFrog,1,189,35,39.4
Dopterra,1,205,23,11.02
Dorado Games,1,4033,1224,146.45
Doragon Entertainment,2,621,64,2.075
DoriTeam,1,41,31,0.0
Dorian LE THAI BINH,1,19,11,0.0
DorsalFin Studio,1,46,16,0.0
Dosane Games,3,513,182,2.3133333333333335
DoshMallow Games,1,63,21,4.28
Dot 4 Joy,1,132,6,0.0
Dot Dream,1,14,7,0.0
DotEmu,1,143,86,2.8
Dotemu,8,25160,6079,5.835
"Dotemu, Guard Crush, Lizardcube",1,16617,1298,15.28
Dotomchi Games Inc.,2,78,30,0.0
Dotoyou Games,1,132,29,0.0
"Double Action Factory, Jorge Rodriguez",1,10555,788,2.28
Double Coconut,1,464,494,125.6
Double Damage Games,2,7528,1565,11.775
Double Dash Studios,1,159,8,0.0
Double Dice Games,1,220,78,7.73
Double Door Games,1,198,71,0.0
Double Eleven,1,214,121,4.18
"Double Eleven, Q-Games Ltd.",2,1520,300,4.574999999999999
Double Fine Productions,14,67562,9893,5.901428571428572
"Double Fine Productions, React Games",1,511,78,2.05
"Double Fine Productions, Shiny Shoe",3,14414,1135,4.126666666666666
Double Helix Games,2,2351,2236,4.0600000000000005
"Double Helix Games, Capcom",1,3239,789,3.65
Double Peach Productions,3,42,23,0.0
Double Robot,1,18,7,0.0
Double Stallion,2,440,95,2.27
Double Trouble Games,1,2,0,0.0
Double W,5,15026,2006,2.4539999999999997
DoubleBear Productions,1,1840,670,14.63
DoubleCherry Ltd,1,49,18,0.0
DoubleDutch Games,1,34525,2215,10.67
DoubleMoose Games,2,3233,714,3.02
DoubleThink Studio,1,1414,2569,6.92
Doublehit Games,1,313,62,0.0
Doubles Core,1,336,8,3.63
Doublesix Games,1,60,20,1.7
Doubleton Game Studio,1,4,1,0.0
Douglas Henrique Luciano,1,8,0,0.0
Douglas Liang,1,5,4,0.0
Douze Dixièmes,1,2549,147,3.85
Dovetail Games,9,34452,12216,20.63666666666667
Dovii Games,1,4,1,0.0
Dowino,1,235,72,1.07
Downpour Interactive,1,6329,2886,11.58
Downtown Blast,1,11,1,0.0
Dowrick Games,1,6,1,0.0
Doyodo,2,332,51,0.375
Dr. Cyril Splutterworth,5,231,27,3.024
Dr. Jamgo,1,1,1,0.0
Dr. Kucho! Games,1,126,15,0.0
Dr. Puzzler,2,50,5,0.0
Dr.Liao,1,163,12,0.0
Draconia Dev Team,1,586,275,2.02
Dracue Software,1,145,88,0.12
"Dracue, Co. ltd",1,148,67,2.1
Dracul Aurion,1,9,0,0.0
Dracula Bytes,1,261,52,4.63
Dracula's Cave,2,50,30,3.24
Drageus Games S.A.,2,13,1,0.0
"Drageus Games S.A., Qubic Games",1,4,2,0.0
Drago Entertainment,1,280,405,0.77
Drago Software,1,51,26,1.13
Dragom,1,17,18,0.47
Dragon Emperors,1,55,5,0.0
"Dragon Emperors, Great Conspiracy Theory",2,38,7,0.0
Dragon Foundry,1,115,46,2.77
Dragon Landing,1,24,8,0.0
Dragon Paint Games,1,5,0,0.0
Dragon Slumber,4,516,176,0.7175
"Dragon Slumber, Brainoid",1,18,9,0.0
Dragon Snack Developer,1,1,0,0.0
Dragon Whisper Game,1,180,45,4.97
Dragon Wing Studio,1,185,46,0.0
Dragon's Games,2,165,44,4.665
DragonSnow,1,14935,2269,5.33
Dragonflare Studios,1,12,8,0.0
Dragonfly,1,1547,411,7.45
"Dragonfly GF Co., LTD",1,8049,3267,10.75
Dragons,1,354,269,5.72
Dragons Eye Studio,1,27,23,0.0
"Dragons Eye Studio, Blazingfall",1,1,3,0.0
Dragonside Studios,1,1,0,0.0
Dragoon Entertainment Ltd.,1,2,2,0.0
Dragos Pusca,1,11,9,0.0
Drahgoone,1,133,89,0.0
Drailton Lima de Andrade,1,1,1,0.0
Drakhar Studio,2,82,80,3.36
Drakhar Studios,1,24,7,0.0
Drakkar Dev,2,300,101,3.0949999999999998
Draknek & Friends,1,1321,65,13.37
Dranya Studio,1,96,14,0.18
DrashVR LLC,1,179,12,0.0
Draw Distance,4,6554,1658,2.3724999999999996
Draw Me A Pixel,2,29714,738,3.29
DreaMory,1,995,81,10.85
Dread Hunger Team,1,27859,18326,147.98
"DreadXP, David Szymanski, Christopher Yabsley, KIRA, Philisophic Games, Dan McGrath, TorpleDook, Abbey 'Scruncho' Smith, Vidas Salavejus, Redact Games, Wayward Preacher, Mr. Pink, Aaron Wise",1,388,41,6.48
"DreadXP, David Szymanski, Torple Dook, Lovely Hellplace, Scythe Dev Team, Secret Cow Level, panstasz, Mahelyk, Daniel Mullins Games, Wither Studios, Akabaka, Vidas Salavejus, Wayward Preacher, John Szymanski, Bathysfear Labs",1,350,13,3.47
"DreadXP, Torple Dook, Adam Pype & Viktor Kraus, KIRA, corpsepile, Breogan Hackett, Redact Games, Modus Interactive, Basalt Tower, Blood Machine, Bryce Bucher, DIRIGO GAMES, Moya Horror, Wayward Preacher, Amon26",1,355,30,5.43
Dreadbit,2,1115,371,5.88
Dreadlocks Ltd.,1,2972,446,5.23
"Dreadlocks Mobile, Silicon Jelly",1,270,54,2.72
Dream Compass,1,373,13,0.0
Dream Darker Entertainment,1,4,4,0.0
Dream Execution,1,649,443,7.53
Dream Games,1,0,1,0.0
"Dream Holdings, TAKAGISM Inc.",1,39,28,0.0
Dream Module Games,1,12,3,0.0
Dream Nerdy,1,23,13,0.0
Dream Nyght Studio,1,11,0,0.0
"Dream Operator, Oksana Bula",1,3744,97,0.0
Dream Reactor,1,1015,351,3.9
Dream Universe Games LLC,1,12,2,0.0
Dream Up,1,16,37,0.0
Dream Within,2,37,40,0.71
Dream Works,1,3155,894,9.68
Dream of Omnimaga,1,15,9,0.0
DreamDale,1,17,3,0.0
DreamEscape,1,329,170,1.48
DreamForge Intertainment,1,47,9,0.0
DreamGate,1,265,89,7.43
DreamPunks,1,878,554,0.3
DreamRoad Productions,1,11,5,0.0
DreamSail Games,1,69,27,0.23
DreamSmith Studio,1,102,9,0.63
DreamStep,1,666,164,1.67
DreamStorm Studios,1,133,141,1.17
DreamTeam Mobile,1,42,14,0.0
DreamTeamGames,1,121,114,2.88
DreamTree Studio Sdn. Bhd.,1,28,8,0.0
Dreamatrix,4,76,120,0.2425
Dreambakers,1,30,44,0.0
Dreambox,1,18,11,5.53
Dreambyte Games,1,5811,590,7.57
Dreamcatcher Studio,1,27,21,0.0
Dreamers Studio,1,94,15,0.0
Dreaming Door Studios,1,771,29,2.77
Dreamirl,1,251,63,0.0
Dreamlab XR,1,288,287,2.03
DreamlessHero,2,4,3,0.0
Dreamlike,2,48,16,0.0
Dreamloop Games,1,212,14,1.67
Dreamlords Digital Inc.,1,20,14,0.0
Dreampainters,1,975,620,2.63
Dreamplant,1,581,168,1.67
Dreamreason,1,13,0,0.0
DreamsSoftGames,6,169,204,6.263333333333333
Dreamseeker,1,3,2,0.0
Dreamsite Games,2,10422,2322,29.55
Dreamteck,1,373,27,11.15
Dreamwalker Games,1,10,20,2.67
Dreamworlds,2,2139,241,1.575
Dreamy Doe,1,8,2,0.0
Dreamz Studio,2,183,97,0.35
Drew J. Stivers,1,2,1,0.0
Drew Radley,1,7,3,2.52
Drift Physics Crew,2,1820,450,31.59
Drifter®,1,248,81,0.0
Drillimation Systems,1,8,0,0.0
Drimway Studios,1,3,1,0.0
Drinkbox Studios,5,21088,1815,12.132000000000001
"DrinkingNails, LLC",2,61,3,2.385
Driven Arts,1,993,949,8.12
Driving Force Games,1,258,37,3.88
Drix Studios,1,58,43,0.0
Drixxel Soft,2,92,18,0.785
Drixy Games,1,419,199,4.07
Droid Riot,3,45,36,0.0
"Droid Riot, Mahich",1,31,13,0.0
Dromedary Games,1,1,0,0.0
Dronami,1,20,5,0.0
"Drone Champions AG, Climax Studios",1,757,211,5.9
Droog71,1,36,79,2.2
Drool,1,3867,346,3.28
Drop_Dead_Fred (Фред),1,42,63,0.02
Drowning Monkeys Games,2,75,57,3.5
Drowsy Whale,1,11,2,0.0
Drunk Bunny Games,1,22,2,0.0
"Drunk Robot Games, Effinvance",1,11,4,4.03
Dry Cactus,2,23462,1876,6.57
Dry Duck LLC,1,2,2,0.0
DryGin Studios,1,2058,249,6.12
Dtmss,1,10,3,0.0
DuCats Games Studio,3,427,117,1.6600000000000001
Duaik Entretenimento,2,114,11,0.76
"Dual Effect, Abstract Digital",1,5544,545,4.13
Dual Heights Software,1,32,4,1.23
Dual Perception Games,1,9,4,0.0
Duality Games,2,3875,771,6.985
"Duality Games, Glob Games Studio",2,1749,601,2.405
Duang,1,38,29,4.15
"Duang! Games, LLC",1,97,45,0.02
"Ducat, Zimogor",1,43,14,0.0
Duck,1,63,63,3.73
Duck INC,1,11,10,0.02
Duck Team,1,26,3,0.0
DuckbearLab,1,149,2,0.0
Duckbridge,2,141,24,0.01
Duckman Army Games,1,4,0,0.0
Duckvalley Productions,1,81,21,7.78
Ductape studio,1,546,381,2.07
Duel Studios,1,2,2,0.0
Duelboot,1,254,85,0.6
Duion,1,254,223,0.65
Dululu工作室,1,15,7,0.0
Dumativa,1,203,20,0.0
"Dumativa, Castro Brothers",1,3962,140,4.73
Dumb ****ing Horse,1,63,8,0.0
Dumbfounded,1,37,13,2.88
"Duncan Perham, Steve Tierney",1,4,2,0.0
Dunderware,1,89,11,2.4
Dune Clockidy,1,387,108,6.07
Dungeon Games,1,43,5,0.0
Dungeonation,1,12,2,0.0
Dungeoneering Studios,1,53,30,0.0
Duoyi,1,463,221,7.67
Duoyi Games,1,92655,6517,52.62
Dupeyron,3,9,4,0.0
"Durven Studios, BrazMonkey Studio",1,1407,53,0.4
Dusan Petrovic,1,2,5,0.0
Dusk Wave Arts LLC,1,1,6,0.0
DuskDogStudio,1,86,15,0.0
Dust Devil Studios Inc.,1,34,23,0.13
Dust Scratch Games,2,53,33,0.0
Dust Storm Entertainment,1,42,38,0.0
Dust Studio,1,20,13,0.0
Dustin Chalker,1,8,1,0.0
Dustin Gunn,1,46,9,0.68
Duxomnia,1,5,1,0.0
"Dvora Studio Co., Ltd.",2,5388,573,6.75
Dwarven potion brew,2,135,126,1.16
Dwarves Might Fly,1,37,8,3.6
DygoDev,1,20,30,0.0
DyingCat,1,109,22,3.47
Dylan Fitterer,3,17648,2024,8.47
Dylan White,1,945,75,4.6
Dymchick1,5,1262,311,0.692
DynKen,1,228,43,0.0
Dynamic Media Triad,2,1916,156,2.385
Dynamic Pixels,7,31380,5172,2.698571428571429
Dynamic Zero,1,112,54,0.0
Dynamite Whale,1,39,4,0.0
Dynamix,1,102,11,0.27
Dynasty Interactive Ltd,1,1,1,0.0
Dyrnwyn Games,1,5,32,0.0
DysTop,1,2,3,0.0
Dyslexia Untied,1,10,4,0.0
Dystopia Game Studio,1,67,62,0.0
Dystopia Interactive,1,11,7,0.0
DziczeDzieci,1,2,4,0.0
Dziff,1,146,9,0.0
Dzsembori,1,62,7,0.0
"E Marx, Caden Goodwin",1,9,6,0.0
E McNeill,4,271,58,0.7925
E-FunSoft,1,10,3,0.0
E-FunSoft  Games,1,9,4,0.0
E-Line Media,1,1212,159,2.33
E-Snail Studio,1,4,1,0.0
E-Studio,1,516,69,2.15
E.N.Nach,1,15,2,0.0
EA - Maxis,1,6439,791,14.95
"EA - Maxis, Aspyr (Mac)",1,7456,1652,17.5
EA Black Box,1,5969,1957,14.25
EA Canada,1,42906,13377,184.82
EA Canada &amp; EA Romania,1,97293,23578,198.3
EA Los Angeles,6,34450,8966,10.191666666666666
EA Redwood Shores,1,25388,2272,6.22
EBStar,1,4,0,0.0
ECC GAMES,1,1739,657,7.72
ECC GAMES S.A.,1,61,54,2.0
ECC GAMES SP. Z O.O.,1,23,20,9.05
ECG Studios,1,7,14,0.0
ECHTNICE GmbH,1,13,7,0.0
ED,1,5,8,0.0
EDanDan Studio,1,1,0,0.0
EF Universe Games LLC,3,36,21,0.0
EGAMER,21,8312,2744,5.0652380952380955
EIRTeam,1,326,39,1.53
EJRGames,5,326,286,3.6719999999999997
ELECTROSTALIN ENTERTAINMENT,2,47,49,0.0
ELF,1,17,5,0.0
ELIOT,1,4,0,0.0
ELIXOR,1,20,0,0.0
EMIKA_GAMES,2,2034,465,2.0300000000000002
EManGame,1,2,2,0.0
ENDESGA,1,81,52,1.03
ENIGMA STUDIO,1,269,26,0.42
ENTERi,3,1013,274,3.15
EON46,1,13,5,0.0
EP Games®,1,23,2,0.0
EPICBEYOND Studios,1,192,171,3.93
EQ Studios,1,4753,464,6.18
ERMedia,3,7,10,0.0
ES4 / Eternal Sphere 4,1,118,12,0.4
"ESAT, Atomic Piñata",1,5,3,0.0
"ESAT, Crazy Unicorn",1,4,5,0.0
"ESAT, Modular Souls",1,69,22,0.0
"ESAT, Voodoo Bunny",1,21,13,0.0
ESP Games,2,9,2,0.0
"ESQUADRA,inc.",2,21,19,0.0
"ESQUADRA,inc., RideonJapan",1,415,136,12.88
ESTgames Corp.,1,746,349,1.77
ETGgames,1,52,30,0.05
EURO GAMES STUDIO,1,0,1,0.0
EV,1,5,5,0.0
EVC Games,1,542,69,0.43
EVERYDAYiPLAY,1,40,46,0.4
EVEV01,1,22,3,0.0
EVIL GAMES,1,24,12,0.0
EVR Studio,2,139,42,0.09
EVT Games,1,14,7,0.0
EVXIO,1,6,4,0.0
EX Games,1,3,2,0.0
EXAMGAMES,1,136,23,1.22
EXAMU,1,898,94,2.42
EXAMU Inc.,1,371,85,1.95
EXOR Studios,3,23667,2261,10.823333333333332
EYEFRONT,1,412,182,4.4
Eagle Dynamics SA,1,31661,5528,15.78
Early Melon,1,600,78,1.65
Early Morning Studio,1,749,199,30.87
EarthWork Games,1,20535,1786,16.27
Earthborn Interactive,1,3,0,0.0
"Earthborn Interactive, LLC",1,9,7,0.0
Earthbound Games Ltd.,1,263,127,0.0
Earthshine,1,8280,833,25.8
Earthworm Games,1,19,42,0.93
"East Bay Immersive Games, LLC",1,9,0,0.0
East Side Games,1,1174,309,110.78
EastFog Studios,2,496,151,0.865
EastWorks,1,48,20,0.0
Eastasiasoft Limited,1,43,25,4.78
Eastshade Studios,2,5524,761,3.59
Easy Co,1,201,58,2.17
Easy Day Studios Pty Ltd,1,16733,2736,59.62
Easy Trigger Games,1,3544,199,2.23
Easy game,16,4564,1307,0.7581249999999999
EasyGameStation,2,7500,463,9.36
EasyGames,2,174,82,0.79
EasyWays Team,1,543,249,3.18
Easyroad,1,0,1,0.0
Eat Create Sleep,2,1225,588,0.685
Eathrabaria,1,4,8,0.0
Ebenit,1,29,11,3.32
Echo Chamber Games,1,286,216,2.45
Echo Entertainment,1,1575,395,6.65
Echo Hall Studios,1,166,75,3.75
Echo607,2,62,3,0.0
Echoboom S.L.,1,21,15,0.0
Echodog Games,2,217,32,0.34
Echtra Inc.,1,5225,6005,20.2
Eclipse Game Labs,1,41,3,0.0
Eclipse Games,4,519,247,1.69
EcoShooter,1,7,11,0.0
Ed Del Castillo,1,3326,475,29.98
"Ed Farage, Bubu",1,200,82,0.75
Ed Findlay,1,42,4,0.0
Ed Gar IX Games,1,35,23,0.0
Ed Key and David Kanaga,1,2078,663,0.63
Ed Mulvey,1,3,1,0.0
Ed Smith,1,1,0,0.0
Eddie O'Hagan (Katianie),1,5,6,0.0
Eddy & Gary & Friends,1,18,62,1.92
Eddy Games,1,37,33,3.97
Ede Tarsoly,1,32,7,0.0
Edelweiss,4,7536,848,8.2675
Eden Agency,1,12,5,0.0
"Eden Games, Hydravision Entertainment",1,550,834,1.38
Eden Industries,4,2107,483,2.5325
Edenic Era LLC,1,787,153,0.0
Ederson Santos Da Silva,1,5,3,0.0
Edge of Reality,1,34218,5094,9.95
Edgehill CGI,1,13,5,0.0
Edible Entertainment,1,176,41,0.0
Ediogames,1,405,106,2.23
"Edmund McMillen, Florian Himsl",1,57299,3080,24.88
"Edmund McMillen, James Id",1,743,252,0.42
"Edmund McMillen, James Interactive, Ridiculon",1,4695,1106,15.55
"Edmund McMillen, Tyler Glaiel",2,4187,406,3.9000000000000004
Eduard Mirica,1,162,108,4.18
Eduardo Barreto,1,41,6,0.0
"Edwin Montgomery, Myshkin Entertainment",3,1059,91,0.18999999999999997
Edym Pixels,3,1714,269,2.026666666666667
"Eek! Games, LLC",1,12922,2066,9.45
Eerie Bear Games,1,50,5,0.0
Eerie Games,1,14,24,3.83
"Eerie Guest, tinyBuild",2,5856,918,1.7650000000000001
Effimera Studio,1,47,23,3.17
Eforb,4,3481,3289,1.9124999999999999
EfrenStudios,1,49,16,3.02
Egalitaria Studios,1,0,1,0.0
Egamea Game Studios,1,36,27,1.47
Ege Sayın,1,19,7,0.0
Egea Game,1,1,2,0.0
EggNut,1,3989,133,24.87
Eggcode,3,10934,932,23.73
Egghead Interactive LLC.,2,189,33,0.0
Eggion,1,29,3,0.0
Eggnut,1,2072,1021,3.27
Eggon Srl,1,72,46,1.7
Eggtooth Team,1,331,379,11.15
Eggy,1,5,1,0.0
"Egidijus Bachur, Alexey Davydov",2,1672,539,1.21
Egor Magurin,2,69,49,1.335
"Egor Magurin, Eugene Radaev",1,1268,835,3.43
"Egor Magurin, Shilov",1,59,32,0.0
"Egor Magurin, Shilov, Elizar Skakun",1,28,13,0.0
Egor Olegovich Yakovlev,1,384,110,2.82
Egor Rezenov,2,1512,64,2.79
Egosoft,8,25938,9928,26.03
Egutidze,2,92,48,0.0
Eidos Interactive,1,712,202,2.45
Eidos Montreal,2,26062,2410,7.7250000000000005
"Eidos Montreal, Feral Interactive (Linux/Mac)",1,31037,9813,18.62
Eidos Studio Hungary,1,1825,733,8.22
Eidos-Montréal,1,36857,2301,12.68
"Eidos-Montréal, Crystal Dynamics, Nixxes, Feral Interactive (Mac), Feral interactive (Linux)",1,66684,12759,19.87
"Eidos-Montréal, Feral Interactive (Mac)",1,17337,5926,8.13
Eight Points,1,5407,2490,10.02
EightyEight Games,1,135,25,2.42
EightyEightGames,2,2938,414,8.36
Einfach Genial gGmbH,1,6,9,0.0
EinzelartigGames,1,26,4,0.0
Eipix Entertainment,13,373,72,0.18692307692307694
"Eipix Entertainment, Blue Tea Games",1,29,5,0.0
Eirik Wiklund,1,46,11,0.0
Eivind Magnus Noersterud Hvidevold,2,4,2,0.0
Ejoy Games,1,157,69,2.43
Eko,1,42,47,0.0
Eko Software,11,26663,9849,8.234545454545454
Eksperimental Games,1,394,41,0.0
Ekuator Games,1,307,133,4.18
"Ekuator Games, Agate",1,22,10,0.0
ElMaHeGames,1,7,7,0.0
ElZzap Software,1,65,42,4.87
ElagoTech,1,79,12,8.47
Elastic Games,1,383,170,2.33
Elastic Sea,1,101,13,0.0
"Elasto Mania Team, Balazs Rozsa",2,30,4,0.875
"Elcaelum, CGA Studio",1,81,21,0.0
Elden Pixels,2,1171,236,5.6
"Elder Game, LLC",1,2110,346,27.62
Elder Games,5,1023,881,5.194
Elder Leaf Studio,1,85,20,3.67
Eldritch Heart Studio,1,6,1,0.0
Eldritch Phantasmagoric Games,1,6,5,0.0
Eldstorm Games,1,8,4,0.0
Elecorn,1,3156,811,3.43
"Electric Eggplant, Kalani Games, Inc., HRG (Heirs of Rube Goldberg), Unity Games",1,22,6,0.0
Electric Games,1,115,32,24.52
Electric Hat Games LLC.,1,671,100,4.88
Electric Prune Juice,1,24,1,0.0
Electric Puppets Inc.,1,8,4,0.0
Electric Rune,1,8,29,0.35
Electric Succubi,1,1406,258,13.93
Electrical Eagle,1,2,3,0.0
Electrical Eagle Studio LTD,1,2,4,0.0
Electrify,1,1,5,0.0
Electro Gamma,1,2,0,0.0
Electrocosmos,1,192,28,0.0
ElectronDust,1,8,7,0.0
Electronauts,1,2,1,0.0
Electronic Arts,2,10228,5003,18.990000000000002
Electronic Paradise,1,42,70,0.0
Electrovore,1,4917,1176,6.67
Elega Corporation,1,0,2,0.0
Elektri Inc.,1,4,1,0.0
"Element Games, LLC",1,20,7,0.0
Element Studio,1,621,171,6.67
Element Studios,2,2761,336,4.635
Elementman Technology,1,5,3,0.0
Eleon Game Studios,1,26195,7052,78.55
Elephant,1,18,3,0.0
Elephant Arts,1,3,7,0.0
Elephant Games,26,669,254,0.44153846153846155
Elephant Games AR,1,5,2,0.0
Elev8 Games,1,48,39,2.88
"ElevenSeventy, LLC",2,24,7,0.01
Eleventh Hour Games,1,88027,22596,85.83
Elf Games,1,190,37,3.0
"Elhaitham Ashmawy, Mohamed Eshmawy, Nour Ashmawy",1,16,5,0.0
Elian Games,3,38,28,0.0
Elias Wick,1,1,0,0.0
Elijah Newman-Gomez,1,1510,698,2.32
Elite Games,1,9,1,0.0
Elite Games Team,1,549,135,7.08
Elixir Games,1,305,149,1.78
Elixir Studios,1,3272,234,15.97
Eliška Vrzalová,1,53,14,0.0
Elknight,1,44,6,0.0
Ellada Games,1,1633,657,5.48
Ellie's Lunchbox,1,259,55,0.0
Ellinia games,1,62,18,0.0
Elliott Jones,1,277,135,3.55
Elliott Strait,1,67,1,0.0
Ellipse Studios,1,278,46,2.15
Elliptic Games,1,1238,89,9.32
Elllinia games,1,21,8,0.0
EloThere,1,33,19,0.0
Elon3D,1,3,0,0.0
Elphie,1,2,2,0.0
Elton Silva,1,8,0,0.0
Eluhims Studio,1,60,68,0.0
Elushis,2,77,41,2.765
Elusive Panda,1,6,2,0.0
ElvGames,1,19,0,0.0
Elven Workshop,1,274,116,4.47
Elvio Lujan,1,1,0,0.0
Elzai Games,1,2,0,0.0
EmInSpace,1,7,2,0.0
Emad,2,1808,127,7.09
Emanation,1,0,1,0.0
Emanuel N.M,1,13,4,0.0
Emberfish Games,1,1574,182,25.83
Emberheart Games,1,288,5,0.75
Embernight Games,1,3,2,0.0
Emberstone Interactive,1,34,1,0.0
Emblematic Group,4,125,115,0.0
Embryo,1,32,10,3.32
Emedion Games,1,3,0,0.0
Emerald Interactive Games,1,2,2,0.0
Emergence Studio,1,221,32,0.0
Emergency Entrance Studios,1,79,41,0.0
Emerick Gibson,1,19,4,0.0
"Emerson Design, Inc.",1,276,187,0.15
Emilios Manolidis,2,382,149,17.25
Emily Peregrine,1,3,3,0.0
EmilyMGames,1,312,85,0.72
Emir Cerimovic,1,166,57,0.0
"Emir Suleiman, Tayfun Tuna",1,171,31,0.0
"Emma Franklin, Charlie Marshall",1,47,27,0.0
Emmanuel Perrillon,1,9,4,0.0
Emotion Studio,1,189,170,9.85
EmpI Studios,1,32,13,0.05
Emperium Team,1,5,1,0.0
Empire Interactive,1,13,3,0.0
Empires,1,902,140,54.13
Empty Clip Studios,3,1693,505,1.3333333333333333
Empty Die Studio,1,42,13,0.0
Empty Essence,1,23,17,0.0
Empty Teapot,1,11,6,0.0
Empyrean,2,89740,5601,12.11
Empyrean Art,1,1,0,0.0
Emre Tanirgan,1,543,51,2.6
"Emsad Brushbeard, T.C. Mabe",1,2,2,0.0
EnDrew,1,320,32,2.0
Enaayah Software Development and Services Private Limited,4,63,19,0.0
Ence Gaming LLC,1,0,1,0.0
"EnchantedLands, Oddeyefish",1,16,11,0.0
Encircle Games,1,70,13,1.48
EncoderX,1,9,9,0.0
Encore,1,5,16,6.48
Encryptique,1,139,116,4.2
"End Game Interactive, Inc",1,331,84,0.0
End of the Line Studios,1,13,5,0.0
Endava,1,445,362,0.63
EnderWings,1,5,1,0.0
Ender里特莫,1,7,0,0.0
Endflame,1,197,51,0.0
Endi Milojkoski,1,84,12,178.25
Endice Software,1,1,1,0.0
Endless Games,1,13,19,0.0
Endless Loop Studios,9,5852,1298,3.7066666666666666
Endless Ritual Assembly,1,46,2,0.0
Endless Shirafu,1,31,5,0.0
Endless Suffering,1,568,101,0.0
Endless Void Studios,2,114,38,0.0
Endlessfluff Games,3,3686,695,6.09
Endnight Games Ltd,1,599805,27986,27.37
Endorphin Studios,1,971,818,2.95
Endrit Special Poductions,1,0,1,0.0
Enemby Games,1,9,9,0.0
Energy Milk,2,79,37,6.25
Enga Games,1,5,0,0.0
Engage Pixel,1,20,10,0.0
"Engient, Inc",1,31,28,1.18
Engin Baştürk,1,9,1,0.0
Engin Mercan,1,79,37,0.0
Enigami,1,286,208,2.35
Enigma Dragons LLC,1,49,3,0.0
Enigma Games,1,2,1,0.0
Enigma Pendulum,1,2,4,0.0
Enigma SP,1,111,117,0.52
Enigmatic Machines,1,110,73,2.43
Enigmatic Network,1,44,2,0.0
Enitvare,4,800,216,2.235
Enki,1,1366,262,0.0
Enki Games,1,3,4,0.0
Enlight Software Limited,8,1866,377,12.3625
"Enlight Software Limited, PerspectX",1,131,159,0.47
"Enlightened Realm, Pixelfoot Games",1,26,2,0.0
Ennoble Studios,1,39,62,3.1
Enodo Games,1,170,61,0.0
Enokippu,2,539,130,1.395
Enoops,6,329,114,0.0
Enplex Games LLC,1,458,723,0.7
Ensemble Studios,2,33098,3283,14.39
"Ensemble Studios, Behaviour Interactive, 343 Industries",1,7788,761,13.83
EnsenaSoft,29,1935,1657,3.6306896551724135
Enter Skies,1,823,277,2.83
Entertainment Forge,4,5049,901,4.8425
Entheogen Studios LLC,1,174,65,3.62
"Enthrean Guardian, Eggion, stellarNull",1,11,4,0.0
Entity Medialab,1,323,75,0.12
Entrada Interactive LLC,1,20860,10748,24.28
Entries games,1,5,5,0.0
"Entwell Co., Ltd.",1,2432,1001,59.63
EntwicklerX,4,83,47,0.575
Envalid games,1,9,2,0.0
Envision Entertainment,1,105,86,0.78
"Eode, Beemoov",1,25,14,0.0
Eoin Flanagan,1,79,19,0.0
Ephemeral Entertainment,1,75,6,0.0
EpiXR Games UG,5,139,31,0.0
Epic Banana Games LLC,1,7,1,0.0
Epic Devs LLC,2,219,123,2.535
Epic Fire,1,71,25,0.05
"Epic Games, Inc.",5,14263,1247,4.272
Epic LLama,1,39,2,5.87
Epic Llama Games,1,590,43,4.02
"Epic MegaGames, Vision Software",1,50,40,0.18
Epic Shrimp,1,75,17,1.63
Epic Works,3,31,27,0.0
EpicVirtual,1,9,0,0.0
"Epicenter Studios, Scientifically Proven",1,118,10,4.68
Epiphany Games,1,61,51,0.0
Epitasis Games,1,115,42,0.0
Epixx.org,1,517,201,11.73
Epoching,1,1,2,0.0
Epopeia Games,2,35,12,0.0
Epotech,1,17,4,0.0
Epsilon Games,1,84,24,0.0
"Epyx, Inc.",6,68,20,0.0
Equanox Productions,1,1,0,0.0
Equilibrium Arts,1,6,1,0.0
"Erasmo Cândido Mutemba, Dilto João Banze, Osvaldo Dos Santos Cândido Mutemba",1,5,2,0.0
ErayTek,1,90,28,5.65
Erebus,1,948,334,2.77
Eren Aydin,1,166,140,6.83
"Eren Aydin, Serhat Yucekaya",1,289,84,1.77
Eren Çoban,1,2,0,0.0
Erepon Games,1,3,3,0.0
Ergosphere Game Studio,1,0,3,0.0
Eric Alexander,1,2,1,0.0
Eric Baskin,1,61,5,0.0
"Eric Chahi, DotEmu",1,1609,330,0.9
"Eric Hartman, Ben Garney, Anthony Rotondo",1,4059,1492,9.78
Eric Juvi,1,133,15,0.35
Eric L.,1,4,1,0.0
Eric Laflamme,1,19,1,0.0
Eric Lipschutz,1,87,16,0.28
Eric Peterson,1,1,4,0.0
Eric Provan - Ayyo Games,1,263,106,0.27
"Eric Ruts, Jacob Kooiman",1,644,304,16.38
Eric Thullen,1,1377,68,2.52
Eridani Games,1,24,10,0.0
Eridanus Industries,1,2915,621,15.4
Erik Asmussen,2,7494,691,5.34
Erik Brunnström,1,14,7,0.0
Erik Rempen,1,582,154,6.22
"Erik Sillén, Fredrik Carlsson, Philip Bretschneider",1,9,8,0.0
Erik Svedäng,1,121,36,1.1
"Erik Svedäng, El Huervo / Niklas Åkerblad, Tobias Sjögren, Oscar ""Ratvader"" Rydelius, Johannes Gotlén",1,540,264,1.27
Erlend Kirkeboe,1,167,12,0.0
Eroducate,1,83,11,0.0
"Eroducate, MohaElder169",1,609,89,0.0
ErosVR,1,17,19,0.0
Eross Video Games,1,1,5,0.0
Erotes Studio,2,436,111,2.16
Erow.Dev,1,72,27,0.0
Error 404 Game Studios S.A.,1,69,12,0.0
Ertal Games,1,16,1,0.0
Ervenstar Games,1,14,14,0.0
Erwin Wolf,2,21,14,0.0
"Escalation Studios, Four Quarters",1,1074,227,1.72
"Escality, LLC",1,30,2,0.0
Escape Games,1,5,0,0.0
"Escape Hatch Entertainment, LLC",1,13,49,1.18
"Escape Hatch Entertainment,LLC",1,16,14,0.68
Escapp Studio,1,0,0,0.0
"Escu:de, Element",1,53,12,9.88
Esenthel,1,34,13,0.0
EskemaGames,1,1,2,0.0
EspirArt Games,1,15,1,0.0
Esra ÖZTÜRK,1,0,1,0.0
Essence Games,1,28,2,0.0
Essence Ltd.,1,146,64,3.78
Essence Worldcrafter,1,6,2,0.0
Estelion,1,632,340,2.53
Estenio Garcia,1,1,0,0.0
Estudio Raed Wulf,1,48,21,0.0
Esturia Games,1,38,2,0.0
Eternal Dream,2,3596,137,0.0
Eternal Echoes VR,2,36,8,0.0
Eternal Lighthouse,1,120,38,0.0
Eternal Night Studios,2,3518,402,4.46
Eternal Stardust Studios,1,55,37,0.57
EternalShadow Studios,1,143,34,1.78
Eternity Games,1,89,26,0.0
Eternity Studios,2,179,165,3.485
Eteru Studio,2,263,41,0.35
Ethan Goldreyer,1,8,0,0.0
Ethan Ines,1,1,1,0.0
Ethan Waite,1,109,24,5.4
EtherGaming,1,433,54,8.93
Ethereal Darkness Interactive,2,64,24,0.0
"Ethereal Gem, LLC",1,1,0,0.0
Ethrea Dreams,1,263,120,3.62
Etranges Libellules Studios,1,214,91,2.1
Euclides Lopes,1,15,4,0.0
Eugen Systems,8,38390,8110,31.696250000000003
"Eugene Chung, Jimmy Maidens, Terry Kaleas",1,164,20,0.42
Eugene Zubko,1,2945,302,0.0
EugeneLee,1,14,2,0.0
Eugeny Butakov,1,102,13,4.65
Euphoria Games,2,308,48,0.0
Euphoric Brothers,2,676,275,0.775
Eurocom,4,1050,113,2.42
"Eurocom, THQ Nordic",1,590,38,11.55
European Flameworms,1,4953,2256,1.65
Eutechnyx,3,4592,912,7.34
EvaGames,1,9,2,0.0
"Evan ""Solidplasma"" Peiperl, Tyler R. Gonelli, Pamela Pizarro-Ruiz, Spencer Everhart, Dan Vicarel",1,36,1,0.0
Evan Downing,1,12,5,0.0
Evan Lowery,1,1,0,0.0
"Evan Peiperl, Brianna Livesay",1,17,1,0.0
Evan Samuel,1,35,1,0.0
Evan Tognotti,1,183,42,0.0
EveRecord,1,427,15,0.0
Event Horizon,1,1994,381,15.08
Everglow Interactive Inc.,1,2563,837,3.28
Evergreen,1,21,35,0.0
Everguild Ltd.,1,1815,1102,188.37
Everland MMO,1,260,15,0.0
Everlasting Games,1,12,0,0.0
Evermore Game Studios,1,100,68,4.12
"Everplay Interactive, Blow and Try Again, Rocketcat Games",1,157,95,7.8
Eversim,9,2961,2291,37.01222222222222
Everwake Games,1,17,1,0.0
Every Single Soldier,3,1271,188,5.123333333333333
"Every Single Soldier, Wastelands Interactive",1,56,55,4.37
Everyday Agents,1,17,9,0.0
Everything Unlimited Ltd.,1,19369,2633,1.77
Evgenii Gubanov,1,52,30,1.5
"Evgeny Apel, Pavel Rodionov, Ivan Ilchenko",1,26,2,0.0
Evgeny Petrov,3,37,25,0.0
Evgiz,1,56,19,0.0
EviTRea,1,6,0,0.0
Evil Aliens,1,22,12,0.0
Evil Bite,1,743,470,2.87
Evil Bunneh,3,36,30,0.0
Evil Chicken,1,20,7,0.0
Evil Dentists,1,280,52,0.0
Evil Games,2,38,44,0.01
Evil Indie Games,2,288,58,0.3
Evil Mojo Games,1,294373,52031,66.98
Evil Objective,1,24,1,0.0
Evil Raptor,1,7138,690,3.02
Evil Tortilla Games,2,24600,6232,2.125
Evil Twin Artworks,4,1299,671,5.092499999999999
EvilCharm Games,1,2187,585,52.85
EvilCoGames,1,59,23,0.85
EvilStar Studios,1,25,4,0.0
Evilwind Studio,1,271,107,3.28
Evlanic Entertainment,1,286,26,0.0
Evocat Games,2,142,25,0.685
Evols,1,17,4,0.0
Evoluta Studio,2,293,267,2.465
Evolutionary Games,1,40,44,2.35
"Ex Nihilo, ARTE France",1,1321,340,3.72
ExDream GmbH,1,125,265,1.35
Exa_Inc,1,1,1,0.0
Exalted Guy Interactive,1,35,7,4.0
Examined Interactive,1,27,6,0.0
Exato Game Studios,1,61,27,0.88
Exato Games Studio,1,573,597,3.13
Exbleative,2,4852,497,1.2000000000000002
Excalibur,5,926,1105,3.6580000000000004
ExclexGame,1,20,12,0.13
Exe Create Inc.,16,272,84,0.214375
Exe Games Inc.,1,1605,2219,2.18
Execution Unit,1,25,3,0.0
Exilland,1,18,1,0.0
Exit Plan Games,1,4599,172,4.95
Exkee,2,234,141,0.6
ExoElement Games,1,23,6,0.0
Exoception,1,1,1,0.0
"Exokit Inc, Pluto VR",1,16,4,0.0
Exor Studios,1,3280,653,1.78
Exordium Games,4,1381,243,1.4025
Exorzine Games,1,3,1,0.0
Expansive Worlds,1,157641,19969,28.35
"Expansive Worlds, Avalanche Studios",2,27309,19711,21.99
"Expedia Labs, Expedia, Space Needle + Chihuly Garden and Glass, WSP – Parsons Brinckerhoff of Seattle, Jaclyn Lake, Rachel Ye, Morgan Graham",1,15,15,0.0
ExperaGameStudio,2,80,31,0.06
Experience Inc.,1,415,205,4.63
"Experience Inc., Codeglue",1,129,71,0.0
Experiment 101,1,12840,6587,22.85
Experimental Gamer Studios,1,23,2,0.0
Experius VR,1,211,17,0.0
Exploding Cable Productions,1,2,1,0.0
Explosive Squat Games,2,4899,572,4.525
"Explosm, Skeleton Crew Studios",1,627,570,3.17
Exponential Games Inc.,1,131,73,0.0
Expression Games,1,113447,24230,62.2
Expressive Gamestudio,1,62,5,0.0
Exquisite Games,2,238,93,1.2000000000000002
"Exquisite Games, Biotae",1,5,2,0.0
Exscape,1,10,13,0.0
Extend Mode,2,40,18,1.36
Extend Studio,3,873,340,1.7166666666666666
Extinct Angel,1,31,30,0.33
Extra Dimension,1,56,19,0.0
Extra Nice,1,35,12,0.0
Extreme Developers,2,185,102,2.8249999999999997
Extrokold Games,2,380,138,1.825
Eyaura,1,791,164,8.98
EyeSpyda Games,1,175,45,16.12
Eyebrow Interactive,2,977,181,3.375
Eyedentity Games Inc.,1,1651,634,25.27
"Eyeguys, Lorenzo Redaelli",1,406,112,3.28
Eyemobi Ltd.,1,153,197,0.0
Ezalbot,1,13,1,0.0
Ezhaac Studio,1,105,61,1.5
Ezzat Studios,1,277,77,0.1
Eşref Çağatay Güven,1,4,1,0.0
F Studio,1,8,4,0.0
F chord 繁弦,1,0,1,0.0
F-Games,1,0,7,0.0
F-Greetings,1,100,76,0.0
F.SDRI,1,5,2,0.0
"F191, 中闻影视",1,93,20,0.0
F4DE,1,5,10,0.0
F8tality games,1,6,1,0.0
FAKT Software Gmbh,1,11,27,8.62
FAL Works,1,38,0,0.0
FALCO Software,1,21,2,0.0
"FALCO software, KazakovStudios",1,36,6,0.0
FALCON GAMES,1,0,1,0.0
"FAT BOMB STUDIOS, LLC",1,1087,126,3.45
"FAYEZ ALRASHEEDI, WADE AIZOUKY, KHALED ALRASHEEDI",1,1,0,0.0
FC Maker,2,1242,105,0.0
FCgames15,1,13,0,0.0
FEDOS CHANNEL,1,5,4,0.0
FEYXUAN,1,0,1,0.0
FHNBHJ,2,303,14,6.6499999999999995
FIFTYTWO,1,50,6,0.0
FIREBEAST,1,544,40,2.23
FIVE-BN GAMES,22,13349,1784,1.8590909090909091
FJRD Interactive,1,1480,680,3.23
"FK Digital, Arc System Works",1,268,37,2.85
FLAT12,1,71,17,0.65
FLEB,1,390,43,4.93
FLO-server,1,33,18,0.0
FLOAT LAND,1,4,3,0.0
FM Studio,4,609,61,0.0
FMG Labs,1,62,26,0.47
FNGames,1,320,74,0.15
FNTASTIC,1,13055,7234,7.33
FOAM Entertainment,1,1691,378,4.7
"FOCKA GAMES, ILCOIN Development team",1,17,15,0.0
"FOO VR, Inc.",1,137,22,0.33
FRENCH-BREAD,3,8717,614,18.87666666666667
"FRENCH-BREAD, TYPE-MOON, Lasengle Inc., TAMSOFT CORPORATION, GameLoop Inc.",1,8484,1118,16.08
FROG,1,23,11,3.18
FRVR,1,21147,5599,2.92
FTH GAMES,1,1,0,0.0
FUN Creators,1,77,139,2.88
FUN Labs,1,149,255,0.95
FUN labs Romania S.R.L.,1,19,52,0.0
FUNDO Learning Studios,1,8,2,0.0
FUNYOURS,1,96,38,0.3
FUNdation,1,3,0,0.0
FURYU Corporation,4,1507,401,10.0425
"FURYU Corporation, Engine Software BV",1,420,158,23.77
FUSIS Games,1,3,3,0.0
FUZZYEYES,1,28,67,7.23
FW2C.COM,1,9,6,0.0
FX Barcelona Games School,1,19,8,0.0
FX GAMES,1,31,15,0.0
FX Games,1,98,36,0.53
FX Games Media,1,303,214,1.03
FYQD-Studio,2,65235,6204,2.86
"FYRE Games, Conner Rush",3,1650,194,0.0
FZ-Tech,1,1,6,0.0
Fabian Jarrett,1,114,24,0.15
"Fabian Rosskopf, Birgit Schönauer, Philipp Sigl, Fabian Tkaczuk, Tamara Toker, Jamie Nord",1,33,10,0.0
Fabian.L,1,9,7,0.0
"Fabiana Cecin, Niko Ritari, Jani Rivinoja",1,22,2,0.0
Fabiano Naspolini de Oliveira,1,41,1,0.0
FabioPDJ,1,61,16,0.0
Fabiulous Games,1,208,52,0.0
Fabled Game,1,585,116,28.97
Fables of Laetus,1,24,2,0.0
Fablesoft Studios,1,9,1,0.0
Fabraz,5,1215,225,2.788
Fabricated Reality Software,1,37,11,0.0
Fabrik Games Ltd,1,57,19,0.8
Facepunch Studios,4,2195632,194101,136.3825
"Factor 5, LucasArts",1,939,351,1.23
Factus Games,2,291,96,9.015
"Facundo Balboa, Iván Piccione, Martín Díaz",1,9,4,0.0
Fading Club,1,247,63,2.97
Failbetter Games,2,10521,2087,16.700000000000003
FailoutGames,5,13,23,0.0
"FailoutGames, DanLamb47",1,3,5,0.0
Fair Games,2,34,22,0.0
Fair Games ApS,1,15988,1083,14.97
Fair Games Studio,2,504,319,8.075
"Fair Games Studio, Noostyche",1,239,67,0.0
Fair Weather Studios,2,159,75,1.775
"Fair Weather Studios, LLC",1,7,1,0.0
Fairy Forest,1,73,13,0.0
FairyPeople,1,74,20,0.0
Fairytale Distillery,1,221,233,0.57
"FakeFish, Undertow Games",1,70694,4640,37.98
Fakedice,1,180,77,1.07
Fakt Software,4,9658,732,6.4225
Falco Software,12,109,227,0.010833333333333334
"Falco Software, Laush Dmitriy Sergeevich",1,10,4,0.0
"Falco Software, kazakovstudios",1,52,22,0.0
Falcon Development,1,2487,105,16.22
Falcon Interactive,1,502,154,0.38
FalconDev,1,3,8,0.0
Falkenbrew,1,52,3,0.0
Falko Michael Kötter,1,15,0,0.0
Fallen Flag Studio,1,2792,1015,4.72
Fallen Penguin Studios,1,66,17,0.0
Fallen Planet Studios,1,144,40,0.0
Fallen Snow Studios,1,935,100,3.1
Fallen Tree Games Ltd,7,3362,834,4.824285714285714
FallenMaster,1,53,41,3.65
Falling Ash Games,1,4,0,0.0
Falling Ninja Productions,1,0,1,0.0
Falling Star Games,1,32,49,5.97
Falling Star Studio,2,101,42,3.415
False Crow Studios Ltd,1,7,6,0.0
False Vacuum Games,1,36,7,0.0
Famous Dogg Studios,2,445,76,0.0
Fancy + Punk,1,9,0,0.0
"Fancy Bytes, Reactor",5,1192,402,2.5279999999999996
Fancy Fish Games,2,70,75,9.19
"Fancy Fish Games, SnöBox Studio",1,1733,108,5.6
"FangRunQiang, FangRunQiang",1,2,0,0.0
Fangsoft,1,129,2,0.0
FantaBlade Network,1,24297,2629,5.12
Fantahorn Studio,1,87,44,0.0
Fantasia Studio,2,461,57,5.8149999999999995
Fantastic Passion,1,1146,265,1.37
"Fantastic, yes",1,41,16,0.0
Fantastigo,1,2,3,0.0
Fantasy Creations,1,215,9,0.33
Fantasy Earth,1,23,26,0.0
Fantasy Flight Games,5,2438,269,8.656
"Fantasy Flight Publishing, Inc.",1,346,101,0.82
Fantasy Li,1,97,51,0.75
Far Mills,2,200,34,4.375
"Far Mills, Mysterytag",1,373,142,3.47
Far Road Games,1,383,200,13.73
Far side of North Studio,1,140,53,0.0
FarSight Studios,1,3002,1078,4.05
"FarSight Studios, Inc.",1,99,174,1.68
FarSpace Studios,1,29,4,0.0
Faravid Interactive,1,182,73,4.22
Farbs,1,165,19,4.23
Farbworks,1,4119,236,5.75
Faria,1,9,4,0.0
Faris Mohammed,1,47,8,0.0
Faritengames,1,52,17,0.0
Farjay.com,1,556,83,1.3
Farlight Games Industry,2,127,98,0.4
FarmerGnome,1,303,181,3.02
Farom Studio,1,76,203,1.47
Farsky Interactive,3,3858,1314,5.14
Farther Gamer,1,5,0,0.0
Fasaria World,1,29,39,4.82
Fascimania,1,10,5,3.95
Fasold Games,2,15,8,0.0
Fast Fall Studios,1,50,15,0.0
Fast Forward Games,1,20,20,0.0
Fast Travel Games,3,536,129,2.783333333333333
"FastGame, VICTORIA Games",3,411,166,0.48333333333333334
Fastermind Games,1,7,0,0.0
Fat Gem,1,322,72,4.43
Fat Pug Studio,1,28,1,0.0
Fatal Error Games,1,8,2,0.0
"FatalCage, CloudCage",1,16,2,0.0
Fatalitech,1,61,19,0.0
"Fatbot Games, s. r. o.",2,1076,190,4.525
Fatcat Games,1,11,4,0.0
Fate Dragon Studio,1,329,162,0.22
Fate Game Studio,1,150,82,3.17
Fatih KAYA,1,6,11,0.0
"Fatih Karaatli, Kemalcan Ustabasi",1,14,6,0.0
Faton,2,462,534,4.0
Fatshark,8,133805,26276,7.92375
Faultline Games,1,151,130,2.18
Faux-Operative Games,1,63,14,0.0
Favorite,1,324,17,1.87
"Faxdoc and nostalgiatree games, Faxdoc and nostalgiatree games",1,61,0,0.0
Fayju,1,10189,648,32.62
Fazan,1,64,60,3.67
Feardemic,1,77,52,0.0
Fearem,1,141,76,1.28
Fearjoy Game Studios,1,2,9,0.0
FeatherFan,1,6,5,0.0
Federico Schliemann,1,38,5,0.17
Fedor Votrin,1,6,4,6.08
Fedora Collective,1,106,22,3.87
Fedorov Ilya &amp; Andrew Konovalov,1,246,262,135.65
FeelThere,1,608,305,10.92
"Fei, Leo, Yang",1,6,9,0.0
FelGC.GamesDevelopment,4,382,129,0.4175
Feline Fuelled Games,1,17,11,0.0
Felione1,1,10,8,0.0
Felipe Oliveira Cardozo,1,4,0,0.0
Felipe Silva,1,9,0,0.0
Felix &amp; Paul Studios,1,24,23,0.0
Fellstrike Games,1,35,13,0.0
Fence-In,1,4,6,0.0
Fenix Fire Entertainment,1,8064,6961,16.55
Fenix Studios,1,9,9,0.0
Fenrir Studios,1,11,13,0.0
Fenrisulfr Ruin1990,1,32,6,0.0
Feodosiy,1,89,15,0.0
"Feodosiy, Mensh",1,133,38,4.47
Feperd Games,2,1880,173,2.825
Feral Cat Den,1,1562,426,14.25
Feral World Entertainment,1,4,22,0.0
FergaTroid Studios,1,71,26,0.0
Fergus W,1,10,5,0.0
Fermenter Games,2,624,169,2.165
Fern Nigro,1,164,79,1.42
"Fern Nigro, Christopher Anselmo, Daniel Marques",1,154,58,0.4
"Fern Nigro, Panos Tzimas",1,222,86,3.43
Fernando Araujo,1,141,3,0.0
Fernando Paulo,1,40,28,2.1
"Fernando Ramallo, David Kanaga",1,202,22,0.08
Fernando Tittz,1,12,6,0.0
"Fernando Tittz, Ahldain Michael",1,62,0,0.0
Ferulox Studios,2,43,3,0.0
Fervent,1,1128,172,2.15
Fever Dream Gameworks,1,16,3,0.0
Fewjix,3,55,15,0.25
Fewprime,1,18,4,0.0
Feyra Online,1,7,3,0.0
Fialho's,1,1,0,0.0
Fickle Sickle,2,32,15,0.0
Fiction Factory Games,1,555,44,3.22
Fictiorama Studios,2,11570,934,4.574999999999999
Fiddlesticks Games,1,9736,788,29.62
Fierce Fun,1,6,2,0.0
Fifth Column Games,1,589,93,0.0
Fifth Dimension Company,2,260,204,5.245
Fifth Edge Studios,1,6,2,0.0
Fifth One,1,142,18,1.7
"Fighter Base Publishing, Inc.",1,53,30,0.0
"Figurehead Studios, CRASS Studios",1,30,38,4.63
Filament Classic,2,451,167,2.7
Filimundus,1,20,4,0.0
Filios Christou,1,176,111,0.0
Filip Kostin,1,1,0,0.0
Filippo Ceffa,1,40,6,4.28
Filipsouthstargamestudio,1,4,3,0.0
Filmtyme,1,1,3,0.0
Final Boss Entertainment,1,407,178,3.9
Final Form Games,2,2404,163,2.95
Final Scene dev,1,87,16,0.0
Final Strike Games,1,1132,706,1.92
FinalBoss Games,1,27,1,0.0
Finalboss game studio,1,195,75,4.62
Finalspark Gamestudios,1,18,49,0.0
Finifugal Games,1,226,19,0.0
Finish Line Games,2,1799,502,1.195
Finite Reflection Studios,2,96,9,0.0
Finji,1,384,136,111.87
"Finji, Kittehface Software",1,256,36,4.35
Finn Lichtenberg,1,12,2,0.0
Finn Sinclair,1,274,39,0.2
"Finn Stüven, Felix Haffke",1,2,1,0.0
FiolaSoft Studio,1,901,150,4.55
Fionn Keeley,1,3,0,0.0
Firaxis Games,10,40549,9776,11.931999999999999
"Firaxis Games, Aspyr (Mac), Aspyr (Linux)",3,513381,63382,89.96
"Firaxis Games, Feral Interactive (Linux)",1,52717,3697,45.5
"Firaxis Games, Feral Interactive (Mac)",1,2301,950,6.92
"Firaxis Games, Feral Interactive (Mac), Feral Interactive (Linux)",1,86187,15514,75.8
Fire Face Corporation,1,265,106,1.65
Fire Hose Games,2,550,100,3.135
"Fire Hose Games, Manekoware",1,119,36,1.48
Fire Sword Studios,1,3201,438,0.0
FireFly Studios,2,6027,3406,63.685
"FireFly Studios, Firaxis Games",1,624,234,7.97
FireForge Games,1,20,25,0.0
FirePillar2,1,176,12,0.0
FireStone Studio,1,13,12,0.0
FireUnraveller,1,1,0,0.0
FireVector,1,8,2,0.0
Fireart Games,1,14,9,0.0
Fireball Games,1,25,23,0.0
Fireball Studios,1,3,4,0.0
Firebase Industries Ltd.,1,84,67,0.0
Fireblade Software,1,942,341,10.53
Firebrand Games,1,231,79,3.12
Firebrush Studios,1,28,17,2.07
"Firecast Studio, Fableware",1,458,247,3.25
Firedance Games,1,150,76,2.37
Firefly Studios,8,53167,11577,11.60625
Fireglow,2,670,100,3.75
Firemint,1,499,43,1.13
Fireproof Games,6,79117,1945,3.7533333333333334
Firepunchd Games UG,1,88,8,0.33
Fireroot Studios,1,317,87,0.0
Firesprite Ltd,1,109,51,0.0
Firestorm Entertainment,1,8,38,0.0
Fireworks Garland,1,21,2,0.0
First Bite Games,1,133,22,0.0
First Coffee,1,10,2,0.0
First Contact Entertainment,1,75,43,0.0
First Game Studio,1,42,18,0.0
First Games Interactive,6,268,128,1.2866666666666666
First Violin Games,1,4,6,3.55
FirstSeed,1,21,5,0.0
Firstborn Games,1,70,17,1.07
Fish Chain Games,1,21,4,0.0
Fish Tank Studio,1,18,2,0.0
FishSoft LLC,1,39598,33887,105.53
Fishagon LLC,1,11,0,0.0
Fishcow Studio,1,1383,412,1.83
FishermanGameDev,1,126,154,3.57
Fishing Cactus,5,7052,559,5.146
Fishing Planet LLC,1,57004,8695,21.73
Fishlabs Entertainment GmbH,1,1637,513,6.22
Fisholith,1,68,9,0.0
Fistful of Frags Team,1,33130,3132,6.72
Fists Of Destiny Games,1,0,1,0.0
FitXR,1,1284,335,3.32
Fivang,1,5,23,1.45
Five Archers Games,1,93,25,0.0
Five BN,1,71,73,4.42
Five Mind Creations,1,446,88,0.73
Five Percents,2,133,12,0.0
Five entertainment,1,8,17,4.77
FiveDead Interactive Inc.,1,3,2,0.0
FiveStarGames,1,43,18,0.0
Fiveamp,1,5965,933,14.9
Fixer Games,1,19,34,4.3
Fixpoint Productions,1,19,6,0.0
Fizzostia,2,239,71,0.0
Fizzure Entertainment,1,31,4,0.83
FlagmanJeremy,5,232,194,1.7919999999999998
Flame Spirit Software Studio,1,12,13,0.0
Flamebait Games,2,6589,879,5.525
Flaming Firefly,2,257,56,2.6799999999999997
"Flaming Fowl Studios, Saber Interactive",1,12466,2517,38.9
FlapBox Studios,1,15,1,0.0
"FlashPoint Games, LLC",1,12,0,0.0
Flashback Games,1,3191,587,103.72
"Flashback Games, The Lordz Games Studio",3,3289,432,14.81
Flashblack Games,1,16,0,0.0
Flashbulb,3,32415,3182,12.82
"Flashpoint Productions, Nightdive Studios",1,72,17,55.22
Flashrush Games,1,2,0,0.0
Flashynurav,1,114,56,3.08
Flat Cat Games,3,1165,71,6.043333333333334
Flat Earth Games,2,394,360,9.45
"Flat Earth Games, Epiphany Games",1,40,62,4.17
Flat Hill Games,1,125,24,2.28
Flat Software,1,231,261,1.55
Flat Voxel,1,16,6,0.0
FlatCircle,1,3,0,0.0
FlatPonies,1,35,2,0.0
FlatRedBall,1,39,5,3.75
Flatbox Studios,1,134,40,0.63
Flatcoon,1,83,42,0.0
Flavourworks,1,1249,348,3.98
Flazm,1,85,6,0.15
Fledermaus,1,51,49,5.37
Flenx,1,82,45,1.52
Fleon Games,3,536,197,0.9833333333333333
Flgaming,1,0,1,0.0
"Flgaming, Fareed",1,1,0,0.0
Flick Mania Games,1,2,4,0.0
"Flight 115, LLC",1,16,1,0.0
Flight School Studio,3,262,84,2.1666666666666665
"Flight School Studio, MWM Interactive",1,267,70,0.02
Flight Systems LLC,1,7,19,0.0
Flightless,2,56,24,1.735
Flightyfelon Games Inc.,1,77,7,0.0
FlipSwitch Games,1,2615,1463,21.38
Flippfly LLC,2,6543,505,3.365
Flix Interactive,1,591,531,48.07
"Flo Knödl, Johannes Fischer, Michael Hütter, Christoph Müller, Simon Eberl, Thomas Kern, Lukas Schönwiese",1,420,76,0.65
Floating Origin Interactive,1,191,52,0.0
Floor Chicken,2,37,5,0.0
Florastamine,1,248,147,3.63
Florent Vieillescazes,1,9,6,0.0
"Florian Himsl, Rhys510",1,50,13,0.0
Florian Voss,1,6,3,0.0
Flova Interactive,1,41,12,0.0
Flow,1,6,0,0.0
Flow Combine,1,351,162,2.5
Flow Fire Games,3,16060,1375,9.51
Flow Studio,1,3362,562,12.88
Flow VR,1,9,4,0.0
FlowersFX,1,2,0,0.0
Flox Studios,3,577,340,0.8833333333333333
Fluffex Studios,1,87,21,0.0
Fluffy Bisons,1,5,0,0.0
Fluffy Bunny Studios,1,4,2,0.0
Fluffy Kitten Studios,1,231,109,23.6
Fluffy Lotus,1,26,2,0.0
Flump Studios,4,893,440,3.5875
Fluppisoft GmbH,1,47391,2731,57.52
Flurry Game Studios,1,13,21,0.0
Fluttering Abyss,1,20,6,0.0
Flux Games,2,476,100,1.8
Flux-Soul,1,5,0,0.0
Fluxscopic Ltd.,1,79,11,0.05
Fly Dream Dev,1,48,24,3.62
Fly Penguin inc.,1,113,29,0.0
Fly System,1,235,142,1.07
FlyAnvil,1,1254,207,2.05
Flying Beast Labs,1,40,0,0.0
Flying Butter Games,1,6,7,0.0
Flying Cafe for Semianimals,1,1382,573,4.73
"Flying Fridge Games, Vincent Hellberg",1,3,0,0.0
Flying Helmet Games,1,640,140,6.25
Flying Islands Team,5,578,131,0.77
Flying Mollusk,1,336,94,5.42
Flying Oak Games,2,633,191,0.95
"Flying Oak Games, E-Studio",1,2614,381,2.82
Flying Panjandrum,1,183,28,3.67
Flying Panjandrum / ふらいんぐパンジャンドラム,4,79,18,0.0
Flying Robot Studios,2,63,45,2.935
Flying Squirrel Entertainment,1,1765,666,12.28
Flying Star Games,5,248,69,0.0
Flying Whale,1,349,49,0.0
Flying Wild Hog,7,62304,9072,3.642857142857143
Flying color bear,1,3,1,0.0
Flying. Stone. Production,1,11,0,0.0
FlyingCubicle,1,2,7,0.0
"FlyingCubicle, -",1,1,2,0.0
Flyleap Studios,4,414,281,0.72
Flynn's Arcade,2,225,219,4.08
Fntastic,1,189,55,1.1
FoG Games,1,31,20,0.0
FoV,2,5,10,0.0
FoamPunch,1,2916,142,44.9
FobTi interactive,7,414,130,0.86
Focus Entertainment,2,1869,2075,13.885000000000002
Focusd IO,1,1840,138,8.43
Fogbound,1,17,17,0.0
Foggy Box Games,1,58,25,0.7
Foggybus,1,165,49,3.72
Fold Up Studios,1,46,5,0.15
Foldergeist Studios,1,34,52,1.78
Follow the fun,1,153,6,2.07
"Food dream factory, 萌豆游戏",1,2,4,0.0
"Foolish Mortals Games, Michael Long",1,427,89,7.18
Footprints Games,1,138,25,0.0
For All To Play,1,141,40,0.13
For Fun Labs,1,3032,177,10.13
For/War Games,1,1,0,0.0
For7s,1,19,0,0.0
Forbes Consult Ltd,1,229,275,0.73
Force Of Habit,1,63,22,1.07
"Force Of Habit, Clockwork Cuckoo",1,16,4,0.0
"Forced March Games, Electric Games",1,48,25,0.0
Forceight,4,2364,450,2.5375
"Fordays Co.,Ltd.",1,294,60,0.77
Foreignvr,1,36,20,0.0
ForepawSoft,2,108,23,0.5700000000000001
Forestlight Games,1,131,71,0.0
Forever Entertainment S. A.,12,8476,2762,4.425833333333333
Forever Years,1,8,8,0.0
"Forge Father Games, Inc.",1,19,4,0.0
Forge Reply,1,32,25,0.07
Forgotten,1,439,51,0.0
Forgotten Key,1,6323,1054,4.5
Foriero s.r.o.,1,2,2,0.0
Forked Tail Studio,1,2,2,0.0
"Formal Sheep, LLC",1,49,0,3.03
Forsend,1,3,4,0.0
Fortcullis Games,1,12,1,0.0
Fortell Games,1,51,55,2.45
"Forward Development, Ltd.",1,24830,5346,24.12
Forward Instinct,1,52,30,0.0
Fosfatina Ediciones,1,34,11,0.0
FossettGaming,1,14,3,0.0
Fossil,1,379,90,4.6
Fossil Friends,1,28,20,0.0
Fossil Games,3,308,30,0.5499999999999999
Foulball Hangover,1,21755,3368,22.33
Four Circle Interactive,3,3161,844,2.373333333333333
Four Eyes Productions,2,13,4,0.0
Four Fats,1,17,0,0.0
Four Mans Games L.L.C.,1,8,9,2.83
Four Quarters,2,36898,3052,12.45
Four White Cats,1,335,73,8.37
Four Winged Studio,3,524,471,2.533333333333333
Fourattic,1,1168,312,6.68
FourbitFriday,1,544,67,10.77
Fourexo Entertainment,1,976,256,5.57
Fourhorn Games,1,3,0,0.0
Fowers Games,1,42,9,59.33
Fox Dawn,1,358,292,4.35
FoxForceGames,1,21,2,0.0
FoxLeap,1,11,2,0.0
FoxPixStudio,1,1,0,0.0
FoxSox Games,1,18,2,0.0
Foxie Games,1,321,227,1.68
Foxoft,1,2000,94,95.12
Foxy Voxel,1,16633,1873,34.37
Fractal Blue Entertainment,1,10,6,0.0
Fractal Phase,1,1078,82,9.6
Fractal Projects,1,119,14,0.0
Fractalis,1,1,1,0.0
Fractured Rogue Studios LLC,1,61,132,0.0
Frag Games,1,8,5,0.0
FragOut,1,65,120,7.53
Fragment Production Ltd,1,46,44,0.0
Fragment Production Ltd.,1,177,105,4.88
FrameLineNetwork,2,54,145,0.29
Frameblade,1,31,4,0.0
Framelinenetwork,1,11,93,0.0
Francis Vace,1,99,5,0.0
FranciscoGames,1,9,2,0.0
Franco Hernandez,1,2,5,0.0
Francois Braud (Volatile Dove),1,56,11,2.45
Francois Roussel,1,508,138,1.68
Francolins studio,1,17,27,0.0
"Frank Gallinsky, Yuri Bechthold",1,5,0,0.0
Frank J Sudol,1,18,9,0.0
Frank Lucas,1,901,510,2.17
Frankenstein Studio,1,19,2,0.0
FranzDev,1,1,3,0.0
"Fraoula, Spiky Crumb",1,1748,345,2.47
Fratboy Entertainment,1,24,3,0.0
FreakZone Games,6,4475,555,2.8333333333333335
Freaking Games,1,3111,417,42.52
Freakinware Limited,1,909,332,1.05
Freakinware Studios,2,13294,3161,6.895
Freaky Creations,1,45,10,0.0
Fred Sauer,1,62,7,2.42
Fred Wood,3,1369,121,3.6300000000000003
Fredaikis AB,3,28999,30519,19.753333333333334
Freddie Lorenz,1,8,1,0.0
Frederik Holst,2,2,6,0.0
Fredrik Kristian Jensen,1,1,5,0.0
Free Candy Games,1,652,78,3.67
"Free Games Info, hyperboreanGames",1,1032,371,4.28
"Free Goos Games, Frederick Marecos",1,38,35,0.0
Free Initiative Games,3,133,96,0.75
Free Lives,4,92545,3676,6.505
Free Radical Design,1,211,53,0.12
Free Range Games,1,181,91,3.5
"Free Range Games, Protopixel",1,11,7,0.0
Free Reign Entertainment,2,7219,7576,4.76
Free Reign Entertainment LLC,1,50,77,0.87
"Free Reign Entertainment, Free Reign Entertainment",1,10776,6811,4.7
FreeAnimals_Software,3,55,26,0.0
"FreeAnimals_Software, Dnovel",1,12,3,0.0
FreeCube,1,18,4,0.0
FreeMind S.A.,4,3400,727,9.375
FreeTimeDev,2,4,8,0.0
Freebird Games,5,116396,5577,20.606
Freedintale Studio,1,28,4,0.0
Freedom Factory,2,102,272,2.21
Freedom Software,1,2,1,0.0
Freedomize Studio,3,1294,255,9.68
Freegamer,2,37,143,0.19
Freegashtantae Games,1,4,0,0.0
Freehold Games,2,10379,615,16.13
Freejam,3,88760,33141,14.959999999999999
Freeline Games GmbH,1,14,12,0.0
Freemergency,1,485,30,0.9
Freeminds,1,132,7,0.0
Freestewdios,1,8,3,0.0
Freethrow,1,50,11,0.0
Freeway Interactive,1,31,17,0.0
FreezeNova,17,4536,1784,2.482941176470588
FreezyCat,1,1137,52,0.22
Freie Programme Hohenstein,1,720,205,0.0
Fresh3D,1,522,65,2.77
"FreshGem, Zillion Whales",1,63,30,2.3
FreshMountainStudios,1,24,11,0.0
Freshfield Studios,1,16,9,0.15
Freshly Squeezed,1,575,142,3.35
Frictional Games,6,89026,6718,4.096666666666667
Friend & Fairy,2,398,14,1.45
Friend & Foe Games,1,320,265,0.4
Friendly Fox,3,31,10,0.0
Frima,1,47,46,2.38
Frima Studio,4,3357,1164,10.4425
Frinky,1,3403,449,0.0
Frisson Games,1,1,2,0.0
Frog Paw Studios,1,410,19,0.0
Frog Vibes,1,1262,109,5.27
Frogames,4,1399,198,2.045
Frogames SL,1,20,9,0.0
Frogdice,3,864,516,6.94
Frogmind,1,2637,440,6.47
Frogshark,1,67,37,8.63
Frogsong Studios,2,1364,168,3.44
Frogwares,14,30528,8159,8.698571428571428
From Nothing Game Studios,1,26,8,0.0
From Scratch Studios,1,84,34,0.0
From Soy Sauce LLC,5,223,253,1.0559999999999998
From The Bard,1,133,41,0.0
"FromLefcourt, thatgregperkins",1,57,3,0.0
FromSoftware,1,224,136,6.65
"FromSoftware, Inc.",6,1887635,144222,74.37833333333333
Frontier,1,809,61,3.1
Frontier Developments,6,238157,41337,35.169999999999995
"Frontier Developments, Asobo Studio",2,1865,753,8.83
"Frontier Developments, Aspyr (Mac)",2,66276,6462,34.6
"Frontier, Aspyr (Mac)",1,4754,425,12.67
Frontline: Games Series,2,131,24,0.0
Frontseat Studio,1,5,3,0.0
Frontwing,18,4952,397,7.5683333333333325
"Frontwing, 枕",1,20584,298,19.4
"Frontwire Studios, LLC",1,119,179,0.0
"Frooxius, Louis Arrigoni, Ondrej Pultar",1,43,4,0.0
FrostHold Development,1,1,1,0.0
Frostbullet,1,43,2,0.0
Frostcloud Studios,1,31,23,0.13
Frosted Fears Game Studios,1,19,0,0.0
Frostflake Studios,1,4,2,0.0
Frostkeep Studios,1,832,732,35.95
Frostpetal Studio,1,44,26,0.0
Frostwood Interactive,1,79,17,0.2
Frozax Games,1,10,1,0.0
Frozen Arrow Entertainment,1,59,10,0.0
Frozen District,1,171,111,4.27
Frozen Dungeon,1,0,1,0.0
Frozen Orb,1,67,21,4.52
Frozen Way,1,159,167,1.62
FrozenPepper S.R.L,1,235,110,0.15
FrozenPixel (FPX),1,103,56,0.0
FrozenShard Games,2,296,123,19.665
Frozenbyte,10,63200,11136,9.736
Frozenmerk Games,1,93,92,4.05
Frudelsoft,1,46,24,0.0
Fruit Postal Service,1,1014,348,0.0
Fruits of Yggdrasil Studio,1,124,81,0.0
Frutgames,1,27,18,0.0
Frymore,1,120,39,3.08
Fs,1,5,0,0.0
Fubenalvo,1,186,54,0.0
"Fubenalvo, SXtheOne",1,15,3,0.0
Fuero Games,2,364,292,1.175
Fugazo,1,99,52,1.85
Fugitive Games,1,218,312,2.25
Fula Fisken,1,240,93,15.03
Fulby Technologies,1,52,10,0.03
Full Control,1,359,410,2.78
Full Control Studios,2,2107,830,4.68
Full Orbit Games LLC,1,33,20,0.0
Full Screen Games,1,20,2,0.0
Full Trek Media,1,1402,129,0.0
Fullbright,2,17725,4723,3.0149999999999997
Fullmetal Developer,2,145,24,2.33
Fully Bugged,1,18,5,2.57
"Fully Illustrated, Darkwind Media",1,172,41,2.07
Fully Involved Game Studios,1,1278,251,3.9
Fulqrum Games,1,3322,2007,15.92
Fulqrum Publishing,14,9490,2498,14.864285714285714
Fummy,1,3298,153,7.9
Fun Bits,2,287,62,0.85
Fun Flavor Games,1,30,19,0.0
Fun Games For Free,2,1218,668,0.0
Fun Guy Apps,1,16,12,0.0
Fun Infused Games,3,181,26,1.4833333333333334
Fun Punch Games,1,81,47,0.15
Fun Sponge Games,1,195,92,1.8
Fun Square Games,1,578,177,6.38
FunLab骆驼,1,145,34,0.0
FunLight Studio,1,10,22,0.0
FunSoft Games,1,23,12,0.0
Funatic Illuminations,1,2,0,0.0
Funatics Software,4,2378,1068,2.9675000000000002
Funcom,8,102100,28965,25.32875
Funcraft Games,1,69,37,0.0
Fungameco Ltd,1,10,14,0.0
Funghisoft,2,419,62,2.41
Funk Fizz,1,78,10,0.0
Funkmasonry Industries,1,14,0,0.0
Funktronic Labs,3,612,125,2.84
Funky Can Creative,1,30,8,0.0
Funkyzeit Games,1,24,1,0.0
Funnel Inc.,1,33,55,0.0
Funneractic,1,1,0,0.0
Funny Angle Games,1,48,80,0.0
Funny Face Games,1,12,2,0.0
Funny Games,2,590,314,0.3
"Funny Games Group, Catstudio",1,179,217,0.6
Funny Twins,3,101,30,1.1066666666666667
Funomena,2,554,97,1.21
Funselektor Labs Inc.,1,5115,401,7.48
"Funselektor Labs Inc., FlippFly",1,2639,356,3.72
Funtime,1,257,167,2.88
Funtyx,1,10,1,0.0
Fur Dev Team,1,138,12,0.0
FurGoldGames,1,38,22,0.0
Fursin,1,10,2,0.0
Fury Games Production,2,5,21,0.0
Fury Software,3,833,128,38.28333333333333
Furyface,1,2,0,0.0
Fuse.fun,1,143,46,0.0
Fusen Studio,1,4,0,0.0
Fusion Studios,1,15,3,0.0
FuturLab,3,51590,1913,13.573333333333332
Future Cat LLC,1,52785,919,5.53
"Future Games, Unknown Identity",1,1128,222,40.98
Future Immersive,1,179,66,0.72
Future Lighthouse,4,67,25,0.0
"Future Tech Lab Co.,Ltd.",1,68,47,0.0
FutureVisionsGames,2,15,16,0.0
Futureantics Pty Ltd,1,1,2,0.0
Futuremark,2,664,139,3.835
Futuretown,1,137,10,0.0
Futurtech,3,138,13,0.0
Fuzzy Code Studio LLC,1,66,20,0.0
Fuzzy Pixel Game Studio,1,172,28,1.23
Fuzzy Wuzzy Games Inc.,1,207,25,0.0
FuzzyCube,1,1,0,0.0
Fyn Games,1,4,0,0.0
"G+工程团, 橘子班",2,1338,123,141.05
G-Blood,2,1213,245,3.4850000000000003
G-Lab,1,12,4,0.0
G-MODE,3,480,128,29.043333333333333
G-type,1,81,46,0.0
G. A. Williams,3,103,6,0.0
G.Reed,1,69,10,0.0
G.rev Ltd.,1,50,5,0.0
G1 Playground,1,947,992,5.68
G2,1,1,0,0.0
G2 Games,1,4,10,0.03
G2CREW,1,686,203,25.53
G5 Software,3,344,107,5.316666666666666
G5game,1,66,37,0.0
GABARTS Digital,1,7,1,0.0
GAGA,2,420,64,2.475
"GAGEX Co., Ltd.",1,105,12,0.93
"GAME ARTS Co., Ltd.",1,81,15,0.35
"GAME ARTS Co., Ltd., Sickhead Games, LLC",1,2104,345,12.52
"GAME ARTS, Sickhead Games, LLC",1,1391,150,25.22
GAME FREAK inc.,2,986,305,8.71
GAME Games,1,45,2,0.0
GAME NA KIBUN,1,428,95,2.35
GAMEDIA,1,18,5,0.0
GAMELAB,1,47,1,0.0
GAMES FOR HUMANS,2,1708,239,1.925
"GANBARION Co., Ltd.",1,4510,1316,8.08
GATO STUDIO,4,780,552,1.4
GB Patch Games,5,13366,286,5.602
GB09,1,6,1,0.0
GBROSSOFT,2,20,60,0.0
GCN,3,10,7,0.0
GCRH,1,22,26,0.0
GD Studio,1,57,62,0.02
GDNomaD,8,1922,1786,4.59375
GDOAD EIS D,1,7,3,0.0
GDT Limited,1,612,435,6.3
GEESCAN,1,3,2,0.0
GENOVA Softworks,1,43,19,0.2
GEOMETRIC BYTES,1,30,8,0.2
GF Game Studio,1,52,19,0.0
GFI,2,46,20,0.0
GFI Russia,1,189,34,0.85
GFX47,2,1423,181,1.985
GG STUDIOS d.o.o.,1,7,1,0.0
GGG,1,10,4,0.0
GGHF,1,9,2,0.0
GGaming,4,101,75,0.0
"GHXYK2, bankbank",1,6,1,0.0
GIANTS Software,1,23379,1630,93.47
GIANTY Inc.,1,54,24,0.0
"GIBBING TREE, LLC",1,15360,438,42.53
GIFT TEN INDUSTRY K.K.,2,115,9,1.99
GIP12,1,97,64,0.35
GIZIN Inc.,1,7,3,0.0
GJ Arts,1,2,0,0.0
GLOBAL DODO ENTERTAINMENT,1,32,40,0.0
GMGame,1,7,6,0.0
GMO Free Games,1,70,16,0.0
GMatrix,1,90,23,0.0
GN SoftWare,1,1,1,0.0
"GN Studios, GN Studios",1,1,4,0.0
GNISoft,1,173,125,1.38
GNeguceanu,1,28,17,4.22
GNos Games,1,11,5,0.0
GO Dizajn,1,3,0,0.0
GO! Games,1,65,43,3.03
GOCORE,1,134,26,11.67
GP Studio,1,26,5,0.0
GQJoy Information Technology Co.Ltd,1,39,22,0.0
GRASSHOPPER MANUFACTURE INC.,3,2495,682,8.983333333333334
"GRASSHOPPER MANUFACTURE INC., Active Gaming Media Inc.",1,373,34,15.28
"GRASSHOPPER MANUFACTURE INC., Engine Software BV",1,3139,283,6.55
"GRASSHOPPER MANUFACTURE INC., PLAYISM",1,773,102,8.32
"GRASSHOPPER MANUFACTURE INC., SUPERTRICK GAMES, Inc.",1,4404,1487,33.9
GRAY FLAMINGO,1,7,8,0.0
GRC,1,1,6,0.0
GRIN,1,907,626,2.2
GRIN IGOR,1,6,1,0.0
GRIP Digital s.r.o.,1,132,48,0.55
GRüN STUDIO,1,43,8,0.0
GSC Game World,12,111235,11349,15.7975
GSGame,1,4,7,0.0
GSQ Games,1,19720,3289,69.43
GTE Entertainment,1,35,8,4.1
GTGD,1,47,50,3.82
GUTS Department,1,1377,375,2.53
GWE games,1,4,3,0.0
GXPlay,1,2,6,0.0
GZ Storm,2,212,27,0.0
"GZ Storm, Astrojone",1,60,7,0.0
"GZ Storm, Lazrool",5,638,64,0.0
Gabaghoul Games LLC,1,6,0,0.0
GabberGames.com,1,313,145,7.87
"Gabe Cuzzillo, Bennett Foddy, Maxi Boch",1,3345,181,1.67
Gabhel Games,1,6,0,0.0
Gabriel Entertainment,1,21,28,0.38
Gabriel Interactive,1,91,234,1.65
Gabriel Jacintho Bertasso,1,8,0,0.0
Gabriel Lopez,1,7,1,0.0
Gabriel Priske,1,237,123,3.45
"Gabrielė Ušeckaitė, Edvardas Šneideris, Lukas Litinskas",1,12,3,0.0
Gachi Master,1,52,10,0.0
GachiSoft,2,2376,194,1.66
Gaco Games,1,327,62,6.55
Gaddy Games,1,3798,396,9.77
Gadget Games,1,850,1291,2.42
Gafafres Studio,1,15,0,0.0
Gagonfe,1,53,3,0.0
"Gagonfe, Delta, Rhowsl",1,150,5,0.0
"Gagonfe, Ulon, Rhowsl",1,192,35,1.38
Gaijin Entertainment,2,486417,273842,83.805
Gaijin Entertainment Corporation,2,2422,785,5.395
Gaijin Games,5,3746,547,1.906
"Gaijin Games, Choice Provisions",1,3358,560,3.37
Gajda Cristian Vasile,1,9,4,0.0
Gal Hajaj,1,14,3,0.0
Gal Mamalya,1,3299,124,0.65
Galactic Cafe,1,41582,3400,4.97
Galart,2,375,118,0.54
"Galavalomka Games, Aslan Game Studio",1,40,22,0.02
Galaxy Game Studio,1,26,18,3.75
Galaxy Gate,2,1109,515,169.31
Galaxy Pest Control,1,63,38,0.0
Galaxy Shark Studios,1,6738,137,0.0
Galaxy Wars,1,172,18,10.03
Galaxy X,1,9,3,0.0
GalaxyTrail,1,4513,235,9.75
Galdra Studios,1,395,23,5.47
Galhmac Game Studio,1,15,12,0.0
Gallium Games,1,45,2,9.65
GalopsaTM,1,13,3,0.0
Galps,1,7,0,0.0
Galvanic Games,1,265,18,0.0
"Galvanic Games, Explosm Games",1,687,1056,0.98
GamBridzy,1,56,61,0.0
Gamagora ICOM,1,217,38,0.0
Gamalocus Studios,1,40,8,0.0
Gamatic,1,20,43,0.0
Gamatron AB,1,5598,224,66.3
Gambit Games Studio,1,664,429,16.05
Gambrinous,1,1979,591,7.2
Game,1,40,46,0.0
Game Alchemists,1,18,2,0.0
Game Atelier,1,2188,267,14.1
Game Cartel,1,107,37,2.75
Game Changers,1,11,10,0.0
Game Cooks,1,33,14,0.0
Game Developer X,1,4211,860,3.62
Game Distillery s.r.o.,1,163,131,1.32
Game Dynasty,2,538,142,3.2199999999999998
Game Ever Studio,1,329,21,2.88
Game Glade,1,8,3,0.0
Game Grotto Softworks,1,13,0,0.0
Game Grumps,1,5578,509,24.9
Game Hollywood,1,24,37,0.0
Game Kombinat,1,26,2,0.0
Game Logic Studio,1,303,135,1.73
Game Master Studios LLC,1,161,38,0.43
Game Masterminds,1,1,0,0.0
Game Mechanic Studios,1,5,16,0.0
Game Mechanics LLC,2,2206,1154,1.235
Game Mixer,2,30,3,0.0
Game Museum,2,254,174,0.0
Game Science,1,5458,1460,8.37
Game Scorpion Inc.,2,2,2,0.0
Game Soup LLC,1,104,7,0.0
"Game Studio 148, Game Studio 148",1,20,12,0.0
Game Studio 78,1,13,31,7.23
Game Studio Abraham Stolk Inc.,3,71,34,0.0
Game Swing,1,408,50,2.35
Game Troopers,1,125,130,4.13
Game Warden Games,1,3,0,0.0
Game Wave Studios,1,9,4,0.0
Game e Arte,1,11,4,0.0
Game for games,3,97,49,0.0
Game in a Bottle,2,6329,506,53.655
Game last studio,1,1,0,0.0
Game-Labs,5,18434,5848,104.404
Game2Gather,1,567,334,1.43
GameArt Studio GmbH,3,151,136,3.1666666666666665
GameArx,1,3,2,0.0
"GameBarley CO.,LTD.",1,15,1,0.0
GameBoom VR,2,2084,668,1.625
GameCask,1,34,278,0.45
GameChanger Studio,4,1048,406,3.3049999999999997
"GameCoder Studios, Render Farm Studios",2,105,100,1.475
"GameConnect, InterWave Studios",1,1937,531,4.15
"GameCrafterTeam, GameTomo Co., Ltd.",2,1435,278,1.025
GameDevDave,1,19,4,0.0
GameDevLab,1,104,61,0.65
GameDevMikey,1,39,1,0.0
GameDevMoot,1,16,2,0.0
GameDevStories,1,12,0,0.0
GameFirst,1,92,31,0.77
GameFlow Studios,1,61,11,0.0
"GameFormatic S.A., Red Dot Games",1,198,159,1.58
GameHollywood,1,13,34,0.0
GameHouse,10,842,171,12.413
GameLiberty,1,225,76,0.9
GameMill Entertainment,1,84,41,0.0
GameMixer,1,27,2,0.0
GameORE,1,500,791,2.05
GameOn Production,3,124,26,0.5
GamePhase,2,78,4,0.0
GamePrix,1,439,442,0.97
GameRealmMadness,1,15,6,0.0
GameToTop,1,6,11,0.0
GameTomo Team,1,817,31,2.4
GameTop.com,2,113,75,0.99
GameTrek,1,157,136,9.98
GameUS Inc,1,32,50,0.0
GameWork Studios,1,10,3,0.0
GameXP.com,5,754,626,8.382000000000001
Gamebell Studio,1,66,15,0.0
Gamebringer,1,2,1,0.0
"Gamebryo, Virtual Playground",1,25,95,0.87
Gamecan,1,351,147,0.0
Gamechuck,1,170,30,0.45
Gameclaw Studio,2,4449,995,4.725
Gamecom Team,1,54,21,0.0
Gamecosm,1,43,8,6.68
Gamecraft Studios,1,22,5,0.0
"Gameday Inc., Iplay Inc.",1,16,5,0.0
Gamedevs for Bernie,1,2458,645,0.42
Gamedust,1,146,81,1.97
Gameface Games Ltd,1,10,2,0.0
Gamegarden,1,2,1,0.0
Gamegrustudio,1,14,5,0.0
Gameliner,1,2,1,0.0
Gameloft,8,11159,7765,18.322499999999998
Gamemag,1,30,46,0.0
Gamenergy studio,1,5,1,0.0
Gamenesis,13,261,275,0.3438461538461539
Gamepires,2,87148,28966,62.61
Gameplay Ltd.,1,19,15,0.0
Gamer Girl,2,18,14,0.0
Gamera Interactive,1,28,10,5.8
Gamerizon,1,31,16,0.8
Gamers for Good,2,449,38,1.04
Gamers4Gamers Team,1,505,235,4.2
GamersHype Productions,3,239,92,1.4333333333333333
GamersUnit,1,13,8,0.0
GamerzDan,1,1564,200,0.48
"Games 4Experience, Don't Bite Devs",1,27,20,0.0
Games By Bees,1,38,0,0.0
Games Distillery s.r.o.,1,73,413,4.58
Games Farm,5,4931,2827,3.148
"Games Farm, 3Division",2,607,392,2.84
Games For Pleasure,2,157,42,772.565
Games Foundry,1,1036,1777,5.7
Games Hut,2,54,64,4.75
Games Incubator,2,4256,1042,7.08
"Games Incubator, GameFormatic S.A.",1,791,250,2.42
Games Of Edan,1,18,0,0.0
Games On Acidzz,1,2,0,0.0
Games Revolted,1,93,36,0.0
Games Venture,1,0,2,0.0
Games With Dragons In,1,413,189,5.22
Games by Malcs,1,13146,1392,343.42
"Games by Robert, LLC",1,424,434,25.28
Games by Stitch,2,68,23,0.435
Games for May,1,102,39,0.0
Games with Geebs,1,77,10,0.0
Games-Up,1,2,0,0.0
GamesBraz,2,2,12,0.0
GamesByLD,1,1,0,0.0
GamesLtd.,1,1,15,0.0
Gamesare,3,42,49,0.05666666666666667
"Gamesare, Holistic Design",1,1,4,0.0
Gamesforfarm,1,153,59,0.0
Gamesforgames,12,356,389,0.3841666666666666
Gamesoft,1,46,29,3.1
Gamestar,1,39,27,0.0
Gamestarters,1,17,105,2.8
Gamestone Studio,1,16,9,0.0
GamestormVR,1,22,14,0.0
Gamestry Lab,1,17,0,0.0
Gametoria,1,348,193,0.0
Gametroleum,2,26,25,0.865
Gamex Studio,1,74,35,1.5
Gamexel Studio,1,1959,437,22.35
Gamexy,1,118,94,2.18
Gamhalla,1,3,0,0.0
"Gamieon, Inc.",1,32,20,0.0
Gamily Studios,1,146,7,0.0
Gaming Cats Studio,1,74,185,0.62
Gaming Corps AB,1,6312,811,14.77
Gaming Minds Studios,5,10511,3544,11.078
GamingPugsStudios,1,17,5,0.0
Gamious,5,18413,1764,4.82
Gamma Knight Studios,1,1,1,0.0
GammaLateral,2,35,32,0.0
Gammera Nest,2,24,9,0.0
Gammosaur,1,29,4,1.62
Ganbarion,1,363,137,10.03
Ganz Studio,1,71,68,2.32
GapTax,1,276,55,3.47
Garage 227,1,34,40,3.32
Garage Collective LLC,1,10,1,0.0
Garage Heathen,1,473,163,1.17
Garage Monkey Studio,1,4,12,0.0
Garage Studios,1,106,91,0.0
Garda Software,1,3,3,0.0
Gareloch Games,1,5,2,0.0
Garmory,1,147,123,5.3
Garoa Studios,1,116,8,0.0
Gas Powered Games,6,32821,3883,23.59
Gasket Games,1,643,423,9.4
"Gaslamp Games, Inc.",1,4978,323,15.32
Gateway Interactive,1,34,12,0.0
Gatling Goat Studios,2,141,37,11.225
Gattai Games,2,304,441,2.6
Gaugepunk Games,3,2168,103,1.6433333333333333
"Gavin Looker, Nick Mellott, Alex Runnels, Shawn Lascelles, Lyndell Goldson, Conrad Miller, Josh Finklestein, Liz Hanson, Nick Ciulla, Justin Vaz, Kiane Thomas, Noah Scarborough, Max Weyant, Edward Oliver, Amba Moore, Jingyi Song, Kath",1,2,0,0.0
"Gavin Ray, Peter Hugh Olmsted",1,6,3,0.0
Gavra Games,2,1187,281,4.865
Gaweb Studio,1,23,17,3.85
Gazzapper Games,1,10,4,0.0
Ge Yin,1,22,4,0.0
Gearbox Software,11,222034,42831,13.780000000000001
"Gearbox Software, Aspyr (Mac)",1,12005,1584,16.23
"Gearbox Software, Aspyr (Mac), Aspyr (Linux)",1,272900,22318,54.58
"Gearbox Software, Blind Squirrel Games",1,20262,4221,18.22
Gears for Breakfast,1,50577,1110,16.43
Geckoo1337,1,27,2,0.0
Gedor Games,1,16,4,0.0
Gee-kun-soft,1,4,3,0.0
Geek Tweak Games,1,4,1,0.0
Geeta Games,1,522,175,2.95
GeexGames,1,41,13,9.75
GefestGames,1,14,5,0.0
Geleos,1,41,7,0.0
"Gem Rose Accent, Corentin Derbré",2,178,173,14.200000000000001
GemBem,1,19,17,0.0
Gembasher Studio,1,27,3,0.0
Gemboi,1,8,1,0.0
"Gemdrops, Inc.",3,505,127,5.183333333333334
Gemini Stars Games,5,264,274,1.0779999999999998
Gemlore,1,38,6,0.0
Gen90Software,1,128,19,6.05
Genee Network,1,26,58,0.0
General Arcade,1,3110,342,4.42
"General Arcade, Abstraction Games",1,74,13,0.0
"General Arcade, FromSoftware, Inc",1,669,131,3.03
General Interactive Co.,3,541,174,0.06666666666666667
"Generouz Entertainment, DreamNI",1,9,5,0.0
Genesz,1,42761,4666,12.13
Genetix Studio,2,43,30,0.035
Geniaware Srl,1,177,167,4.0
Genos Studios,1,7,4,0.0
Gentle Manhands,1,83,18,0.18
Gentleman Squid Studio,1,116,64,2.67
Gentlymad,1,388,71,4.07
Gentlymad Studios,2,7809,2724,6.984999999999999
Genuine,1,26,3,0.02
GeoTECH,1,16,6,0.0
Geod Studio,1,390,39,0.52
"Geoff 'Zag' Keene, Deep Field Games",1,6463,1031,4.5
"Geoff 'Zag' Keene, Richard Keene",1,1096,690,5.63
Geoff Keighley,3,1130,262,3.22
Geoff Nagy,2,65,11,0.125
Geography of Robots,1,2429,188,2.47
Geometa,2,50334,5913,58.89
George Constantinou,1,41,17,0.0
George Mandell,1,3333,375,6.13
"Georgy Topalo, Simeon Simeonich",1,13,8,2.18
Geosphere Games,1,13,0,0.0
Gerard Morris,1,17,14,0.0
Gerd Kortemeyer et al.,1,100,21,0.58
GermapurApps,1,64,14,0.0
Gernot Frisch,1,3,3,0.0
Gersh Games LLC,1,29,13,0.0
Gestalt Development Studio,2,257,102,1.425
Gestmorph Games,4,57,28,2.3325
"Get Out Games, Virtual World Arcade",1,71,7,0.0
"Get Up Games, Iceberg Interactive",1,8454,1256,9.15
Get(Color) Games,1,97,7,4.43
GexagonVR,4,5169,946,2.55
Ggaming,1,3,1,0.0
Ghere Games,1,5,5,0.0
"Ghost Clusters, NYX Digital Ltd",1,1,4,0.0
Ghost Crab Games,1,55,17,5.75
Ghost Dog Films,1,371,220,1.58
Ghost Entertainment,1,3,2,0.0
Ghost Games,3,152854,32658,17.276666666666667
Ghost Machine,2,20,80,0.0
Ghost Ship Games,1,333587,9413,63.58
Ghost Ship Studios,1,15,4,0.0
Ghost Time Games,2,143,33,0.0
Ghost Town Games Ltd.,1,13706,1469,5.77
"Ghost Town Games Ltd., Team17",1,65992,6809,11.38
Ghost Track Inc,1,80,33,0.0
Ghost in the Cogwheels,1,3,2,0.0
GhostShark,2,6210,1450,9.385
Ghostbolt Games,1,4,1,0.0
Ghostpie Studio,1,17056,1889,7.13
Ghulam Jewel,1,20,5,0.0
GiBar,7,123,123,0.5242857142857142
"GiBar, REANIMATO.RUS",1,13,7,0.0
"Gian Grunder, Nicolas Grunder",1,4,1,0.0
Gian Luca De Michelis,1,3,0,0.0
Giant Army,2,28828,1571,8.1
Giant Box Games,1,160,77,1.7
Giant Door,1,24,8,0.0
Giant Eagle,1,3,0,0.0
Giant Enemy Crab,1,6713,1495,3.98
Giant Enemy Labs,1,18,8,0.0
Giant Evil Robot,2,82,26,0.0
Giant Flame,1,555,93,36.6
"Giant Form Entertainment, LLC",1,2213,127,0.0
Giant Fox Studios,3,423,126,3.0100000000000002
Giant Games,2,8732,1821,11.975
Giant Goblin Studio,1,14,3,0.0
Giant Gourami,1,7,1,0.0
Giant Grey,1,680,186,6.0
Giant Head,1,26,3,0.0
Giant Light Studios,1,8,1,0.0
Giant Margarita,1,59,14,3.45
Giant Sparrow,2,44578,2196,2.115
Giant Squid,2,25796,2004,3.3049999999999997
GiantJump,1,22,7,0.0
Giants Software,6,168881,12355,84.23333333333333
Gibier Games,1,3899,319,6.68
GidAzGames,1,195,64,0.42
Gideon Moes,1,14,4,0.0
Giga Grunts,1,10,5,0.0
Gigafun Ltd.,1,18,0,0.0
Gigantic Duck Games,1,7240,1190,3.4
Giiku Games,1,523,234,3.65
"Gil Clavien, Noé Zufferey, Jacky Casas",1,41,10,0.15
Gilded Skull Games,1,17,5,0.0
Gilligames,1,539,30,11.67
GimfoGames,1,1,0,0.0
GimmeBreak,1,108,25,0.0
"Ginga software Co.,Ltd,",1,8,5,0.0
Ginger Labs LLC,1,218,29,9.42
Ginger Tree Games,1,3,0,0.0
GingersoftGames,1,10,3,0.0
Gingertips Game Studio,1,369,27,0.0
Gino Di Pierro,1,3,0,0.0
Giorgi Abelashvili,3,623,261,1.25
"Giorgi Abelashvili, Nukri Zhvania",1,57,2,1.08
Giovanni Elgert,1,221,16,0.0
"Giovanni Marin, Johannes Eski, Vinicius Marchesini, André Costa",1,102,33,0.0
GirlGames,7,15241,1268,3.34
Girls Dance studio,1,54,29,0.0
"Girls Make Games, Team Blub Blub",1,35,8,0.0
"Girls Make Games, The Team Who Must Not Be Named, LearnDistrict, Inc.",1,19,9,0.0
Gisa Ferreira,1,16,20,0.0
Giulio Scorpiniti,1,1,0,0.0
Gizmo Garden,1,1722,848,7.7
Gizmo VR LTD,1,218,15,0.27
Gkeylab,1,29,2,0.0
Gl33k,1,929,127,1.0
Glaive Games,1,132,50,4.02
Glass Bottom Games,2,768,199,2.295
Glass Bubble Software,1,4,3,0.0
Glass Frog Games,1,27,2,0.0
Glass Heart Games,1,2912,443,7.27
Glass Kettle Games,1,229,3,0.0
Glass Knuckle Games,1,119,61,1.83
Glass Revolver,2,378,42,0.0
Glass Robot,1,7,1,0.0
Glass of Water Studios,1,15,21,5.27
GlassCats,1,30,20,0.13
Glasscannon Studio,1,30,8,0.0
GlassesCatGames,1,2397,424,6.05
Glaucus Games,1,8,6,0.0
Gleamer Studio,1,6309,971,16.25
Glenn Verheij,1,40,5,0.0
Glim Games,1,33,21,0.0
Glimmer Studio,1,351,125,1.63
Glinkie Games Inc.,1,7,0,0.0
Glitch Games,2,47,17,0.0
Glitch Games Ltd,3,14,3,0.0
Glitch Pitch,1,3400,481,16.12
"Glitchless, LLC",1,57,35,0.37
Glitchy Pixel,1,32,14,0.0
"Gloac Games, Gloac",1,5,5,0.0
Global Games,1,161,82,0.0
Globe Guys,1,1,0,0.0
Globiss Interactive,2,248,123,0.315
Gloomywood,1,617,180,3.4
Glorified Studios,2,235,47,0.0
Glove Games,1,167,50,4.1
Gloves of Bobby,1,0,1,0.0
Glow Games Studio,1,72,96,1.12
Glowforth,1,170,120,2.35
Glowing Eye Games Ltd,1,8,1,0.0
Glowstick Entertainment,3,21265,2954,7.920000000000001
Glurth,1,5,0,0.0
Gluten Free Games,1,382,109,2.78
Glyph Worlds,2,18877,3231,11.48
"GlyphX Games, Cavetap",1,411,117,3.9
Gnarled Scar Manipulations,1,203,19,0.88
Gnarvana Studios,1,174,16,0.0
GniFrix,1,5,15,0.0
Gniller,2,1588,328,165.935
Gnomic Studios,1,210,34,3.97
Go All Games,1,15,8,0.28
Go Dark Studios,1,20,12,0.0
Go Play Games Ltd,2,99,76,0.0
Go4 Entertainment,1,45,21,0.0
GoBit Games,2,684,11,4.074999999999999
GoManga Interactive,1,39,30,3.35
Goadstool,1,62,3,0.0
Goat Forest Games,1,41,4,0.0
GoatDragonStudio,1,2,0,0.0
Goblinz Enterprises Ltd,2,1613,129,5.890000000000001
Goblinz Studio,4,6787,1709,8.31
Gocci Studio,1,7,3,0.0
God As A Cucumber,1,4,1,0.0
God Test,1,6,10,0.0
Godam Inc.,1,7,3,0.0
Godot Engine,1,6696,1110,189.48
GoeX GameS,2,168,66,3.84
GoesSoft,1,67,2,0.0
Goetheden,4,55,43,1.6925
Gogen Soft,1,10,4,0.0
Gogii,1,67,33,5.42
Gogii Games,17,1956,691,1.4317647058823528
"Gogii Games, World-Loom",1,106,78,2.65
Going Loud Studios,2,5943,760,4.11
Gojira,1,772,167,4.78
GolGrot,1,8,6,0.0
Gold From Straw Games,1,28,46,0.0
Gold Turtle Games,2,28,16,0.0
GoldFire Studios,2,374,279,1.56
Golddorf Spieleentwicklung,1,272,83,0.03
Golden Cup Games,1,13,1,0.0
Golden Dragon Studio,3,10,11,0.0
Golden Epoch Media,1,21,15,0.0
Golden Game Barn,1,303,65,2.2
Golden Gear Games,1,155,51,4.22
Golden Ghost,1,8,2,0.0
Golden Glitch,1,321,13,6.37
Golden Orb,1,12,0,0.0
Golden Ruby Games,1,56,15,5.53
Golden Sand Games,1,26,20,0.0
Golden Unicorn Gaming Inc,1,80,7,0.0
Golden Wave Games,1,212,44,4.35
GoldenCrest Games,1,11,5,0.0
GoldenEvolution,1,3,0,0.0
GoldenGod Games,4,322,130,5.3075
Goldhawk Interactive,1,4265,624,38.05
Goldkade,1,5,1,0.0
GolemLabs,1,2210,551,48.33
Golgedar,1,36,3,0.0
Golgoth Studio,1,225,207,0.33
Goloso Games,2,458,28,0.44
Gone Mad Studios,1,15,2,0.0
Gone North Games,1,26479,2437,8.8
GonzoVR,1,44,1,0.0
GooDCrafter,3,101,15,1.6433333333333333
Goober Games,1,3,2,0.0
Good Catch Games,1,123,56,0.05
"Good Day Games, NYX Digital",1,70,148,1.05
Good Free Games to Play,2,110,73,0.0
Good Games,2,168,96,0.875
"Good Games, Creobit",1,272,104,3.88
Good Luck Games,1,131,49,0.0
Good Measure Games,1,2,0,0.0
"Good Morning, Commander, allen trivette, Lee Williams",1,361,100,37.62
GoodJob,1,20,6,0.0
GoodZeit UG,1,2,1,0.0
GoodbyeWorld Games,1,17136,363,2.03
Goodgame Studios,1,1023,265,7.8
Goodwolf Studio,1,104,8,0.0
Goody Gameworks,1,200,19,3.17
Google,5,4135,258,0.93
"Google Arts and Culture, makemepulse",1,102,39,0.0
Google Inc.,8,1149,67,0.32
Gooners Game,1,3,3,0.0
Goose Ladder Games,1,2,0,0.0
Goose Minded,2,11111,264,7.37
GopStop Interactive,1,580,91,0.58
Gopherwood Studios LLC,1,38,1,0.13
Gorestation,1,28,1,0.0
Goricina Productions,1,726,213,0.0
Gorilla Cafe,1,31,1,0.0
GosDev Production,2,7101,949,2.3649999999999998
Gossamer Games,1,19,5,0.0
Gosu Interactive,1,3,0,0.0
Gotcha Gotcha Games,1,8,1,0.0
"Gotcha Gotcha Games, Blue Boss",1,7,1,0.0
"Gotcha Gotcha Games, KADOKAWA",2,172,24,3.1
"Gotcha Gotcha Games, ゆわか, KADOKAWA",1,7,2,0.0
"Gotcha Gotcha Games, エイジ・エジェネスタ, KADOKAWA",1,7,2,0.0
"Gotcha Gotcha Games, フォトショ職人, KADOKAWA",1,16,0,0.0
"Gotcha Gotcha Games, 湿度ケイ, KADOKAWA",1,6,3,0.0
"Gotcha Gotcha Games, 道楽, KADOKAWA",1,10,1,0.0
"Gothic Labs, The Lordz Games Studio",1,145,147,155.73
Gotta Go Studios,1,17,3,0.0
Grab Games,2,309,84,0.125
GrabTheGames Studios,1,492,216,4.67
"Grace Bruxner, Thomas Bowker",2,6557,471,3.5650000000000004
Graceful Decay,1,431,188,3.8
Graceless Games,2,83,0,0.0
Graction,1,1,1,0.0
Grade 9 Games,2,43,3,0.0
Gradient Studios,1,2286,1238,0.0
Graduate Games,1,10,10,0.0
Graffiti,1,29,11,0.0
Graham Garven,1,102,3,0.0
Graham Richardson,1,7,1,0.0
Gral,1,151,12,7.05
Grand Engineer Corps,1,1656,519,35.85
GrandMA Studios,1,12,4,0.0
GrandMa Studios,1,3,1,0.0
GrandMini Studios,1,4,1,0.0
Grandpa Pixel,1,18,8,0.02
Grannus Games,1,8,0,0.0
Granola Studios,1,18,11,0.0
Granzella Inc.,1,586,196,2.2
GrapeOcean Technologies,1,663,226,14.33
"Grapeshot Games, Instinct Games",1,20142,22392,98.35
GraphXGames,4,5,5,0.0
Graphite Lab,1,249,113,4.3
"Graphite Lab, Joystick",1,19,2,0.0
Graphium Studio,8,117,46,1.15
Gratesca,1,7173,187,6.75
Graveck,1,309,46,1.35
Graven Visual Novels,1,71,25,1.67
Graverobber Foundation,2,22,0,0.0
Graviteam,5,2051,371,18.398
Gravity Games,1,70,25,0.0
Gravity Interactive,4,2987,1409,37.599999999999994
"Gravity Interactive, Inc.",1,610,293,13.28
Gravity Neocyon,1,202,170,1.0
Gravity Well Studios,1,47,14,0.18
Gravity Whale Games,1,22,7,0.73
"Gravity, Inc.",1,1848,1336,9.92
"Gravvit Ltd, Forbes  Consult Ltd",1,2766,540,140.98
Gray Boss,4,83,2,0.0
Gray Fin Studios,1,22,4,2.03
Gray Mantis,1,5,0,0.0
Gray Matter Studios,2,9704,866,5.074999999999999
Gray Unit,1,1072,46,0.0
Gray Wolf Interactive,2,5,3,0.0
GrayTower,1,34,5,0.0
Graybeard Games,1,1041,198,8.32
Grayfax Software,1,267,103,1.72
"Grayson Malinowski, Jesse Homa, Louis Fairgrieve",1,6,6,0.0
Grean,1,1,4,0.0
GreanGame,1,2,0,0.0
Grease Monkey Games,1,9259,2867,2.8
Great Boolean,1,186,16,0.0
Great Cogs,1,416,69,4.3
Great Gretuski Studios,1,205,14,26.32
Great Idea,1,218,243,0.53
Great Potion Games,2,14,2,0.0
Great War Team,1,1431,637,26.52
GreatherGames,1,86,56,3.1
Greeb,1,31,3,0.0
Greedy Merchant,1,5,0,0.0
Green Cheese Games,1,3,1,0.0
Green Forest Games,1,80,27,0.0
Green Lava Studios,4,3049,519,1.475
Green Moon Games,1,49,9,0.0
Green Pepperoni Software LLC,1,17,9,0.0
Green Sauce Games,3,394,77,1.4833333333333334
Green Tile Digital,1,75,16,1.42
"Green Willow Games, LLC",1,32,5,0.0
Green-eyed Taxi,2,412,170,0.195
Green127,1,247,48,5.7
GreenGasGames,1,6,3,0.0
Greendev.,1,242,102,3.98
Greenheart Games,1,34126,1657,14.43
Greenlynx,1,4,1,0.0
Greennine Games,1,10,10,0.0
Greenolor Studio,3,187,61,3.25
Greg Lobanov,1,26,40,0.0
Gregory Adam Scott,2,529,14,1.21
Gremlin Interactive,3,879,472,1.5766666666666664
Gremlin Interactive Ltd.,1,2,0,0.0
"Gremlin Interactive, Interplay Entertainment",1,108,8,0.35
"Gremlin Interactive, The Software Refinery",1,309,98,3.07
Grendel Games,2,51,19,2.7
"Grenoble Interactive, LLC",1,18,11,0.0
Grey Alien Games,4,1821,217,10.045
Grey Dog Software,5,374,194,23.006
Grey Gods,1,14,1,0.0
Grey Havens,3,21942,4343,19.47
Grey Reality Studios,2,87,50,0.0
Grey Wolf Entertainment,2,352,319,3.76
GreyLight Entertainment,1,248,108,2.4
Greyish Games,1,45,20,0.0
Greylock Studio,1,6798,315,2.42
"Greyson Richey, Nicholas Lives",1,26,4,0.0
Grid Game,1,86,2,0.45
Grid Sage Games,1,1726,66,3.88
GridSky Software,1,72,34,0.7
Griffin DesBles,1,12,10,0.0
Grigory Everstov,1,9,7,0.0
Grim Dark Dev,1,15,8,0.0
Grim World Company,1,6,1,0.0
GrimTalin,1,59,3,0.0
Grimbart Tales,1,563,187,1.75
Grimlore Games,4,10165,2655,10.2075
"Grimm Bros, LLC",1,168,125,1.72
Grimnir Media,1,327,29,0.0
Grimoire Games,1,17,10,1.53
Grimorio of Games,3,515,165,1.3166666666666667
Grinding Gear Games,1,209822,25269,193.93
Grindwheel Games,1,3,0,0.0
Grinning Games,1,308,25,0.0
Grip Games,1,1211,225,3.02
"Grip Games, 3Division",1,75,20,0.37
Grip Top Games,1,1230,38,20.42
Griptonite Games,1,42,20,4.23
GrisGris,1,1176,139,7.62
GritStudios,1,139,33,0.0
Gritfish,1,117,27,1.82
Gritstone Games,1,12,4,0.0
Grizzly Wolf Games LLC,1,200,190,5.02
GrizzlyGames,1,10857,410,2.65
"Gromada, ESDigital Games",1,132,37,3.0
Gronzragüer Games,1,21,13,0.0
Groove Science Studios,1,79,32,0.43
GrosChevaux,1,584,61,1.82
Ground Shatter,3,4124,516,6.786666666666666
Ground Up Games Pty Ltd ®,1,1,3,0.0
Groundbreak Games,1,6,2,0.0
Grounding Inc.,1,66,5,0.0
Group Launch Inc.Booster Play,1,1,0,0.0
Grove Street Games,2,1,2,0.0
"Grove Street Games, E McNeill",1,138,33,5.3
Growfall Games,4,132,22,0.0
Growing Grass Studio,1,31,12,0.0
Growing Seed Games,1,2,0,0.0
Growing Seeds,3,312,58,0.0
Growl Interactive,1,96,62,0.28
Grubelli,1,11,1,0.0
"Grumpyface Studios, Finite Reflection Studios",1,1225,96,11.97
Grundislav Games,2,914,162,9.030000000000001
Grynsoft,2,1052,269,5.575
Grzegorz Korycki,1,18,2,0.0
Grzegorz Slazinski,1,50,55,2.73
Grégory Defaisse,1,1,2,0.0
GsK,1,27,28,0.0
Gsb Studios,1,19,6,0.0
GuCubeStudio,1,1,0,0.0
Gua,4,3491,683,3.33
Gualicho Games,1,61,10,0.0
Guami Games,1,27,6,0.15
Guangzhou yimi information technology company,1,91,41,0.0
Guanpeng Chen,1,335,32,4.03
Guara Digital,1,20,0,0.0
Guard Crush,1,728,31,1.23
Guerilla Tea Games,1,14,17,2.55
Guerrilla,1,110049,15148,30.9
Guerrilla Bandit,1,25,35,0.03
GuessworkVR,1,18,5,0.0
Gugames,1,108,14,0.0
GuidiGermano,1,98,42,3.87
Guido Out,1,40,2,0.0
Guilherme Martins,1,17,3,0.0
Guilherme Uema,1,0,1,0.0
Guillotine,1,125,9,0.0
Guilty Pleasure Games,5,708,235,0.0
GuiltyEva,1,16,1,0.0
"Guin Entertainment, LLC",1,158,25,0.0
Gulag Games,1,113,29,0.0
Gun Done Team,1,6,8,0.0
Gun Hit Wonders,1,2225,115,0.0
Gunfire Games,2,56387,11652,19.49
"Gunfire Games, THQ Nordic",1,518,284,13.93
"Gunfire Games, Vigil Games, THQ Nordic",1,14223,3887,11.73
Gunfish Games,1,46,3,0.0
"GungHo Online Entertainment America, Inc.",1,26,10,0.0
"Gungrounds (Macanga Games j.d.o.o.), Croteam",1,185,57,0.82
"Gungrounds, Mad Head Games",1,59,5,3.32
"Gungus, Wungus, &amp; Jimmy",1,17,4,0.0
Gunnar Games,10,436,196,0.143
"Gunpowder Games, Inc., Tideturners",1,2139,433,3.65
Gunschlinger,1,70,14,1.03
Gunther-Gerben Boxhammer,1,99,68,0.0
Gupa Games,1,9227,590,4.8
GuraShop,2,119,89,0.635
Gurcan Games,1,2,1,0.0
Guru Games,3,1111,366,2.0500000000000003
Gus Jewell,2,610,82,0.0
Gus Martin,1,57,92,3.77
Gustav,3,1669,173,5.6000000000000005
"Gutter Arcade, YellowAfterlife",1,298,39,0.0
Guys From Andromeda LLC,1,48,20,0.0
GvH Universe,1,3,0,0.0
Gwydion LLyr Meredydd,1,267,248,0.0
Gwyn Games,1,94,28,0.0
Gwyn Games LLC,1,476,55,0.82
Gyro-Games Inc.,1,37,18,0.0
Göksan Güner,1,57,33,0.0
"H. Hochkins, Jellyfish Parade",1,185,10,2.13
H.T.Project Games,1,13,6,0.0
H5DEV Games,2,1497,97,3.85
HA Studio Ltd.,5,693,297,3.032
HAILIGHT STUDIO,1,8,6,0.0
HAIM,1,12,0,0.0
"HANBITSOFT, INC., IMC GAMES CO.,LTD.",1,116,123,1.42
HB Studios,3,1558,883,4.923333333333334
HB Studios Multimedia Ltd.,2,8226,1828,27.225
HCP Games,1,15,26,4.33
HDGS,1,1,6,0.0
HE SAW,1,1580,138,2.27
HEAT REBORN DEV TEAM,1,185,112,0.0
HEG Games,1,4,4,0.0
HEGA Studio,1,988,224,2.05
HEILAH,1,9,6,0.0
HEJIU,1,10,11,0.0
HELYEES,1,97,20,0.0
"HEXADRIVE Inc., D4 Enterprise Co., Ltd.",1,223,251,3.6
HEY,1,133,2,0.0
HFH Crew,1,8,1,4.28
HFM Games,9,44175,8809,1.9888888888888887
HFire,1,15,1,0.0
HGames-ArtWorks,1,34,28,2.07
HG重工,1,185,6,13.4
HH-Games,2,26,11,0.0
HIDS,1,14,8,0.0
HIJIKI,1,7,7,0.0
HIPIX,1,22,23,0.63
HIROKO IMAKI,3,2782,42,1.3566666666666667
HJ GAMES,1,9,14,0.0
HKFiftyOne Games,1,85,40,0.0
HL-Galgame,1,22818,5038,23.47
HMB-Studio,1,1,0,0.0
HMM,1,3,5,0.0
HOF Studios,1,153,53,27.18
HOGWILDMURDER,1,107,37,1.8
"HOIT, MIZZA",1,4,7,0.0
HONEYSOFT,1,348,36,4.25
"HONG KONG SPARK SOFTWARE TECHNOLOGY CO., LIMITED",1,3139,692,26.27
HQ Games,1,48,25,0.0
"HQGames, HQ Games",1,98,73,0.0
HRA INTERACTIVE,1,70,58,0.0
HUNTERS,4,19,3,0.0
HUSH Interactive,3,613,393,3.01
HV,2,10,9,0.0
HYDEZEKE,1,95,41,0.08
HYOGO ONIMUSHI,1,3317,206,4.83
HYPER GATE,1,6,5,0.0
"HYPH-N, IAmDirt",1,33,4,0.0
HYPYRYL,1,46,6,0.0
HZ3 Software,1,292,56,7.78
HaDe Games,3,81,45,0.0
"HaDe Games, StarSystemStudios",2,160,25,0.0
"HaDe Games, greenfigure",1,28,15,0.0
"HaDe Games, wookles",1,10,25,0.0
HabibiDev,1,2,1,0.0
Habupain,1,3185,256,3.37
Haemimont Games,10,33131,6516,12.723
"Haemimont Games, Abstraction",1,22472,4098,28.52
"Hagane, Lord Erin",1,12,2,0.0
Haggard Games,3,1463,485,6.073333333333333
Hai ta ke Chong qing Technology Co.Ltd,1,14,21,0.0
Haiku Games Co,1,809,126,17.52
Hailstorm Games,1,267,139,2.75
Hajime Doujin Circle,2,373,45,2.035
HakJak,1,2127,534,2.67
Hakan Martin,1,0,10,0.0
Hakan Tatar,1,38,5,0.03
Halcyon Day Digital Co,1,5,0,0.0
Halcyon Winds,1,2394,638,10.07
Half Baked Data,1,17,7,0.0
"Half Full Nelson, Goodby Silverstein and Partners",1,129,19,0.18
Halfbolt Studios,1,12,10,0.0
Halfbrick Studios Pty Ltd,1,3785,176,4.55
Halfbus,1,1554,650,3.95
Halissoni,1,13,27,0.0
Hallowraith,1,81,8,0.3
Halt Studios,1,5,8,0.0
Halycon Media GmbH & Co. KG,1,360,410,3.85
Hamdan Hamid,1,26,2,0.0
Hammer & Ravens,1,112,31,0.0
Hammer Games,3,116,133,1.8866666666666667
Hammer Glass Studio Inc.,1,99,38,69.28
Hammer Labs,1,519,117,2.98
Hammer Vise Studios,1,1,0,0.0
Hammerfall Publishing,1,1273,622,3.33
Hammerhead VR,1,190,118,0.18
Hammerson Games,1,22,16,0.0
Hammerspace Games,1,53,9,0.0
"Hammerware, s.r.o.",1,57,8,4.72
Hamra Digital,1,4,0,0.0
Hamster On Coke Games,4,4750,245,2.2875
Hamsters,2,114,110,0.0
Hamsters Gaming,6,2520,1082,11.896666666666667
"Hamumu Games, Inc.",1,148,19,2.4
Han Jaehee,1,9,3,0.0
Han Zhiyu,1,240,49,3.78
Hanabira,3,430,142,2.5633333333333335
Hanaji Games,1,96,62,6.08
Hanakai Studio,1,74,132,0.42
Hanako Games,7,8497,546,4.37
Hand Cannon Games,1,1,0,0.0
HandMade Game,2,249,45,3.535
Handelabra Games Inc.,5,3659,520,14.975999999999999
Hands!,1,22,7,0.0
Handsome Dragon Games,1,19,6,2.08
Handsome Games,1,85,23,0.55
HandyGames,8,1525,657,4.6625
Handyman Studios,1,910,1813,5.07
Hang Time Studios,1,43,26,0.0
Hangar 13,1,79686,12107,15.7
"Hangar 13, Aspyr (Mac)",1,32366,24142,27.87
"Hangar 13, D3T",1,21955,8309,14.43
Hanged Bunny Studio,1,8,0,0.0
Hangover Cat Purrroduction,1,790,191,0.72
Hangzhou NezhaGames,1,28,24,0.0
"Hangzhou Wookart Technology Co.,Ltd.",1,1,0,0.0
"Hangzhou Xinlan Network Technology Co.,Ltd.",1,821,735,15.5
Hanna Hanna Games,1,22,0,0.0
Hannes Delbeke,2,121,64,0.255
Hanoi Studios,1,54,2,0.0
"Haojoy Game, Zjoy Game",1,953,241,5.92
Hapa Games,1,163,50,11.05
Haphazard Studios,1,196,49,0.0
Hapiosha,1,26,0,0.0
Hapiwaku,1,46,52,0.33
Happion Labs,1,40,13,0.0
Happy Artist,1,71,30,4.68
Happy Artist Games,1,72,65,0.97
Happy Broccoli Games,1,816,88,3.07
Happy Cactus Games Limited,1,14,0,0.0
Happy Corruption,1,25,6,0.05
Happy Daram (Happy Chipmunk),1,6,4,0.0
Happy Frog Games,1,2,1,0.0
"Happy Happy Technology Chengdu Co., Ltd.",1,23,31,0.0
Happy Hobgoblin,1,53,27,4.63
Happy Max,1,116,132,3.32
Happy Polygon,1,133,8,13.4
Happy Ray Games,1,1063,107,12.38
Happy Robot Games,1,28,5,3.5
Happy Snake,1,130,7,0.0
Happy Sphinx Studios,1,9,2,0.0
Happy Square Productions,1,58,10,3.85
Happy Tuesday,1,471,276,5.95
Happy Volcano,1,913,222,1.98
HappyGame,1,50,18,0.0
HappyGames,3,1334,224,1.4266666666666667
HappyGiant,1,40,61,0.0
"Happymeal Inc., ESQUADRA,inc.",1,34,6,0.0
Happyrock Studios,1,21,15,0.37
Haptic Pulse,1,11,13,0.0
Harbinger Beard,1,54,28,3.13
Hard Shark Games,1,37,15,0.0
HardHead Games,1,12,2,0.0
Hardcare Games,1,5,1,0.0
Hardcore Studio,1,26,18,0.0
HarderGaming,1,120,25,0.0
"Hardsuit Labs, Inc.",1,12497,3914,17.43
"Hardworker Studio, Rachan Neamprasert",1,114,14,10.5
Hardy Games,1,30,14,4.9
Harebrained Schemes,5,50963,9572,23.823999999999998
Harentius,1,14,3,0.0
Hariharan S,1,35,177,0.03
Harley Game Studios,1,20,26,0.0
Harmonious Games,1,105,5,0.77
"Harmonix Music Systems, Inc",3,1776,340,4.010000000000001
Harmorise,1,103,7,0.0
Harotobira,1,117,104,5.03
Harry Gill,2,57,18,0.09
Harsh Agarwal,1,0,2,0.0
Harun Yusuf Şahin,1,44,9,0.0
Haruneko Entertainment,2,523,457,3.185
Harvester Games,3,8057,590,8.29
"Hash Technology, 哈视奇科技",1,8,3,0.0
Hashbang Games,1,45,67,3.88
Hasoyua,2,496,138,3.5650000000000004
"Hassey Enterprises, Inc.",2,1082,200,0.46
HataIkeda,1,21,1,0.0
"Hatchlight, Trepid Studios",1,35,38,0.0
"Hatchlight, Trepid Studios, Controlled Chaos Media",1,60,7,0.0
Hatfuls Games,1,56,21,8.15
Hathos Interactive,1,151,23,4.72
Hatrabbit Entertainment,1,50,25,0.0
Haunted Bees Productions,1,4,1,0.0
Havana24,1,38,5,0.0
Haven Studios,1,0,1,0.0
Havishamone Games,1,23,1,0.0
HawkSandwich,1,32,9,0.0
Hawkshaw Studios,1,11,5,0.0
Hayali,1,27,3,0.0
Haydee Interactive,2,6928,1161,20.915
"Hayden, Rothman",1,17,17,0.0
Hayo van Reek,2,9,2,0.0
"Haypi Co., Ltd.",1,44,19,0.0
Haywire Game Studios,1,8,4,0.0
Hazardous Software Inc.,1,71,40,0.0
Hazelight Studios,2,280355,20490,14.215
Hazier Studio,1,49,35,0.0
HeR Interactive,25,4567,727,28.855999999999998
"HeR Interactive, Inc.",3,943,516,26.316666666666666
HeX,2,193,107,2.225
Headbang Club,1,213,46,1.27
Headbang Studio,2,66,12,0.0
Headcannon,1,24,5,0.0
Headless Wizard,1,100,25,2.37
Headquarter S.L.,1,23,6,0.0
Headup,1,892,410,12.37
Headware Games,1,228,23,6.57
Heallios Studio,1,33,22,0.0
Heart Art Games,1,9,0,0.0
Heart Core,1,50,22,0.0
Heart Machine,1,16617,1226,8.98
Heart Shaped Games LLC,2,148,112,1.915
Heart's Choice,3,50,11,0.0
"Heart-7 Culture Communication (Shanghai) Co., Ltd",1,106,38,0.57
Heartbeast,1,109,18,0.0
Heartbit Interactive,4,2934,182,3.295
Heartfelt Games LLC,1,14,7,0.0
Hearthfire Studios,1,153,130,10.93
Heartomics,3,90,90,4.956666666666666
Heat Wave Games,2,27,3,0.0
Heats Inc,1,8,0,0.0
Heatwave Studios,2,57,22,0.0
Heaven Bot,1,5,2,0.0
Heaven Brotherhood,3,1200,1191,5.38
Heaven Studios,1,411,142,7.6
Heavy Pepper Inc.,1,13,1,0.0
Heavy Spectrum Limited,1,36,5,0.0
HecThoor Entertainment,1,2,0,0.0
Heck,1,33,10,0.0
Hecktic Games,1,2,0,0.0
Hede,8,70,103,0.00625
Hede Games,2,1,20,0.0
"Hede, HEDE Game Engine",4,16,66,0.0
"Hede, Hexaluga mines",1,8,21,0.0
Hedge Knight Games,1,306,94,2.77
Heekdevelopment,2,146,99,0.0
Heero,2,215,12,0.34
HegyLabs,1,6,0,0.0
Heiden,1,258,33,1.85
Heimo Game Studio,3,97,3,0.0
Heisenberg Entertainment,1,12,13,0.0
Helemon,1,13,4,0.0
Helicopter Simulator,1,128,26,0.0
Heliocentric Studios,2,2720,753,3.585
Helios Production,2,339,222,3.975
Helix Games,1,8,0,0.0
Hellbent Games,1,578,94,2.88
HellconX© Studio's,1,32,95,0.0
Hello Bard AS,1,14,7,0.0
Hello Games,4,308083,60077,15.9475
Hello John,1,119,87,6.38
Hello There Games,5,5665,393,1.59
Hello Vikram,1,1,0,0.0
Hellride Games,2,69,18,0.065
Hellscape Games,1,931,251,3.6
Hellshake Yano,2,25,10,0.0
Helm Boy Studios,1,68,26,0.68
Helmet Games,1,487,429,7.42
Helmi Bastami,1,294,24,5.32
Helsinki Noir,1,46,28,0.0
Heluo Studio,2,7704,2284,39.91
Helvetica Scenario,1,200,43,4.17
Hemisphere Games,1,1183,193,2.08
Hemphage Studio,1,2,0,0.0
Hempuli Oy,1,21441,480,11.98
Hen Wen Studio,1,903,24,5.73
Henagames,1,8,2,0.0
Henchman & Goon,1,400,36,2.9
Henchman &amp; Goon,1,45,9,15.25
Hendrik Felix Pohl,1,5105,998,12.42
Henrik Pira,1,4,0,0.0
"Henrique Faitta Chitolina, Pidro Soft",1,1331,123,4.55
"Henrique Pegacha, Rafael Lima, Nuno Guerreiro",1,240,146,3.68
"Henry Dang, Leander Jeyasing, Ethan Johnson, Kevin Cheng",1,12,15,0.0
Henry Kucab,1,493,42,9.3
Henry Tarnaki,1,10,8,0.0
Henry/Ming-Xian Huang,1,7,1,0.0
Hepu Pictures Entertainment Company,4,10,5,0.0
Herbherth,1,10,0,0.0
Here Be Dragonz,1,30,9,0.0
Hermit,1,9,3,0.0
"Hermit Games, 2P Games",1,628,291,3.45
Hernan Caro Vilaburges,1,176,15,0.0
"Hernán Smicht, YIRA::",1,288,12,0.3
Hero Blocks ApS,2,225,70,0.0
Hero Concept,2,746,87,0.525
Hero Game,1,96,38,0.0
Hero Games,1,40,39,0.0
Hero Studio,1,19,12,0.0
HeroCraft,2,2661,943,7.05
HeroCraft PC,2,1486,941,4.4
HeroLabs,5,647,452,13.370000000000001
Heroes Dev Team,1,15,37,0.0
Heroes Productions,1,53,15,0.0
Heroic Fantasy Games Dot Com,2,175,43,0.0
Heroic Games,1,44,13,0.7
Heroic Leap Games,1,43223,13520,17.08
Herrero Games,3,288,86,3.1799999999999997
Hertzole,1,12,0,0.0
Hesketh Studios Ltd,2,2504,459,11.965
Heuristic Park,1,542,154,5.97
Hex Entertainment,1,1098,650,14.1
Hex Keep,1,65,35,58.55
HexGameStudio,3,297,94,7.4433333333333325
HexWar Games,31,628,450,2.0954838709677417
HexaScale Games,1,1,0,0.0
Hexadecimalstudios,1,67,18,3.0
Hexage,4,1076,292,2.24
Hexagons Studio,1,18,8,0.0
Hexdragonal Games,1,46,8,1.92
Hexecutable,1,110,9,0.0
Hexterion,1,5,5,0.0
HeyNau,1,960,18,9.25
Heydeck Games,1,204,80,7.33
Heypid,1,42,3,0.0
"Hezhi CO.,LTD",1,1,0,0.0
Hi-Bit Studios,1,1574,496,1.75
Hi-Rez Studios,2,7680,2182,11.36
HiFight,1,495,19,0.93
HiRabbitgame,1,415,169,0.2
HiTech Creations Inc.,2,281,208,2.225
Hibernian Workshop,2,8311,947,10.365
Hidden,1,70,8,0.0
Hidden Achievement LLC,1,92,21,4.78
Hidden Crawlspace Studios,1,3,1,0.0
Hidden Depths Games,1,4,0,0.0
Hidden Layer Games,1,6083,597,2.65
Hidden Nature Design,1,46,10,1.2
Hidden Ocean Games,2,22,1,0.0
Hidden Path Entertainment,2,7669,636,13.93
Hidden Tower Studios,1,16,15,0.0
Hidden Variable Studios,1,29623,11230,16.93
HideChara,1,3536,386,26.7
Hidoi Games,1,26,7,0.0
High Brazil Studio,1,1756,992,128.6
"High Fidelity, Inc",1,66,47,68.57
High Horse Entertainment,1,1205,363,6.37
High Impact Games,1,274,31,0.0
High Leap Studios,1,1,7,0.0
High Level,1,14,1,0.0
High Livity Games,1,14,8,0.0
High Tale Studios,1,60,23,3.18
High Tea Frog,1,403,56,1.05
High Tower Entertainment,1,184,100,0.0
High and Wide,5,115,57,1.466
HighRyseGaming,1,2,1,0.0
Highcastle Studios,1,149,74,1.33
Highground Games,1,3,0,0.0
Highrise Software,1,24,0,0.0
Highwalls,3,122,51,0.15
Hijong Park,6,445,40,0.08
Hikergames,1,214,110,4.7
Himalaya Studios,3,211,67,3.52
Himeki Games,1,20,7,0.0
Hinawajin,1,2,0,0.0
Hindpaw Interactive,1,2,2,0.0
Hinge Games Ltd.,1,3,0,0.0
Hinterland Studio Inc.,1,101846,10729,38.75
Hio Nakamura,1,4,7,0.0
Hip Soft,2,81,15,6.46
Hippo Games,1,73,26,0.0
Hippomancer,1,270,92,3.3
"Hirn im Glas, iirmchen, irmo",1,31,5,0.0
"Hit-Point Co.,Ltd.",3,20,8,0.0
HitGrab,1,114,8,0.45
HitPoint Inc.,1,145,15,0.95
Hitbear Studio,2,116,31,0.0
Hitbox Team,1,2056,283,3.78
Hitcents,3,2131,440,4.336666666666667
Hitech Productions,1,1,2,0.0
HitherYon Games,1,8,2,0.0
Hitpoint Games Ltd.,1,19,13,3.02
Hitscan Games,1,26,8,0.0
Hiver Prod,1,105,15,0.18
Hnew,1,14,8,0.0
HoCWar,1,76,60,3.5
Hobbisoft,1,5,12,0.0
Hobby.st Game,1,17,15,0.0
Hobibit,1,30,9,4.22
Hobo Studios,1,3,0,0.0
Hobofeller,1,46,5,0.0
HokaBento Studio,1,4,0,0.0
Hoki Wolf Studio,1,167,138,2.68
Holdbrand Ltd,1,40,14,4.53
"Holden Boyles, Ciprian Stanciu",1,354,170,3.52
Holgersson Entertainment,1,73,25,0.0
Hollow Ponds,1,140,63,6.38
"Hollow Ponds, Richard Hogg",1,476,15,6.58
Hollow Tree Games,1,307,82,7.93
"Hollowhead, Inc.",1,14,16,0.0
Hollowings,3,2271,181,1.3933333333333333
HolmCom,1,291,45,11.95
Holmsario Games,1,13,2,0.0
Hologram Studios,1,3,1,0.0
"Hologryph, Dynamic Pixels",1,2263,450,2.65
"Hologryph, Eerie Guest Studios",1,15991,2508,7.63
Holomia,2,32,13,0.0
Holon Studios Inc.,1,1,2,0.0
Holospark,3,1568,820,0.7266666666666667
Holy Cow Productions,1,67,12,0.0
Holy Potato Studios,1,1,5,0.0
"Holy Warp, Black Wing Foundation",2,458,793,2.045
HolyDevz,1,7,5,0.0
Holyday Studios,3,7688,1944,65.06666666666668
Holystep Games,1,2,4,0.0
Homa Design,1,39,92,0.0
Home Fire Games,1,23,10,0.0
Home Groan Games,1,24,7,0.0
Home Net Games,9,8904,1907,1.9877777777777779
HomeBearStudio,2,478,80,1.51
Homebased,2,1768,740,5.375
Homegrown Games,3,292,592,11.366666666666667
Homeostase,1,20,0,0.0
Homeworks Studios,1,7,4,0.0
Homewreckers Studio,1,240,222,4.87
Homiebear Studio,1,32,12,4.23
Homph,1,63,32,5.65
Honest Novels,1,5,0,0.0
Honestly Games,1,633,239,17.35
Honey Pie,1,181,32,0.98
HoneyBeeSoftware,1,7,11,0.0
Honeyslug,1,89,82,7.45
Hong Kong Netease Interactive Entertainment Limited,1,350,239,28.1
HongShou Studio,2,1539,262,17.285
Hongke Luo,1,67,6,0.0
Hongyuan Game,1,374,97,2.42
"Honig Studios, Quantumfrog",1,167,39,0.0
"Honor Code, Inc.",1,1040,318,2.55
Honorable Pixel,1,106,57,0.0
Hont,2,64,23,0.34
Hoo-Roo Games,1,8,3,0.0
Hoochoo Game Studios,1,1074,257,5.5
Hoody studio,1,0,5,0.0
Hooksoft,1,131,11,1.95
Hooligans Entertainment,2,40,77,1.19
Hooting Banana Studios,1,17,0,0.0
HopFrog,1,36751,4130,22.68
Hoplon,1,2983,986,14.97
"Hoplon, Izyplay Game Studio",1,140,22,1.25
Hopoo Games,3,325971,22657,28.103333333333335
Horgee Games,1,225,103,4.93
"Horizon Hobby, LLC",2,946,165,11.235000000000001
Horizon Studio,1,53,27,0.0
Horizon Studios,1,24,62,0.0
"Horizon's End, Inc.",1,70,13,0.0
HorrorTheory,1,15,6,0.0
HorseFeathersGaming,1,1,1,0.0
HorseGames,2,96,357,1.19
Horus Games,1,137,51,0.85
Hoshko,1,35,11,2.3
Hosted Games,21,1946,203,6.213809523809524
Hot Chill,1,19,17,0.0
Hot Lava,1,40,9,2.65
HotFoodGames,1,3,5,0.0
Hotel Octopus,1,8,3,0.0
Hothead Games,5,1923,233,6.612
Hothouse Creations Ltd,1,295,52,5.82
Hough Studio,2,1270,121,4.275
Houndstooth Games,1,204,44,3.55
"Hourences, Grip Games",1,2072,521,3.5
House House,2,21214,930,1.885
House On Fire,1,6604,477,2.43
House of Pandas,1,25,5,0.0
House of Secrets,1,253,14,0.3
House of Tales,4,291,232,2.4425
Household Games Inc.,1,173,41,1.03
Housemade Inc.,1,782,139,34.08
Housemarque,2,5013,1045,5.484999999999999
Hovgaard Games,1,4942,1120,13.45
Hron,2,3,3,0.0
HronosGame,1,1,3,0.0
HuaYiTianXin,1,807,193,14.1
Hubblegum,1,20,19,0.0
Hubel,1,3,2,0.0
Hucast Games,1,47,7,0.0
Huebotics,1,64,3,0.0
Huge Calf Studios,1,21,5,1.65
Huge Robot,1,192,30,1.85
HugeMallard,1,8,0,0.0
HugePixel,3,124,76,0.0
"HugePixel, Diedemor studio",2,69,31,0.1
Hugebot!,1,2,1,0.0
Hugecalf Studios,1,736,111,1.67
HumaNature Studios,1,961,130,2.8
Human Head Studios,2,1554,570,2.1799999999999997
Human Interact,1,35,17,0.0
Humberto Jiménez Olea,1,4,1,0.0
"Humble Grove, Hana Lee, Cel Davison, Adrienne Lombardo, Eli Rainsberry",1,253,131,3.0
Humble Hearts LLC,2,17775,891,3.51
Humble North,1,23863,1429,46.48
Humble Sage Games,1,5,3,0.0
Hummus Studios,1,26,14,0.0
Humongous Entertainment,31,7114,598,3.2912903225806454
HunDong Studio,1,44,15,0.0
Hunchback Studio,2,615,117,1.0
HuneX,1,340,67,24.07
Hungry Bear Games,1,71,3,0.0
Hungry Couch Games,2,3707,735,4.225
HuniePot,2,31865,1787,11.545
Hunny Bunny Studio,3,583,112,1.9166666666666667
Huntah,2,118,68,0.0
Hunted Cow Games,3,2470,1178,3.94
Hunted Cow Studios,1,25,29,0.43
Hunted Media,1,57,4,0.0
Hunter Hamster,1,275,7,4.15
Hunter Hovanec,1,0,1,0.0
Hunter Studio,1,20442,3082,19.53
Hunter Tintera,1,4,2,0.0
Hunterx,1,9,49,0.0
HuntingSwan,1,29,2,0.0
Huracan Studio,1,125,36,1.47
Huu Games,1,42,21,0.32
Huw Millward,1,1916,82,6.68
Huy Phan,3,169,76,0.56
HyacinthHeart,1,111,8,0.0
Hybernation,1,6,0,0.0
Hybriona Labs,1,40,79,4.58
Hybriona Technologies LLP,1,77,31,5.97
Hyde Games,1,14,9,0.0
Hydravision Entertainment,2,3683,368,3.19
Hyeson,1,10,10,0.0
Hymoori,1,19,4,0.0
Hyo Software,1,12,4,0.0
HypeTrain Digital,1,7406,1295,4.48
Hyper Games,1,381,95,5.27
Hyper Hippo Games,5,56860,9716,13.186000000000002
Hyper Luminal Games Ltd,1,18,23,0.0
Hyper'sthene,1,197,93,0.42
HyperBitGore,1,5,0,0.0
HyperBot Studio,1,81,8,0.22
"HyperDevbox, Sickhead Games",1,4,2,0.0
HyperKat Games,2,79,43,0.4
HyperSloth,1,553,432,3.48
"Hyperator, Inc.",1,1,1,0.0
Hyperbolic LLC,1,17,5,0.0
Hyperbook Studio,1,35,16,0.33
Hypercane Studios,1,35,30,7.62
Hyperion Studio Limited,1,424,325,12.52
Hyperkinetic Studios,1,202,136,2.13
Hypersect,1,329,42,9.05
Hyperstrange,3,7069,954,3.1999999999999997
Hyphema Studios,1,0,2,0.0
Hypnos Games,1,17,1,0.0
"Hypoxanthine, Zel",1,10,3,0.0
Hörberg Productions,3,867,178,1.7833333333333332
I Fight Bears,1,215,143,0.18
"I Motion, Heliovisions Productions",1,37,2,0.0
I Need Play,1,155,298,4.07
I Sioux Game Productions B.V.,2,372,99,9.45
I donnt know,1,1,0,0.0
"I-Exist, Thinker Dreamer Studio",1,3,2,0.0
I-Illusions,2,3205,268,3.25
I-Inferno,1,5564,677,5.88
"I-Novae Studios, LLC",1,581,143,22.95
I-deal Games,1,1347,380,7.42
I.S.L.A.,1,15,16,0.0
I3,1,12,4,0.0
IAN Games,1,16,1,0.0
IBE,1,1,0,0.0
IBOL,1,462,24,4.28
ICA GAMES,1,53,31,3.47
ICAD/VisionLab PUC-Rio,2,19,1,0.0
ICHIICHI KK,1,3,1,0.0
ICON GAME STUDIO,1,5,3,0.0
ICON Interactive,1,23,10,0.0
ID Card,1,90,36,3.75
ID61,1,11,1,0.0
IDA Games,1,318,101,5.4
IDC Games,1,2,1,0.0
IDEA FACTORY,2,1218,194,10.105
"IDEA FACTORY Co., Ltd., COMPILE HEART Co., Ltd., FELISTELLA Co., Ltd.",1,11414,692,15.68
"IDEA FACTORY, COMPILE HEART",2,2704,598,10.524999999999999
"IDEA FACTORY, COMPILE HEART, FELISTELLA",2,5972,2349,7.35
"IDEA FACTORY, COMPILE HEART, PREAPP PARTNERS",1,313,157,6.28
"IDEA FACTORY, COMPILE HEART, TAMSOFT",2,5303,769,10.61
"IDEA FACTORY, Frontier Works, JoyMoe Interactive Entertainment Limited",1,101,53,4.2
IDEA FRUITION,1,1873,239,0.0
IDHAS Studios,2,481,113,0.14
IEVO,1,334,51,32.82
"IF Games, Vertigo Games",1,190,52,3.23
IFCATS,1,2,0,0.0
IFGworld,1,5,3,0.0
IGG SINGAPORE PTE. LTD.,1,3761,1856,55.0
IGO,1,11,3,0.0
IGRODELSKY,1,26,13,0.0
IHM Studio,2,692,136,4.255
IIIDA Interactive,1,18,6,0.0
IJunior,1,1,0,0.0
"IK, Hede",1,4,15,0.0
IKEA Communications AB,1,261,100,0.47
IKIGAI Play,1,15,4,0.0
IKIGames,2,2,2,0.0
IKINAGAMES,1,10,3,0.0
"IKINAGAMES, Nanali Studios",1,36,2,0.0
"IKO, Reynard Films, Prefrontal Cortex",1,90,18,0.0
IL YA,2,155,77,0.0
ILIKESCIFI Games,2,159,56,0.95
"ILINX, Inc.",1,763,258,2.2
ILLUSION,3,3354,1068,4.95
ILLUSIONETWORK,1,28,15,4.8
ILMxLAB,2,1578,341,0.46499999999999997
"ILXAM, Laush Dmitriy Sergeevich",1,19,7,0.0
ILYA GUBIN,1,1,5,0.0
IMBA Games,1,14,5,0.0
"IMCGAMES Co.,Ltd.",2,13870,7729,35.49
"IMEX Media, Inc",1,21,12,0.62
IMGN.PRO,1,4485,2238,16.1
"IMGN.PRO, Fool's Theory",1,1542,473,3.98
IMHA,1,2,0,0.0
"IMLBE, Dnovel",1,22,5,0.0
IMPIRESOFT,1,51,26,0.43
INDICAVA INTERACTIVE,1,915,151,6.02
INDIECN,1,1396,352,13.67
"INDIECN, SilverBlade",1,454,140,12.73
INDIEPLAY,3,6,6,0.0
INFERNA UG (haftungsbeschränkt),1,1335,814,600.47
INFINITE BRIDGE,12,78,50,0.0
INFINITY BRIDGE,2,23,10,0.0
"INFINITY Co., Ltd.",1,264,57,0.68
INGAME,1,51,27,0.9
INSIDE SYSTEM,2,247,73,6.05
INSY Games,1,3,0,0.0
"INTERMARUM, ONE MORE LEVEL",1,19,244,1.35
"INTI CREATES CO., LTD.",16,15708,2249,5.89875
INVERTED SOULS,1,14,7,0.0
IO Entertainment,1,412,265,93.27
IO Games,4,37,18,0.0
IO Interactive,3,12012,4733,2.623333333333333
IO Interactive A/S,4,112670,14420,14.775
"IO Interactive A/S, Feral Interactive (Linux), Feral Interactive (Mac)",1,30973,6227,14.05
IOA Games,1,380,207,5.7
IOAN,1,15,5,0.0
ION LANDS,2,13479,2078,4.625
IOSoccer Team,1,2287,522,10.27
IP Izmailov Vladimir Yurievich,1,40,12,0.0
IPACS,3,1775,494,7.2
IPC Technology（UK）,1,62,24,0.07
IQ Software,1,37,15,0.0
IQ Soup,1,44,16,0.15
IR Studio,4,384,194,4.585
IRODORI,1,180,19,0.33
"ISART, DEVS MUST DIE",1,96,7,0.0
ISOTX,2,490,106,4.515
ISVR,2,233,46,19.1
ISY,1,754,72,0.0
IT Student,1,61,6,0.0
IT Territory,1,568,231,7.95
ITBT Studio,1,349,320,0.0
ITC Studio,1,8,6,0.0
ITD Collective,1,44,21,0.0
"IV Productions, Funny Tales, Trinity Team srl",1,13,20,0.0
"IV Productions, Trinity Team srl",2,92,53,0.11
"IV Productions, Trinity Team srls",1,26,51,0.22
IVR,2,483,72,1.275
IVStudio96,1,0,2,0.0
"IWPLAY WORLD INTERACTIVE ENTERTAINMENT TECHNOLOGY CO., LTD.",1,781,88,3.95
"Ian Atherton, Ben Rog-Wilhelm",1,13,10,0.0
Ian C Pook,1,22,3,0.0
Ian Campbell,2,2565,175,2.79
Ian DeLaune,1,5,0,0.0
Ian Isaro,1,531,190,5.45
Ian Levesque,1,9,1,0.0
Ian Lilley,1,68,5,0.0
Ian MacLarty,1,77,3,2.25
"Ian MacLarty, Jon Kerney",1,1449,116,3.78
"Ian, Megan, Maxen",1,96,34,0.0
IazGame,1,3,2,0.0
Ibe Denaux,1,27,4,0.0
Ibis Games,2,63,68,7.835
Ibrahim Hisham,1,6,0,0.0
Ibrahim Indra Baskara,2,19,10,1.94
Icarus Games,3,115,87,0.69
Ice Arrow Games,1,103,5,0.0
Ice BEAM Ltd.,1,22,8,0.0
Ice Charge Productions,1,0,2,0.0
Ice Code Games,2,249,162,3.715
Ice Flames,1,1207,440,7.82
Ice Lava Games,1,158,207,0.0
Ice Maze,1,97,47,0.0
Ice Shovel Soft,1,3,0,0.0
Ice Wizard Studio,1,4,0,0.0
Ice-Cold Shivering Studios,1,10,12,0.0
Ice-Pick Lodge,4,13291,1429,7.4775
"Ice-Pick Lodge, General Arcade",1,3565,499,5.88
IceBear's Untold Tales,1,8,0,0.0
IceCreamMakerStudio,1,1,2,0.0
IceGames Studios,1,27,137,1.3
IceSitruuna,1,1330,500,3.63
IceStudio,1,6,7,0.0
Iced Lizard Games,1,57,1,0.0
Iceflake Studios,3,4514,1571,15.339999999999998
Icegrim Softworks,1,7,1,0.0
Icehelm,3,130,42,0.47333333333333333
Icehole Games,4,113,283,1.8875
Icetesy,1,4481,339,3.37
"Iconic Games, Adham Jaber",1,14,11,0.0
Iconik,1,11,3,0.0
Icy Donut,1,326,343,1.07
Idea Cabin,4,224,274,2.035
Idea Factory,9,2842,1031,16.543333333333333
Idea Factory International,1,643,82,2.43
"Idea Factory, Compile Heart",7,7269,1308,21.72
"Idea Factory, Compile Heart, Felistella",2,6257,451,13.035
"Idea Factory, Compile Heart, Sting",2,4081,380,4.09
"Idea Factory, Compile Heart, Tamsoft",1,2749,245,14.75
"Idea Factory, Design Factory",2,5214,435,13.725
"Idea Factory, Frontier Works, tiny cactus studio, WSS playground",1,634,35,2.7
"Idea Factory, Preapp Partners",1,100,56,14.07
Ideas Pad,2,541,96,6.2700000000000005
Ideonic,1,1,2,0.0
Idigicon,2,532,518,3.365
Idol FX,2,2719,441,1.435
IdunaSoft,1,2,0,0.0
IfThen Software LLC,1,2,0,0.0
Iful GS,1,4,4,0.0
Ignatus Zuk and Gonzalo Villagomez,1,1401,426,3.5
Ignibit,3,110,122,0.5499999999999999
Ignis Sanat,1,429,49,1.83
Ignition Games Inc.,1,18,45,0.0
Igor Krutov,3,1085,369,8.75
Igor Litvinsky,1,8,10,0.0
"Igor Litvinsky, Pavel Voronik",1,15,18,0.0
Igor Migun,1,43,18,0.38
Igor Rashkuev,1,53,7,0.02
Igor Rykhlevskyi,1,3,1,0.0
Igor Uduslivii,1,2841,114,40.52
Igrek Games,1,272,12,0.5
Igry.ru,1,112,29,1.85
"Iguana Entertainment, Nightdive Studios",2,5789,496,11.09
Iguana Mercenary,1,5,2,0.0
IguanaBee,1,815,766,7.82
Ihor Kalinin,1,4,16,0.0
Ikigai,1,47,2,0.0
Ikimasho,1,7,2,0.0
Ilan Papini,1,244,34,11.9
Ilex Games,2,2361,352,1.725
Ilia Kudinov,1,8,1,0.0
Ilias Giouroukis,1,7,4,0.0
IllFonic,3,65787,16636,8.553333333333333
"IllFonic, Psyop Games",1,44,86,2.58
Illeris,1,69,101,0.0
Illuminated Games,2,132,47,3.78
Illunsoft,1,35,0,0.0
Illus Seed Games,1,27,1,0.0
Illusion Ranger,1,187,70,1.87
Illusion Ray,1,9414,1941,13.13
Illusion Softworks,3,14310,1990,5.010000000000001
Illusive Reflection,1,224,28,1.05
IllusoryWorldEntertainment,1,395,142,3.3
Illwinter Game Design,5,4182,401,41.68
Illyriad Games,1,121,59,4.03
Ilmir Nasertdinov,2,10,7,0.0
Ilsanjo,1,124,41,0.0
Ilusis Interactive Graphics,1,27,28,0.03
Ilving Studio,1,31,30,2.12
Ilya Razinkov,1,8,2,0.0
Ilya Shepelev,1,125,45,0.0
Ilya Tishchenko,1,14,0,0.0
Image & Form Games,4,22349,1498,6.59
"Image Power S.A., Roasted Games",2,223,97,2.685
Image Space Incorporated,1,738,70,77.52
Image Works,2,13,10,0.0
"Image Works, Vektor Grafix Ltd",1,1,0,0.0
ImagiT Games,1,6,0,0.0
"Imagimotion, IV Productions",1,15,29,0.0
Imaginary Monsters,1,160,15,0.0
Imaginati Studios,1,141,65,0.0
Imagination Station,1,6,4,0.0
ImaginationOverflow,2,362,67,6.06
ImagineEngline,1,15,17,0.72
Imagitec,4,27,48,0.0
"Imagos Softworks, Subpixel Studios",1,193,74,1.42
Imigea Ltd,1,74,58,0.0
Immergity,1,10,9,1.05
Immersed Games,1,323,106,9.58
Immersion,1,88,47,1.67
Immersion Game,1,37,18,0.0
Immersion Plus,1,11,1,0.0
Immersive Innovations,1,5,1,0.0
Immersive VR Education,1,14,16,0.0
Immersive VR Education Ltd,1,240,49,0.6
Immersive VR Education Ltd.,3,717,175,0.53
Immersive VR Education PLC,1,78,20,0.2
Immersive VR Limited,1,41,16,0.0
Immortal Game Studio,1,306,75,4.93
Immortal Hand Studios,1,597,195,31.68
Immunity Studios,1,48,122,0.05
Immure Creations®,1,7,2,0.0
Impact Gameworks,1,1187,245,9.52
Impawsible Games,1,25,7,0.0
Imperia Online JSC,1,177,125,0.42
Imperia Online LTD,1,3,5,0.0
Imperial Interactive,1,3,1,0.0
Imperian Online - Hradec,1,2,6,0.0
Imperium,1,1,1,0.0
ImperiumGame,1,4,10,0.0
Impermanence Studio,1,278,193,13.02
Impetus Games,1,23,7,0.0
Implausible Industries,1,28,3,0.0
Impostor Cat Games,1,59,2,0.6
ImpressVR Studios,1,11,6,0.0
Impressions Games,7,7803,556,18.79
Improbable Pixel,1,9,0,0.0
Impromptu Games,1,155,69,2.42
Improx Games,2,603,223,0.285
Impulse Control,1,3,5,0.0
Impulse Games,1,12,10,0.0
"Impulse Gear, Inc.",1,148,58,0.0
Imran Arafat,3,46,81,0.01
InArcade,2,263,20,0.0
InCiti GAMES,2,2,2,0.0
InDID,1,106,33,2.48
InImages,3,220,201,0.9733333333333333
InOurEyes,1,8,2,0.0
InPatience,1,207,38,4.82
InSayn,1,480,216,4.37
Inaccurate Interactive,1,203,55,2.48
Inasa Fujio,1,525,22,1.52
Incandescent Games,2,307,57,1.185
Incandescent Imaging,1,10,44,0.0
Incandescent Workshop LLC,1,1,0,0.0
Inception Soft,1,17,32,0.45
Incineration Productions,1,30,10,0.0
Inclusion Studios,1,24,16,0.0
Incodra,1,220,90,0.57
Inconspicuous Creations,1,18,0,0.0
IncreZero Studio,1,5,3,0.0
Incubator Creations,1,8,1,0.0
Incuvo S.A.,1,183,67,8.2
Indefatigable,1,6709,448,4.5
Independent Arts,1,12,20,5.22
Independent Arts Software,3,54,95,0.25
Independent Arts Software GmbH,2,29,2,0.0
"Independent Arts Software, upjers",1,169,131,1.17
Independent Programmist Group,1,3,10,0.0
Indevelopment Productions,2,27,31,0.0
Indie,2,29,15,0.0
Indie Game Group,3,1498,1397,3.66
Indie Games Studio,3,177,119,4.083333333333333
Indie Marc,1,64,22,0.0
Indie Ninjas,2,41,11,0.015
Indie Wizards,1,3,0,0.0
Indie/Anon Games,1,136,5,3.0
IndieGala,3,1994,556,4.23
IndieGameMamaDev,2,680,49,0.0
IndieLeague Studio,1,1022,517,3.98
"IndieLip, Dmitriy Uvarov",1,43,75,0.03
IndieMax,1,1121,344,8.17
IndieNorthSix,1,2,1,0.0
IndieWolf Games,1,13,3,0.0
Indiecode Games,2,204,144,0.13
Indiesruption,2,313,26,0.0
Indievision,1,81,73,0.05
Indigo Entertainment,1,205,42,13.35
IndigoBlue Game Studio,2,92,24,1.575
IndigoWare,4,23,6,0.0
Indio Games,1,11,1,0.0
Indispensable Studios,2,12,0,0.0
Individual Software,3,8,2,0.0
Individual233,1,1,1,0.0
Indomitus Games,2,1348,361,3.84
Indoor Astronaut,1,17426,1243,6.1
Industry Games,2,946,747,5.075
Indy Lion Studios,1,21,5,0.0
Inertia Game Studios,2,239,72,0.815
Inexplicable Games,1,135,46,0.0
Infamous Quests,2,316,52,4.6899999999999995
Inferno Games,1,13,15,1.5
Inferno Studio,1,22,31,0.02
"InfernoSoul, Fromjaf Games",1,12,4,0.0
Infinigon,1,426,188,0.47
Infinitap Games,1,2217,699,3.3
Infinite Dreams,2,4200,339,6.18
Infinite Fall,1,17649,1092,10.58
Infinite Interactive,6,2408,687,10.81
Infinite Level,1,13,2,0.0
Infinite Loop Games,1,59,14,0.0
Infinite Monkeys Entertainment Ltd.,1,2312,97,2.52
Infinite State Games,1,100,20,0.0
"Infinite State Games, Projector Studios",1,20,0,0.0
Infinite8,1,63,49,0.0
Infinity Arc Studios,1,2,0,0.0
Infinity Games,1,55,24,0.0
Infinity Plus 2,1,7067,1723,80.87
Infinity Score Games,1,4,1,0.0
Infinity Ward,6,130810,29038,16.47833333333333
"Infinity Ward, Sledgehammer Games",1,21320,3686,22.58
Infocom,1,90,4,4.92
Infogames Europe SA,1,158,104,11.05
Infogrames,7,234,104,0.8571428571428571
"Infogrames Entertainment SA, Gremlin Interactive",1,252,234,0.05
Infogrames Europe SA,1,10,5,0.0
"Infogrames Europe SA, Etranges Libellules Studios",1,20,2,0.0
Infogrames Multimedia SA,1,2,0,0.0
Infosuccess3d,1,22,8,0.0
Infravision Inc.,1,6,5,0.0
Infuse Studio,1,4556,823,3.18
Ink Dragon Works,1,129,7,2.77
Ink Stains Games,3,31568,9451,12.090000000000002
Inncop,1,3,0,0.0
Inner Monkey,1,4,1,0.0
Inner Realm Studios,1,24,12,0.0
Inner World Games,2,23,17,0.0
Innerfire Studios,1,245,149,33.35
Innersloth,1,643681,57104,23.95
InnerspaceVR,3,1821,155,0.4766666666666666
Innervoid Interactive,2,1395,435,7.625
InnoGames,1,531,207,412.9
"InnoGlow, Stormregion, THQ Nordic",1,175,90,6.4
Innocenceイノセンス,1,8,2,0.0
Innocent Grey,2,2847,119,14.899999999999999
Innolabs,1,16,14,0.0
Innomen Team,1,215,45,12.73
Innominate Games,1,350,89,4.48
Innova Co SARL,1,2589,1746,82.72
Innovina/StudioKiku,1,46,28,0.0
Innuendo Squad Studios,1,21,28,2.05
Ino-Co,1,246,43,3.48
Ino-Co Plus,4,3356,958,11.865
InsGames,1,157,140,1.9
InsVolcStudio,1,7,1,0.0
Insane Code,1,514,182,1.12
Insane Dreamers,2,907,244,3.14
InsanityGameStudios,1,1,3,0.0
Insightful Games,1,22,1,0.0
Insomniac Games,1,713,129,4.3
"Insomniac Games, Blind Squirrel Games",1,11638,1261,6.92
Inspire Game Studios,1,1057,135,10.65
"Instituto de Astrofísica, PUC de Chile",1,13,4,0.0
Intaglyph,1,70,6,0.0
Intangible Games,1,3,0,0.0
Intensive Exposure Team,1,176,26,1.78
InterAction studios,5,5606,400,3.7920000000000003
InterIntellectus NFP,1,4,0,0.0
InterOne Inc.,1,148,27,147.25
InterServ International,1,5,5,0.0
InterSol OOO,1,14,5,0.0
InterWave Studios,1,112,146,1.27
Interabang Entertainment,1,3,11,0.0
"Interabang Entertainment, Spoony Bard Productions",1,53,15,0.0
"Interactive Binary Illusions, SubZero Software",1,31,27,0.2
Interactive Fate,1,1072,318,70.1
Interactive Gaming Studios,3,204,179,0.24333333333333332
Interactive Stone,1,939,177,2.22
Interama - Interactive Technology,1,20,4,1.5
Interbellum team,1,50,11,2.5
Interceptor Entertainment,1,1639,842,4.52
Interdimensional Games Inc,1,1088,425,3.37
Intergalactic Education LLC,1,143,40,0.0
Intermarum,1,50,126,0.0
"International Games System, Co., LTD.",1,45,6,2.08
Interplay,2,130,9,0.0
Interplay Entertainment Corp.,7,552,141,0.11285714285714286
Interplay Inc.,1,20902,1296,6.63
Intersky Studios,1,12,21,0.0
Intertum,1,5,3,0.0
Intostudio,1,703,125,0.6
Intravenous Software,2,176,33,7.8149999999999995
Intrepid Marmot,3,1164,158,5.460000000000001
"Intrepid Studios, Inc.",1,296,509,0.0
Intropy Games,2,15,28,4.99
Introversion Software,4,9949,1274,1.8625
"Introversion Software, Double Eleven",1,64439,7891,30.48
Inu to Neko,5,256,102,2.984
Inusuku,1,610,71,3.83
Inutaishos,1,81,62,0.0
Invader Studios,1,2725,1199,6.72
Invenmatic,1,4,2,0.0
Invent4 Entertainment,3,12542,3495,1.7533333333333332
Inventive Dingo,1,14,13,0.0
Inverse Game,3,6762,464,8.1
InvertMouse,9,3199,468,3.8444444444444437
Invi Games,1,1378,166,0.75
Invictus Games Ltd.,2,400,71,1.935
"Invictus Games Ltd., ImageCode",1,3502,452,20.47
"Invictus Games Ltd., JOGARA LTD",1,1388,503,3.35
Invincibles Studio Ltd,2,3740,1334,3.825
Invisible Collective,1,73,16,3.93
Invisible Walls,2,3777,967,4.785
Io Normal,2,28,13,0.0
Io-Interactive A/S,4,71140,5883,6.5
Iocaine Studios,1,35,35,3.28
Ion Storm,3,17113,2179,3.0566666666666666
IonFX,1,646,142,1.68
IonFx,1,935,275,3.15
Ionising Software,1,13,61,0.0
Ionized Games,1,777,301,2.62
Ionized Studios,1,1095,60,5.35
Ionut Lucian Achiricioaei,1,53,23,0.13
Iori Branford,1,45,5,0.0
Ioxian Games Oy,1,6,4,0.0
Ireero,1,28,1,0.0
Iridium Studios,2,1514,293,4.345
Irisloft,1,273,23,1.72
IriySoft,1,424,92,11.97
Iriya72,2,128,49,0.165
Iron 27,2,170,65,0.315
Iron Boar Labs Ltd.,1,91,16,0.0
Iron Galaxy Studios,3,7569,1313,4.1433333333333335
Iron Gate AB,1,471451,28377,70.88
"Iron Lore Entertainment, THQ Nordic",1,32295,3226,27.68
Iron Monkey,1,75,22,0.0
Iron Moose Development,1,5,2,0.0
Iron Stag Games,1,30,4,0.0
Iron Tower Studio,3,6410,1223,10.743333333333334
Iron VR,1,13,7,0.0
IronEqual,2,88,33,0.0
IronOak Games,1,36581,4906,24.4
IronRib,1,1,0,0.0
IronZog,1,3801,637,5.75
"Ironclad Games Corporation, Stardock Entertainment",2,15531,1277,17.915
Ironcode Gaming,3,78,80,0.07333333333333333
Irondales Entertainment,1,38,4,0.0
Ironhide Game Studio,5,40945,1926,15.644
Ironic Title Studio,1,47,18,0.0
Ironsun Studios,1,460,202,6.52
Ironward,3,4249,1788,6.903333333333333
Irrational Games,2,538,273,2.3600000000000003
"Irrational Games, Virtual Programming (Linux)",1,131970,8712,12.9
Irvin Vaush,1,21,26,0.0
Isaac Birchmier,1,2,1,0.0
Isaac Cohen,1,166,9,1.03
Isaac Lee,1,30,8,0.0
"Isabelle Dela Torre, José Fernando Gracia, Annaliese Bevan, Poppy de Raad",1,597,78,0.33
Isekai Entertainment,1,89,40,0.48
Ish Games,2,420,130,3.085
Ishtar Games,4,12529,1478,16.18
Iskonsko Studio,1,12,0,0.0
Iskra,1,158,14,0.0
Isoca Games,1,29,6,0.0
Isocube Software,1,5,2,0.0
Isojumper,1,172,32,2.95
Isokron,1,189,114,0.0
Isolated Games,2,14021,2180,13.665
Isotope 244 LLC,1,64,17,0.0
Istanbul Simulator,1,15,4,0.0
Istituto sull'Inquinamento Atmosferico - CNR,1,23,3,0.0
Isto Inc.,1,465,105,4.97
Istotex,1,60,27,4.73
It's Anecdotal,1,268,45,0.03
It's a Wonderful Life,1,18,10,0.0
ItRuStore Games,1,5,3,0.0
Italian Party of Indie Developer,1,17,0,0.0
Italian Party of Indie Developers,1,15,2,0.0
Italic Pig Limited,1,83,44,2.63
Italo Games,1,82,38,0.0
"Item Multimedia, Ltd.",1,1,2,0.0
Itera Laboratories,4,81,44,0.0
Iteration 11,2,733,262,7.505
Iterative Games,1,3,0,0.0
Iterative Interactive,1,4,0,0.0
Ithaqua Labs,5,656,60,1.026
"Ithiro Sumi, Lucas Perdomo",1,2,10,0.0
"Ithiro Sumi, Lucas Perdomo, Lucas Bressan",1,387,44,3.97
Iubisoft System SRL,1,170,343,0.0
Ivan Bolcina,1,8,5,0.0
Ivan Kulibin,1,1,2,0.0
Ivan Panasenko,2,12,6,0.0
Ivan Pichugin,2,15,4,0.0
Ivan Zanotti's MyMadnessWorks,2,3055,194,0.765
Ivanovich Games,6,501,194,2.35
Ivent Games,1,109,18,0.0
Ivory Tower,1,72724,21141,31.05
Ivory Tower in collaboration with Ubisoft Reflections,1,10721,6318,47.85
Ivy Games,2,418,49,2.835
Iván Marcelo Pretti,1,574,130,6.47
Iwa Interactive,1,1,1,0.0
"Ixeria, MadBee",1,43,2,0.0
IzHard,1,416,46,1.5
"IzanagiGames, Too Kyo Games, ESQUADRA,inc.",1,684,203,0.73
"IzanagiGames, Too Kyo Games, Grounding Inc., ESQUADRA,inc.",1,141,56,0.0
Izmir Games Collective,1,21,3,0.0
IzukawaN,2,14,0,0.0
J,1,68,25,0.0
J Games 966,1,3,0,0.0
J Griffin,1,6,0,0.0
J. C. SpringBourne,2,15,9,0.0
"J. Fletcher, Michael Flynn",1,25,61,0.02
J. J. A,1,1,2,0.0
J. King-Spooner,2,406,40,3.535
J.Bowman,2,975,95,1.57
J.S.Void,1,1,2,0.0
"J1 Game studio, Request Logic",1,4,5,0.0
J2YSOFT,1,23,14,0.0
JAB team,1,192,119,0.0
JAM Productions,2,173,37,0.01
JAMgames,1,39,34,2.97
JAVELIN OÜ,1,469,399,1.88
JAYFLGAMES,1,774,85,0.07
JBO Media,1,11,4,0.0
"JBO Media, Angel Star Studios",1,5,1,0.0
JCKSLAP,1,11512,591,4.45
"JCKSLAP, Sherlerk, 我師父的徒兒, Eazie",1,1251,65,0.42
JCO,1,315,77,2.42
JDM4iK,2,309,317,0.0
JDM4iK Games,3,3252,1916,4.716666666666666
"JDM4iK, Droid Riot",1,549,640,0.0
JE Software,1,372,75,0.02
JF Nova Studio,1,6,0,0.0
JFerreira,1,43,5,0.0
JForce Games,1,5492,874,4.97
JFxGames,1,1,0,0.0
"JH Soft Co., Ltd.",1,14,14,0.0
"JH12world, Jordan Benoit",1,26,98,4.62
JIB Games,1,72,32,0.0
JIW-Games,1,4522,813,21.13
JJ Montes,1,14,0,0.0
JJBenefield Games,1,3,3,0.0
JLogical Games,1,4,0,0.0
JMAA Games,1,12,6,0.0
JMC Games,1,65,108,0.0
JMF Games,1,57,11,0.0
JMJ Interactive,2,61,33,2.11
"JMJ Interactive, Mårten Jonsson",1,239,78,2.88
JMV,1,21,20,0.0
JOAO PORTO,1,2,0,0.0
JOL Studios,1,86,38,0.0
JOONSPICTURES,1,3,9,0.0
JOYCITY,1,9153,3494,19.9
JOZGamer,1,28,6,0.0
"JOZGamer, Hatus Quemuel",2,354,102,1.81
JPEG OF PAIN GAMES,2,437,116,0.0
JPG_Games,1,13,0,0.0
JR Production,1,2,4,0.0
JRC,1,2,1,0.0
JSL Entertainment,2,24195,2643,17.075
JT Interactive Entertainment,1,20,23,0.0
JTA Games,1,3,0,0.0
JUANWUWU Games,1,0,1,0.0
JUBSTUDIO,1,143,269,0.0
JUDOBABY INC.,1,64,15,4.28
JUKKAKU GAMES,1,950,49,6.7
JUNGLE,1,18,11,0.0
JUST a Gamer,1,16,14,0.0
"JW, Kitty, Jukio, Dom",1,2339,278,3.28
JY,4,13,25,0.0
J_WGames,1,9,1,0.0
Ja2b Games,1,4,2,0.0
Jace Masula,2,1382,228,8.98
Jachun Digital,1,19,1,0.0
Jack,1,3,1,0.0
Jack G,1,3,2,0.0
Jack Gloyens,1,14,9,0.0
"Jack Kelly, Frank DiCola, Alba S. Torremocha, Noah Kellman",1,11,1,0.0
"Jack Southard, Nathan Jew",1,32,1,0.0
Jack Tech,1,1547,1270,10.77
Jack Twin,1,11,19,0.0
"Jack, Chia Chang Koo",1,1,0,0.0
"Jackbox Games, Inc.",17,30045,2705,5.027647058823529
Jackdaw4617,1,1,0,0.0
Jackson Clayton,2,22,5,0.0
"Jackson Clayton, Andy Sharpe, Liam A'Hearn, Zane Kidwell",1,13,1,0.0
"Jackson Wood, Lewis Spalato",1,8,2,0.0
Jackto Studios,1,8877,2518,34.8
Jacob (Jake) Roberson,1,2,0,0.0
Jacob Allen,1,15,1,0.0
Jacob Irwin,1,2,1,0.0
Jacob Janerka,1,1491,89,3.6
Jacob McCormick,1,3,1,0.0
Jacob Singer,1,1,0,0.0
"Jaden Romilio, Jakob Houghton, Harry Mackenzie",1,4,0,0.0
Jadon Barnes,1,4341,614,10.23
Jae Lee Productions,1,464,247,0.92
"Jaesung Kim, Jongseop Lee, Hyunggu Han",1,44,0,0.0
JaffaJam,1,29,1,0.0
Jagex Limited,1,11922,6346,17.53
Jagex Ltd,2,36185,7488,68.94
Jaibo Games,1,49,4,0.0
Jaime Paz Lopes,1,9,2,0.0
Jaime Scribbles Games,1,16,7,0.0
"Jaison Robson Gusava, SC Jogos",2,380,247,4.1899999999999995
Jaja City,1,23,2,0.0
Jajaben Games,1,41,5,0.0
Jak Wilmot,2,104,27,0.0
Jakal Studios,1,249,70,2.17
Jake Donkersgoed,1,489,17,1.3
Jake Hollands,1,2846,262,15.77
Jake Huhman,1,262,57,16.78
"Jake Jensen, Elijah Bush, Sakura Jensen",1,1,1,0.0
Jake M,1,24,15,0.0
Jake Olson,2,88,79,13.035
Jake Peng,2,6,1,0.0
Jake Rovere,1,3,0,0.0
Jakob Delzer,1,39,12,0.0
Jakob Hild,1,1,1,0.0
Jakob Vidal,1,248,20,0.0
Jakov Jakov,1,2,4,0.0
Jam,2,313,131,0.32999999999999996
Jam Entertainment,1,3,0,0.0
Jambav,1,8,1,0.0
James,1,1,0,0.0
James Earl Cox III,4,354,71,0.0
James Horn,1,8,6,0.0
James K. Isaac,2,28,4,0.0
James Leakos,1,24,20,0.0
James Madsen Digital Enterprises,1,31,24,0.0
James Mearman,2,168,44,2.085
"James Montgomery, Daniel Paez, Jeff Jackman, Lance Montgomery, Michael Nova",1,146,15,1.0
James Moulang,1,283,3,10.6
James O,1,265,50,0.0
James Patton,1,240,63,4.75
"James Patton, Clockwork Bird",1,229,13,12.97
James Prior,1,3,0,0.0
"James Sager III, Steve Reynolds, Lokesh Dhanger",1,20,4,0.0
"James Sager, Brian Mclendon, Tuomo Untinen, Team Don Corgi, Yamillian, Garrett Wessner, Rob Somerfield, Jacob Wilkins, Janet Banerjee, SithJester",1,1,1,0.0
James Wolf,1,12,5,0.0
"James de Silva, Matthew Sanders",1,40,10,2.55
JamesGamesNZ,1,154,21,0.0
Jamhammer Games Inc.,1,4,0,0.0
Jaming Soo,1,44,84,0.0
Jamit Games,1,21,25,0.22
Jammed Up Studios,1,134,99,1.65
Jamong Inc.,1,6,12,0.0
Jan Malitschek,1,16,1,0.0
"Jan Place Jakobsen, Kristoffer Juel Friis, Jonas Skjønnemann, Ignacy Grabowski",1,119,33,0.0
Jan Urbanek,1,21,2,0.0
Jan Zelený,1,2332,446,32.9
Jan Zizka,1,249,143,2.98
Janarik Games LLC,1,51,1,0.0
JanduSoft,3,936,452,2.9066666666666667
Jane Wilson,2,27,11,0.0
Jani Penttinen,2,56,66,0.0
Janky Games,1,11,13,0.0
Jannik Nickel,1,2493,127,13.13
JapanCo,1,138,37,4.48
"Japanime Digital, Wedontknow Games",1,197,15,3.88
"Jarbit, Castle art by Yuriy Gusev",1,922,514,3.68
Jared Blackburn,1,1,1,0.0
Jared Hoffa,1,13,9,0.0
Jared Miller,1,9,16,0.0
JaredGames,1,86,15,0.0
Jareed Dempsey,1,0,2,0.0
Jarhead Games,1,182,396,0.55
Jaron Fund,1,4,1,0.0
Jaroslav Patočka,1,1,0,0.0
Jarrah Technology,1,20,9,4.38
Jasmine Osler,1,279,11,0.0
JasmineSummer Project,1,113,12,0.27
Jason Aldred,1,25,0,0.0
Jason Carter,1,4,6,0.0
"Jason Gertner, Carson Kompon, Yukon Wainczak, Jennifer Kindl",1,866,65,0.0
Jason Godbey,1,972,348,0.62
Jason Lovett,2,232,52,4.04
Jason Morgan,1,54,2,0.0
Jason Oda,1,97,74,0.4
Jason Rohrer,3,3805,1078,6.6433333333333335
Jason Swisher,1,1,0,0.0
Jasper Byrne,1,1101,194,1.13
Jaunty Bear Games,1,2,1,0.0
Javelin OÜ,1,108,120,3.07
Javid Hasanli,1,12,2,0.0
"Javier Federico Goldschmidt, Matias Juvé, Tomas Peters",1,90,6,0.0
Javissoft,1,32,18,0.0
Jay Carvajal,1,2,0,0.0
"JayGee Studios, Gage Posick, John Chiesa",1,3,0,0.0
Jaybot7,1,84,36,3.12
Jaydan Lunt,1,3,1,0.0
"Jaydon Schumacker, Jonathan Clay, Andres Garcia, Anthony Acosta",1,9,8,0.0
JazzApps,1,12,0,0.0
Jazzcat games,1,6,0,0.0
Jazztache,1,2,0,0.0
Jean Pierre Arteaga,1,0,1,0.0
Jean-Sébastien Nouveau,2,53,12,0.0
Jeel Patel,1,3,0,0.0
"Jeff Nusz, Mindful Mammoth",1,1625,69,0.23
Jeff Rigler,1,8,5,0.0
Jeff Sinasac,1,5,0,0.0
Jeff Trier,2,78,49,0.29
"Jeffrey Lu, Freddy Lu",1,62,3,0.0
"Jeffrey Nordin, Justin Nordin",1,6,5,6.88
Jehan Kobe Chang,1,32,9,1.27
Jelle Booij,1,1068,207,5.88
Jelle van Doorne,1,82,3,0.0
JellySnow Studio,1,2312,484,4.9
Jellyfish Parade,2,43,11,0.0
Jellyvision,1,106,10,11.22
Jeminie Interactive,1,1379,161,44.43
Jenito,1,4,1,0.0
"Jenny Chen, Changcheng Fu, Hunter Huynh, Miranda Liu, Eric Shen",1,23,9,0.0
Jens P. Behrens,1,1,0,0.0
"Jeremiah Hughes, Roy Bennett, Jeremy Hadley, Josephine Dolan, Joseph Cavazos, Mollica Es",1,35,6,0.0
Jeremiah Stilts,1,22,3,0.0
Jeremy Couillard,2,162,8,1.05
"Jeremy Couillard, Ireneo Mercado",1,83,13,0.2
"Jeremy Evers, Negspect, Inc.",1,6,0,0.0
Jeremy Slavitz,1,24,11,0.0
Jeremy Waltman,1,2,1,0.0
Jero53motox,1,6,9,0.0
Jeroen Wimmers,1,215,24,0.0
"Jeroen van Oosten, Milan Kazarka",1,10,7,0.0
Jerome Bodin,1,33,26,4.47
Jerome Labelle,1,37,15,0.0
Jerseyware Gaming,1,155,91,3.55
"Jerzie, Creobit",1,185,18,4.93
Jeshawn Chrite,1,3,1,0.0
Jesse Carradine,1,339,18,0.0
Jesse Makkonen,4,16690,1306,3.2725
Jesse McCabe,1,11,1,0.0
Jesse Moreland,1,3,1,0.0
Jessy Lemieux,1,288,87,0.25
Jet Set Games,1,42,22,1.78
Jetdogs Studios,6,3355,1015,4.075
"Jetdogs Studios, CorePunch Gamestudio",1,319,46,4.22
"Jetdogs Studios, Fineway Studios",1,1668,330,3.62
"Jetdogs Studios, Whalebox",2,206,21,0.06
"Jetdogs Studios, Zoom Out Games",8,7424,709,4.7825
Jether,2,25,14,0.0
Jewel Seeker Entertainment,1,5,1,0.0
Jhomas,1,27,4,0.0
JiMTa-积木塔,1,40,6,0.0
Jia-Ho Jian,1,283,33,0.0
Jiabisu,1,14,0,0.0
JiangHu Studio,2,1903,1357,20.34
JibbyJib,1,56,3,0.0
Jigsaw Unravel,2,17,29,0.0
Jim,1,67,5,0.0
Jim Best,1,1,0,0.0
Jim Offerman,1,193,185,3.0
JimJams Games,6,17,8,0.0
Jimbob Games,1,108,76,2.48
Jimmy Arcade Limited,1,16,6,0.0
JinCycle,2,10,2,0.0
"Jingcheng Yang, Jingcheng Yang",1,6,2,0.0
"Jingjing Shen, Cody Wren, David Tree",1,7,7,0.0
JingtuStudio,1,37,13,0.0
"JingtuStudio, 乌鸦大仙",1,76,18,0.0
Jinthree Studio,1,272,28,5.2
Jinxi,1,9,3,0.0
Jiochees,1,3,1,0.0
Jipang2Games,1,40,6,0.0
Jirapher,1,2,0,0.0
Jiruo Software,1,66,14,0.0
"Jiv Jago, Independent studio",1,15,4,0.0
Jiwoo Lee,1,35,17,0.0
Jl Apps,1,1,2,0.0
Jo-Mei Games,1,1665,329,3.07
"Jo-Mei, upjers",1,5,15,0.0
JoPaSä,1,16,11,0.0
JoWooD Vienna,1,2872,68,2.07
Joakim Sandberg,1,4098,632,11.25
"Joaquin Telleria, Manuel Telleria",1,29,27,0.0
"Job Talle, 3xBlast",1,883,47,4.35
Job Timmermans,1,12,2,0.0
Joccish,1,28,3,0.0
"Jochen Heizmann, Emmanuel Henné",1,1,1,0.0
"Jochen Heizmann, Emmanuel Henné, Intermediaware",1,35,15,0.0
Joe Chisholm,1,59,14,0.0
Joe Daywalt,1,11,1,0.0
Joe Richardson,3,2561,93,1.6466666666666665
Joe Sansone,1,4,4,0.0
Joehot200,1,26,12,0.0
Joel Carter,1,1,0,0.0
Joel D.,1,13,3,0.0
Joey Cook,1,25,0,0.0
Joey Drew Studios,2,29222,3615,6.4
JofiSoft,1,59,2,0.0
Johan Aronsson,1,27,14,1.17
Johan Hammes,1,6,3,0.0
Johan Hjärpe,1,164,13,12.7
Johan Pruys,1,5,3,0.0
Johan Scherft,1,3086,46,0.88
Johann Stoltz,1,0,1,0.0
Johannes Gäbler,1,165,48,3.02
John Borkowski,1,6,2,0.0
John C. Ragland,1,6,2,0.0
John Carline,1,245,47,0.38
"John Caruso, Diante Clark",1,1,0,0.0
John Coday,2,5,1,0.0
"John Fluet, Hans Scharler",1,1,2,0.0
John Holmvall,2,431,56,3.09
John Jiang,1,37,10,0.0
John McCann,1,10,7,0.0
"John Morris, Emily Jean Richardson",1,6,1,0.0
"John Rais, Nathan Rais",1,28,9,0.0
John Segerstedt,1,39,28,0.0
John Szymanski,2,1407,134,1.85
"John Szymanski, Evan Szymanski, David Szymanski",1,76,78,4.17
John Wallie,1,29,1,0.0
John Wanot,1,11,5,0.0
John Wizard,9,801,288,2.92
"John Xu, John Morris",1,6,4,0.0
Johnny Dale Lonack,1,234,75,0.88
Johnny Death Games,1,10,6,0.0
Johnny Ostad,1,35,16,0.0
Joindots GmbH,1,0,2,0.0
"Joindots, SilentFuture",1,53,72,19.83
"Jolly Crouton Media Ltd., Tiny Warrior Games",1,11,1,0.0
JollyCo,1,83,16,0.0
Jollypunch Games,2,658,72,1.04
Joma Rage,1,0,2,0.0
Jon Gallant,1,1595,96,16.82
Jon Harwood Games LLC,1,55,17,1.5
"Jon Lamont, Jon Braun",1,14,1,0.0
Jon Prestidge,1,8,0,0.0
Jon Sudbury Games,1,153,31,0.0
"Jon Tiburzi, Bevibel Harvey, Philip Gibbons, Marc Cuva",1,266,40,4.15
Jon Upton,1,2,2,0.0
Jonah Gasson,1,2,1,0.0
"Jonah Gaynor, Snippy Nguyen",1,4,0,0.0
Jonarene,1,1,0,0.0
Jonas Autenrieth,1,11,4,0.0
Jonas Dall,1,1,0,0.0
"Jonas De Carvalho Felinto, Marcelo Eduardo Cabral",1,11,1,7.48
Jonas Kyratzes,2,310,18,0.0
"Jonas Manke, Studio Inkyfox",1,265,5,0.3
Jonas Oppliger,1,23,6,0.0
Jonas Tag,1,2,1,0.0
Jonas Tyroller,1,2656,73,2.13
Jonathan BRASSAUD,1,242,126,4.32
Jonathan Law,1,1,0,0.0
Jonathan Moye,1,17,4,0.0
Jonathan Mulcahy,1,28,16,0.02
"Jonathan Robson, Matthew Hayter",1,19,6,0.0
Jonathan Tindell,2,1530,237,3.715
Jonathan Wood,1,637,75,1.32
Jonathan.S,1,4,5,0.0
Jonayne,1,4,4,0.0
"Jongwoo Kim, Erica Lahaie, FX Bilodeau, Tanya Short",1,1030,430,2.45
Jonni The Dodger,1,27,9,6.05
JooGray videogames,3,16,16,0.0
"Joon, Pol, Muutsch, Char & Torfi",1,781,109,2.8
Joona Vartiainen,1,22,39,0.0
Joongwon Entertainment,2,543,268,7.05
JoqLePecheur,1,37,14,0.0
Jordan Allen,1,95,15,0.0
"Jordan Allen, Howard Ross IV",1,16,2,0.0
Jordan Magnuson,1,123,16,0.0
Jordan Rott,2,3,1,0.0
Jorge Aires,1,345,64,761.55
Jorge Giner Cordero,1,10,6,0.0
"Jorge Lima, Alexandre Fontoura",1,12,4,0.0
Jori Ryan,1,15,2,0.0
JosPlays,1,47,121,7.65
"Jose Alfonso, Vicente Mauricio, Tobias Kammann, Guillermo Fleitas",1,11,1,0.0
Jose Juan Gambín,1,11,0,0.0
Jose Luis Escobar,1,8,0,0.0
Josep G. Camarasa,1,46,2,0.0
Josep Monzonis Hernandez,2,1,5,0.0
Joseph Bramlett,1,37,29,0.78
Joseph Calabro,1,7,0,0.0
Joseph Distler,1,376,32,1.98
Joseph English,1,97,12,0.0
Joseph Gribbin,1,50,2,0.0
Joseph Griggs,1,1,1,0.0
Joseph Keenan,1,8,1,0.0
Joseph MacDonald,1,20,16,0.0
Joseph Meering,1,2,0,0.0
"Josh Beatty, Mike Casto",1,113,9,2.15
Josh Koenig (Slashandz),1,98,21,1.35
"Josh Larsen, s0s2",1,25,1,0.0
Josh Presseisen,1,69,73,1.55
Josh Singer,1,73,5,0.0
Josh Tam Universe,2,120,374,1.915
Joshua Bergstrom,1,3,0,0.0
Joshua Curtis,1,14,3,0.0
Joshua Cutting,1,14,6,0.0
Joshua Hotchin,1,7,3,0.0
Joshua Hughes,1,170,46,6.6
Joshua Keith,4,100,15,0.0
Joshua Krauchi,1,3,1,0.0
"Joshua Linscott, 1122 Industries",1,10,1,0.0
Joshua Missile,2,193,42,0.76
Joshua Nuernberger,1,1617,212,2.97
Joshua Roland,1,28,10,0.27
Joshua Rooijakkers,2,35,9,0.0
"Joshua Williams, Evil Tortilla Games Incorporated",1,251,59,9.15
Josiah Tull,1,7,1,0.0
"Josyan, Bibiki",1,27,1,0.0
José Antonio Durá Olmos,1,14,2,0.0
Joure Visser,1,234,35,0.0
Journey Bound Games,1,916,27,0.35
Jovrnalism,1,8,0,0.0
Joy Everafter Stories,1,2,0,0.0
Joy Impact,1,304,199,1.68
Joy Way,3,2024,553,0.8933333333333334
JoyBits Ltd.,8,2129,936,3.3825
JoyCrafter,1,106,66,22.18
JoyFul Software,1,6,1,0.0
JoyImpact,1,169,126,4.15
JoyMasher,3,3469,561,2.9
Joyful Software,2,44,13,0.0
Joyjoymoto,1,7,0,0.0
Joymania Development,1,218,18,2.75
Joyous Raccoon,1,18,20,0.68
Joysteak Studios,1,581,65,2.2
João Fílipe,1,7,2,0.0
"João Victor da Silva, Lucas Roberto",1,2,0,0.0
"Jsmael Stieger, Manuel Stieger, Andreas Stieger",1,74,52,7.57
Juan Jose Garrido Gomez,1,4,3,0.0
Jubcow,1,15,1,0.0
JubleLemonSeed,3,1243,437,0.0
Jucar,1,187,32,0.65
Juggernaut Games,2,787,158,3.3
Juggler Games,1,809,67,6.05
Jugilus,1,32,16,0.95
Juicy Beast,2,701,46,2.765
Juicy Frog,1,7,0,0.0
Juicy Jelly Cloud,1,22,2,0.0
Jujubee S.A.,7,1553,1290,4.085714285714286
Julia Condemi,1,7,2,0.0
Julia Games,1,41,8,2.23
Julia Minamata,1,42,2,0.0
Julian Edison,2,446,65,2.975
"Julian Edison, Grayson Dew",1,10,1,0.0
Julian Fokin,1,11,0,0.0
Julian Henley,3,48,35,0.0
"Julian Hernandez, Caroline Laber-Smith, Miriam Suarez, Emmanuel Mallea",1,7,0,0.0
Julian Heuser,1,4,1,0.0
Julian Laufer,1,186,79,3.62
Julian Lewis,1,0,1,0.0
Julian Roeckl,1,11,2,0.0
Julian Schlüntz,1,533,36,0.82
Julian Stables,1,11,5,0.0
"Julien Baumgartner, Pénélope Schachner",1,17,2,0.0
Julián Palacios Gechtman,1,153,23,0.0
Jumb-O-Fun Games Inc,1,36,28,0.0
Jumibois,1,13,7,0.0
Jumit,1,21,1,0.0
Jump Over The Age,1,1973,294,2.15
JumpCore Productions,1,50,142,1.33
"JumpStart Games, Inc.",1,3435,2127,7.92
Jumpdrive Studios,1,86,12,0.72
Jumping Pound Games,1,7,2,0.0
Jun Yang,1,1,0,0.0
Jun Zhao,1,11,4,0.0
Junaid Javed,1,1,2,0.0
Junction Point,1,920,272,3.57
Juncture Media,1,43,10,0.0
"Jundroo, LLC",3,12876,1070,11.246666666666668
June Strings,1,185,21,4.3
June Studio,1,22,3,0.0
Junjo,1,12,3,0.0
"Junybox64, IronyDev",1,38,22,0.0
Jupiter Lighthouse Games,1,40,16,0.0
Juppiomenz,1,2567,619,25.87
Juri Schupilo,2,66,32,5.635
"Jurlo, Jetpackgone",1,598,43,0.0
Just A Pixel Ltd.,1,198,142,12.7
Just Add Water (Development) Ltd.,1,159,101,0.0
"Just Add Water (Developments), Ltd.",2,3441,866,4.01
Just Amusing Myself Studios,1,8,10,4.42
Just Fishing LLC,1,685,236,1.23
Just Making Games,1,110,35,0.0
Just Sauce Studio,1,37,3,0.0
Just Two ltd.,1,102,16,0.0
JustE A,1,5,18,0.0
JustForward,1,26,12,3.13
JustUsGameLab,1,391,191,18.77
JustWallWireHead Games,1,36,4,0.0
JusticePartner Narka,1,3,1,0.0
JusticePartnerNarKa,1,2,0,0.0
Justin Jimmo,1,3,2,0.0
Justin Kroh,1,898,122,11.73
Justin Sawchuk,1,51,48,0.85
Justin Varghese,1,40,2,0.0
Justwo Games,1,10,12,0.0
Jutsu Games,4,22137,3022,5.4624999999999995
Juvty Worlds,3,2130,1431,66.48
Jérémy Beuchot,1,7,0,0.0
Jérémy Entressangle,1,84,16,1.17
"Jérôme Bodin, Cédric Ledoux, Joseph Herbelin",1,10,0,0.0
"Jérôme Bodin, Frédéric Simon",1,31,5,0.0
Jötunn Games,1,80,74,8.57
Jürgen Hoffmann,1,11,0,0.0
K Bros Games,4,4931,858,9.264999999999999
K Monkey,1,216,65,0.73
K'sG,1,3,1,0.0
K-D Lab,3,1428,135,8.99
K.Kaiser's Game Studio,1,1,2,0.0
K5 Factory GmbH,1,4,0,0.0
KABloom Interactive,1,127,126,5.58
KADOKAWA CORPORATION,3,238,90,1.9333333333333333
"KADOKAWA CORPORATION, Active Gaming Media Inc.",1,969,423,4.9
KADOKAWA GAMES / GRASSHOPPER MANUFACTURE,1,6296,2105,4.42
"KADOKAWA, TSUKURITE.",1,529,63,4.68
KAGAMI WORKS,1,80419,2554,10.13
KAGAMI WORKs,1,722,285,2.4
KAGAMI Ⅱ WORKs,2,29577,88535,3.855
"KAIKO, Big Huge Games, 38 Studios",1,5468,1670,15.38
"KAIKO, Vigil Games",1,13991,1943,8.82
KAJINOYU,2,2,2,0.0
"KANAME.co,.ltd.",1,3,0,0.0
"KANAWO, Vaka Game Magazine",1,2525,101,8.1
KASADE Studio,1,8,1,0.0
KAVA Game Studio,1,135,112,28.28
KAYAC Inc.,1,146,36,0.0
KBJGames,1,108,75,0.42
KBS Games,1,1,0,0.0
KDV Games,1,103,59,1.7
KEA Games,1,2,3,0.0
KEMCO,1,7473,299,39.67
KESOFTGAMES,1,5,0,0.0
KEXBOY,1,243,152,0.62
KFriske Studios,1,121,52,5.53
KGourmet,1,43,36,0.02
KHB-Soft,3,5133,811,2.9433333333333334
KILLZONE,1,2,10,0.0
KIMIDORI SOFT,5,767,117,2.6100000000000003
KIMYS STUDIOS,2,27,6,0.0
KING Art,10,18180,6001,8.045
KINGSGUARD GAMES,1,3,3,0.0
KIRA,1,3313,268,3.58
KIRA LLC,1,8037,790,11.38
KISS,1,1253,248,2.28
KITATUS STUDIOS,2,568,981,3.835
"KIWIWALKS, IKINAGAMES",1,1070,72,7.35
KIXEYE,1,2865,2020,169.23
KK Game Studio,1,8156,4060,28.6
"KKK, QZQ Studio",1,7,8,0.0
KL GAMES,1,586,210,0.0
KL Game Studio,1,0,2,0.0
KLASSEN,1,5,2,0.0
KLNK Inc.,1,4,2,0.0
KLP Company,1,267,68,0.0
KLab Inc.,1,10533,1351,61.47
"KOEI TECMO GAMES CO., LTD.",83,177736,49049,65.0656626506024
KOEX studio,3,129,76,1.7566666666666666
KOG,2,27993,15996,38.3
KOGADO STUDIO,5,2342,164,13.36
KOJIMA PRODUCTIONS,1,36697,2819,24.63
KONAMI,10,151194,21532,20.076
"KONAMI, Cygames, Inc.",1,858,322,2.37
"KONAMI, GuruGuru",1,838,253,3.15
KOREK PRODUCTION,1,6,1,0.0
KOROZiF,1,12,0,0.0
KO_OP,2,1162,90,2.1
"KPy3O, Noostyche",1,747,89,4.2
"KRAFTON, Inc.",2,3757,2139,8.14
"KROBON station, Vaka Game Magazine",1,305,27,7.9
KRZ,1,10,1,0.0
KSYM,1,397,13,0.65
KT Racing,9,19646,5837,10.907777777777778
KTX Software,2,666,114,3.435
KUKHTENKOV,1,48,24,0.02
KULTURA Ex Machina,1,1180,95,0.0
KUMA GAMES,1,232,67,0.3
"KUMA, LLC",1,11,22,0.0
KURB,1,97,41,0.42
KUSOne Studio Limited,1,9,13,0.0
KUWOGame,1,9,16,0.0
KW Studios,1,17812,5806,5.9
KX Games,2,459,72,1.135
Kaan Bukusoglu,2,50,11,0.0
Kaan Soral,1,116,20,29.68
"Kabam Games, Inc.",1,13249,3679,97.63
Kabertek,1,1,2,0.0
Kabuk Games,1,103,30,0.0
Kacper Stasiełuk,1,20,13,5.18
Kadragon,4,244,76,0.0
Kaenderin games,1,1,0,0.0
Kagawa-Ken-Game-1hour,1,2,3,0.0
Kagura Games,1,114,63,2.65
"Kai van Ommeren, Sedat Bilen, Niek Oosterbaan, Wesley Kroon, Martijn de Vree, Max Geraci, Plaisir Nzuzi, Kevin van Huit",1,156,89,0.48
Kaia Studios,1,83,18,5.27
Kaigan Games,1,1372,214,9.2
Kaigan Games OÜ,2,4645,548,2.11
Kaikalii,1,172,7,0.0
Kailang Fu,1,16,15,0.0
Kaili Gong,1,2,2,0.0
"Kainuu Museum, Kajaani University Of Applied Sciences, Finnish Museum Association, Clever Simulation Entertainment",1,10,1,0.0
Kaio Meris,1,566,58,3.37
Kairoscope,1,2,1,0.0
"Kairosoft Co.,Ltd",5,2318,293,5.846
Kaitec Games,1,50,9,0.0
Kaizen Game Works,1,3761,288,8.5
Kaj Forell Video Game Brand,1,52,19,0.0
Kajak Games,2,195,95,3.185
KakaoVX,1,11,13,0.0
KalaOh Games,1,31,25,0.0
Kalashot,1,12,0,0.0
"Kaleido, Inc.",1,20,13,0.0
KaleidoGames,3,176,27,0.6333333333333333
Kalvis,1,1,0,0.0
KamiCraft,1,2,0,0.0
"KamiEna, Katsumi Suenami",1,62,9,0.0
Kamichichi,1,270,42,0.0
"Kamil Andrzewski, Łukasz Tabaczkiewicz, Marcin Korzeniewski, Wojciech Ruciński",1,6,1,0.0
"Kamil Szczepanik, Bartosz Zajkowski",1,38,25,0.08
KaminGames,2,11,6,0.0
Kamina Dimension,2,339,91,1.225
Kamit Games,1,1,0,0.0
Kamyker,1,202,21,0.25
KanapaGames,1,3,1,0.0
Kaneda Games,1,3,6,0.0
Kaneva LLC,1,82,57,4.1
KangarooUnderlord,2,45,35,0.0
Kanselsprot Entertainment,1,3,0,0.0
Kaos Studios,1,680,321,2.92
"Kaos Studios, Digital Extremes",1,7787,4980,6.1
Kapitan,1,31,14,0.0
Kara Sokra,1,29,7,0.0
"Kara Stone, Parul Wadhwa, Andy DiLallo, Chris Kerich",1,25,1,0.0
Karabas_Studio,1,3,13,0.0
Karayel,1,12,13,0.0
Kardfy Studios,1,17,27,0.47
Karin Entertainment,1,108,21,27.23
KarjaSoft,1,61,32,5.33
Karlo Pavlovic,1,4,3,0.0
Karnage Gaming,1,100,223,5.45
Karol Mirowski,1,1,0,0.0
Karosu-Maker,2,113,19,0.0
Karsten Todnem,1,0,13,0.0
Kasaa Solution,1,175,116,2.7
Kasey Ozymy,1,504,33,0.25
"Kasper Kataja (kasbr), Johannes Lähteenmäki (dlooph)",1,4,6,0.02
"Kastriot Sulejmani, Brayden Myers",1,211,158,0.33
"Kastriot Sulejmani, Logan Gerrol",1,134,24,5.2
Katapult,1,1320,335,10.3
Katatema,1,109,11,6.05
Katauri,1,962,406,14.73
Katauri Interactive,2,2436,236,17.21
Katelyst,1,31,23,0.0
"Katie Moses, Sally Nguy, Andrew Purcell, Jessie Aniguid, Xinran Dongfang, Veenna San Felipe, Tyler Liddicoat, Garrett Chavez, Matthew Reed, Ali Zeynalov, Michael Engheta, Mason Taylor, Noah Lu, Angeleen Tan, Yash Dua",1,8,1,0.0
Katoa Games,1,49,17,0.0
KatsMakesGames,1,48,12,2.57
Katsudou Mangaya,1,85,45,0.0
Katta Games,1,19,9,0.0
Katus Game,1,70,9,0.0
Kavasoft,1,4,1,0.0
Kawaiisun Games,3,135,25,0.0
Kawaru Games,1,94,41,0.0
KayOverlord,1,0,1,0.0
KazahSLI,1,10,6,0.0
Kazakov Oleg,7,4659,1082,3.3728571428571428
"Kazarma (ex-Katapult), Les Kalifas",1,4,0,0.0
Kcfos,1,24,5,0.0
KeKaiXinLe,1,19,5,0.0
Kedexa,1,1,9,0.0
Kedronic UAB,2,8,0,0.0
Keen Games,1,1182,3226,5.07
Keen Games GmbH,1,18093,3593,25.4
Keen Software House,4,121145,18800,33.195
Keenan Kessler,1,6,1,0.0
Keep Spinning,2,1,3,0.0
Keep looking,1,0,2,0.0
Keffny Charles,1,1,5,0.0
Kehler Creations,1,18,0,0.0
Keinart Lobre,1,993,118,1.8
Kekitopu,1,46,1,0.0
Kel,1,181,50,0.0
Kelint,1,62,10,0.0
"Kelkafa Studios, Cardboard Sword Limited, Jet Stone Studios",1,72,44,1.5
Kelkosoft LLC,1,1,0,0.0
"KellenKyo, Instal Entretenimento",1,17,3,0.0
Kelobyte Oy,1,15,3,0.0
Kelsam,2,41,7,0.185
"Ken Henson, Tom Motz",1,9,9,0.0
Ken Koji,1,21,21,1.52
Ken Langella,1,2,1,0.0
Ken Watanabe,1,61,27,0.55
Kenisoft Game Studio,1,12,2,0.0
Kenkou Land,1,268,11,0.17
Kenneth A. Perrine,1,12,0,0.0
"Kenneth Caselli, Gianmarco Rocco",1,126,107,0.0
Kenney,2,320,43,0.0
Kenny Sun,3,389,42,0.84
Kenshin Game Studio,1,6,7,0.0
"Kenshin Game Studio, KGS2019",1,3,3,0.0
KeokeN Interactive,1,7421,956,5.3
Kepithor Studios,1,28,13,0.0
Kerberos Productions,4,1932,886,32.1875
Kerberos Productions Inc.,4,914,261,8.135
Kerim Kumbasar,5,1526,765,1.8059999999999998
KeroQ,1,1790,128,17.8
Kerry Batts,2,171,25,0.0
Kerry Fawdray,1,247,232,10.73
Kether Studio,1,181,39,1.25
Kevei Kristóf,1,16,1,0.0
Kevin  Ryan,1,50,7,4.97
"Kevin Hinker, Julia Daxenbichler, Simon Steiner, Jamie Nord, Martin Jenner",1,97,18,0.0
Kevin Paek,1,3,0,0.0
Kevin Ryan,1,1158,108,3.97
"Kevin Smeltzer, Azucena Nuñez",1,12,0,0.0
Kevin Wacknov,4,30,8,0.0
Kevin Yang Games,1,75,81,0.0
Kevin Zhang,1,109,22,0.0
KevinTheWolfy,1,30,18,0.57
Kew McParlane,1,332,26,2.2
Key Realm Studios,1,19,23,0.0
Key17 Games,1,8,3,0.0
Key17 interactive,1,613,271,5.57
Keybol,1,227,60,0.62
"Keybol, Iskander Aminov",1,79,34,3.58
Keyreal,1,21,5,0.0
Keys of Nine Entertainment,1,10,26,0.0
Keyue Game Studio,1,5,2,0.0
Khalil Hammouda,1,15,10,0.0
Khayalan Arts,1,94,46,0.0
Kheops Studio,3,849,390,4.256666666666667
Khokhlov,1,32,4,0.0
Khor Chin Heong,1,257,59,16.72
"Khramov Serhii, Pohrebnyi Dmytro",1,19,25,0.0
Khud0,1,30,2,0.0
KiKi,1,1,17,0.0
Kiary Games,1,662,88,8.27
KiberKreker,1,591,191,9.65
Kibou Entertainment,1,12,4,0.0
Kickbomb Entertainment LLC,1,61,9,5.32
Kid,1,32,36,0.0
Kid's Revolt,1,11,9,0.0
Kidalang,2,304,55,11.16
Kiddy,18,5851,3083,1.0655555555555556
Kids With Sticks,1,135,30,3.85
Kids up hill,1,8,24,0.0
Kieffer Bros.,1,169,5,2.52
Kiemura Ltd,1,107,40,2.6
Kiepska Spółka,2,106,20,1.485
Kikashi Online,1,1,0,0.0
Kikiwik Games,1,61,8,0.0
KillHouse Games,2,19666,1020,16.625
"KillPixel Games, Slipgate Ironworks",1,1958,688,3.12
KillZero Game,1,57,11,0.0
Killed Pixel Games,1,19,6,0.0
Killer Bee Software,1,147,12,0.0
Killer Bees Games,1,59,24,0.12
KillerPokeGames,1,146,55,0.43
Killerfish Games,3,7445,1490,32.38333333333333
Killmonday Games AB,2,29627,1476,5.82
Killspace Entertainment,1,49,29,0.68
Kiloo,1,3,5,0.0
Kilted Camel,2,299,79,1.69
Kim Laughton,1,31,10,0.0
Kimble Games,1,162,36,0.0
Kimeric Labs,1,52,12,6.77
Kimmo Lahtinen,1,70,18,0.0
Kind Cat Games,1,38,0,0.0
Kindermann Corp.,1,224,48,3.1
Kinderril,1,19,11,0.0
Kindly Beast,1,488,353,71.23
Kindman,1,272,102,0.0
Kindred Games,1,1047,73,10.5
Kinelco & Lone Elk Creative,1,632,468,1.03
Kinetic Games,1,736611,32168,38.6
King Crow Studios,1,17,1,0.0
King Deluxe,1,18,4,0.0
King Key Games,2,83,96,2.935
King Kong,1,0,2,0.0
KingChimp,1,5,0,0.0
Kingdom Games,3,190,89,6.6933333333333325
Kings of the Heroes,1,6,0,0.0
KingsIsle Entertainment,1,6721,1475,13.07
Kingsnake Games,1,3,0,0.0
KinifiGames LLC,1,136,290,2.48
Kinko Game Studio,1,1,0,0.0
Kinmoku,1,654,78,2.4
Kinsei Games,1,1,3,0.0
Kinto Games LLC,3,2128,457,2.02
KiokLI,1,14,2,0.0
KirUn,1,296,35,3.18
"KirUn, algamedev, Alexander M",1,58,5,1.47
"Kirakira monstars, WhitePowder",1,172,148,0.0
Kiririn,1,113,9,0.0
Kirisame Jump,2,121,26,0.0
Kirley Game Studios,1,34,5,0.0
Kirley Games,1,48,34,0.0
Kiro'o Games,1,231,117,3.53
Kisareth Studios,4,336,72,4.5925
KishMish Games,2,2754,575,7.415
"Kit Gardner, Sam Robinson, Holly Gardner, Jason Runkel, Tommy Yoder, Josh Perusse",1,29,10,0.0
Kite &amp; Lightning,1,295,20,0.65
Kite Games,2,7181,1826,12.0
Kitfox Games,4,7182,1684,4.1675
Kitsune Games,1,33,1,0.0
Kittehface,1,44,107,0.0
Kittehface Software,3,645,54,1.86
Kitten Fortress,1,3,4,0.0
Kitty Lambda Games Inc.,1,31,2,0.0
Kiulija Theater,1,10,0,0.0
Kivano,1,89,1,0.0
"Kiwiforge, Timothy Vincent",1,308,16,4.85
Kiyummi Games,1,230,20,0.0
Kiz Studios,3,178,197,27.37
Kizmet Rose,1,1,1,0.0
Klabater,2,5061,2820,21.560000000000002
"Klabater, Juggler Games",1,219,191,3.35
Klace,3,1320,247,4.873333333333334
Klastor Games,1,2,0,0.0
Klei Entertainment,11,757450,35131,20.522727272727273
KleskBY,1,802,136,0.0
Klick Ink L.P.,1,487,47,8.2
Klode,1,214,57,0.0
Klonk Games,1,3192,861,3.42
Kloonigames,1,969,157,0.98
Knife Edge Software,1,123,94,0.93
"Knightmare Games, Limited",1,25,3,0.0
"Know Such Luck, LLC",1,1,0,0.0
KnowWonder,1,155,50,0.05
Knuckle Cracker,5,11050,536,26.695999999999998
Knut Mueller,1,39,1,0.67
Knut Müller,2,66,18,24.575
KoS Studios,1,333,66,0.0
Koalabs,1,95,62,0.1
"Koboldgames, Daedalic Entertainment",1,1755,211,2.18
Kobra Studio,4,228,264,27.915
Kobsoft Kitti,1,967,113,0.0
Kochkin Dmitry,1,81,13,0.03
KodakYarr,1,3,0,0.0
Kodama Games,1,22,3,3.73
"Kodansha, Kodansha VR Lab",1,89,1,0.0
"Kodansha, Kodansha VR Lab, Lantis",1,53,6,0.0
"Kodansha, Polygon Pictures Inc., Lantis",1,96,4,0.43
Kodera Software,1,2759,195,17.07
Kodo Linija,1,73,7,0.0
Kodots Games,2,294,247,3.265
Kody Stone,1,38,57,0.0
Koei Tecmo,1,18314,1666,27.67
Koenigz,1,452,62,3.43
Kofi-S,3,89,7,0.0
Koi Productions,1,24,4,0.0
"KoiWare, LLC",1,69,43,0.0
Kokakiki,1,24,12,20.9
Koker_007,1,20,9,0.0
Kokoko Soft,1,510,65,14.77
Koksny.com,1,143,70,1.9
Kokua Games,1,221,192,0.68
Kokutou Umeboshi,1,278,77,4.27
KomBits Game Studio,3,261,73,2.6833333333333336
Komar Games,1,11,43,0.0
Kombinat,1,71,21,0.0
Komi Games Inc.,1,46,9,0.0
KomodoBit Games,2,63,23,0.0
Kompiler,1,0,1,0.0
Konami Digital Entertainment,5,53359,19979,60.748000000000005
"Konami Digital Entertainment Co., Ltd",1,767,750,21.1
"Konami Digital Entertainment Co., Ltd.",1,2600,1519,85.52
Konbu Mochi games,1,0,1,0.0
Konfa Games,2,5551,1314,3.84
Kong Orange,1,321,121,2.6
Kongmeng Yang,1,7,10,0.0
"Kongregate, Inc.",1,1843,1150,2.53
Konnichiwa Games,7,5310,951,0.9785714285714285
Konotoko,1,22,7,0.0
Konring Studio,1,4,2,0.0
Konrul Game,1,2,3,0.0
Konsordo,3,3174,1370,0.8066666666666666
Konstantin Koshutin,2,7301,1292,8.925
Konstantin Pilipaka,1,21,4,0.0
Konstantinos Katsoris,2,13,0,0.0
Konstructors,11,8960,987,8.56
Koodilab,1,0,7,0.0
Kool2Play,3,571,116,2.9166666666666665
Koopa Yao,1,1,0,0.0
Koraku,1,4192,198,13.5
Korean Linguistics Lab,1,513,28,3.15
Koreez,1,49,10,0.77
Kormishenkov Anton,2,53,26,2.5
"Koro.Games, Blacer Studio",1,26,4,0.0
KoromoSoft,1,139,19,0.0
"Korovkin Nikita, Filatov Igor, Lagunov Roman, Kristian Shatov",1,38,57,0.47
Korpus,2,228,30,1.3
KorteGames,1,116,17,0.17
Kortes,2,348,93,3.44
Koruka,1,39,4,0.0
"Kostas Batsakoutsas, Vasilis Vogkas",1,1,0,0.0
Kot in Action Creative Artel,1,218,145,2.3
Koto Games,1,38,5,0.05
Kottabos Games,1,6,0,0.0
"KoukouStudios, Faber Interactive",1,325,58,7.42
Kourov Vyacheslav,1,40,11,0.0
KovaaK Games,1,32776,2529,38.32
Kovalim,1,179,163,0.4
Kowai Sugoi Studios,1,388,38,0.85
Koya Game,1,54,43,9.28
Koyotis Studio,1,61,47,0.3
Kozhakov,2,10015,1191,0.25
Kraftix Games,1,104,19,0.0
Kraftmaru,1,52,11,0.12
Kraken Empire,1,85,29,5.92
Kraken Games,1,6,4,0.0
Kraken Ink.,1,22,1,0.0
Kraken Studios,1,162,39,0.0
KranX Productions,2,305,49,0.715
Krasnoshekova Mariya,1,3,2,0.0
Krax Games,1,14,2,0.0
Krealit,3,1667,646,2.6199999999999997
Krillbite Studio,4,28713,2890,6.85
Krin Juangbhanich,1,273,210,9.87
Krish Shrikumar,1,1119,73,3.23
Krispy Animation,2,170,24,0.0
Kristopher Poulin-Thibault,1,6,0,0.0
Kristopher Werlinder,1,8,3,0.0
Krisztian Blaha,1,0,1,0.0
"Kritzelkratz 3000, JoWooD",1,152,101,2.15
Krome Studios,6,5033,833,5.25
"Krome Studios, inXile Entertainment",1,1355,68,6.5
Kronecker Delta,2,23,24,0.0
Kronosaur Productions,1,187,26,20.95
Krylov Viktor,1,9,13,0.0
Krysle Quinsen,1,73,19,0.0
Krystian Majewski,1,466,215,0.23
Krzysztof Macias,1,0,1,0.0
Ktulhu Solutions,1,375,98,3.22
KuKo,9,1799,927,0.02
"KuKo, Mustella Games",3,121,42,0.0
Kubat Software,1,226,45,0.93
Kube Games,1,444,73,1.22
Kubikfoto GmbH,3,26,6,0.0
Kubold,2,6782,837,1.84
Kucing Rembes,1,584,61,2.75
Kucki,1,103,19,7.37
Kudosoft,1,3844,637,4.27
Kujirabo。,2,767,86,2.285
Kuju,1,356,336,4.82
Kukouri,1,991,224,0.87
Kukouri Mobile Entertainment,1,4910,1660,34.68
Kultured Dev,1,9,4,0.0
Kumkuat Games,1,168,240,0.28
Kumkwat Entertainment,1,8,4,0.0
Kumobius,1,771,43,3.02
Kuno Hoshiko,1,6,1,0.0
Kuno Interactive,1,74,112,3.42
Kunos Simulazioni,2,176273,14061,46.215
Kunpo Games,1,1616,46,2.88
Kurayami Yume Games,1,13,2,0.0
"Kure Software Koubou Co.,Ltd.",1,33,16,0.0
Kurechii,2,224,54,8.815
Kurenaibook,2,329,50,1.01
Kurisu no Patto,1,71,25,2.02
Kurlik Kurkil Studios,1,407,173,0.12
Kuro Irodoru Yomiji,2,276,34,0.0
"Kuro Star Light, Twisted Pixels",1,1,0,0.0
"Kurosh ValaNejad, Peter Brinson",1,20,0,0.0
KurowareLLC,1,5,4,0.0
Kurumi Works,1,228,37,0.0
Kuzcopia,1,16,8,0.0
Kwan,1,9,4,0.0
Kwebbelkop,1,147,87,0.48
Kwing works,2,326,90,17.485
"KxONE, Andrew Drumov, starmops",1,141,86,4.5
"KxONE, Starmops",1,29,22,0.27
Kyle Berger,1,26,3,0.0
Kyle Cornwell,1,1,3,0.0
Kyle Gilmore,1,13,3,0.0
"Kyle Harrington, Zach Jagoda",1,4,0,0.0
Kyle Muntz,1,11,2,0.0
Kyle Pulver,1,489,106,3.07
Kyle Rodgers,4,178,17,0.82
Kyle Seeley,3,39454,4533,6.34
Kyle Thompson,1,450,14,0.75
KyleR,1,63,5,0.0
Kylotonn,2,1346,1112,2.46
Kylotonn Entertainment,2,327,184,2.645
Kymera Games,1,3,5,0.0
Kyonbu,1,27,2,0.0
Kyrios Game Studio,1,6,1,0.0
Kyrylo Kuzyk,2,461,32,3.665
Kyuppin,1,190,28,0.53
Kyvos Studios,1,19,11,0.0
Kyy Games,4,2676,531,3.7625
K² Game Studios,1,9,4,0.0
Kény Bigny,1,3,0,0.0
L Twigger,1,500,68,13.68
L. Stotch,13,13487,1531,5.9630769230769225
"L. Stotch, Vladimir Soldatov",1,595,132,0.73
L2 Games,1,11430,954,6.52
L3O Interactive,1,281,194,21.4
L3fty Games,1,18,3,0.0
LAB132,2,28,6,1.075
LABASE Entertainment,1,22,7,0.0
LABS Works,1,1096,115,11.73
LAL,1,5,2,0.0
LAMBDADEV,1,19,7,0.0
LAME Dimension,1,733,24,7.63
"LAME Dimension, Flying Pudding Studios",1,78,4,0.0
LAMO LLC,1,65,40,0.0
LAN - GAMES LTD,1,1708,1678,12.05
LANCARSE,1,161,78,0.43
"LAND HO! Co., Ltd.",1,24,36,0.0
LAS Team,2,140,56,0.0
"LA\VA, Nicolai Clemmensen, Gabriele Cirulli",1,149,23,27.68
LEAF TEAM GAMES,2,4,1,0.0
LEAF games and software,1,24,13,0.0
LEAP Game Studios,2,829,234,0.7899999999999999
"LEAP Game Studios, Hermanos Magia",1,175,21,0.0
LEEDONGLEE,1,12,3,0.0
LEGENDA Inc.,1,0,1,0.0
LEVEL5 Inc.,1,9019,1737,26.28
"LEVEL5 Inc., QLOC",1,3859,709,14.33
LFR games,1,4,1,0.0
LGT SIA,1,3,0,0.0
LGV,3,28,18,0.0
LHOTI,1,19,6,0.0
LI YANG,1,3,3,0.0
LIFE0,1,180,4,7.63
LIGA - Laboratório de Inovação de Games e Apps,1,66,31,0.8
LIKEMAD_GAMES/ツシマユキヒロ,1,42,1,0.0
LIMITED,1,8015,600,0.0
LINE Games Corporation,2,1584,290,1.69
LION HEART,1,287,28,3.27
LIONHEART GAMING,1,272,130,0.0
LIP制作组,1,11,1,0.0
LIQUID Softworks,1,26,5,0.0
LIU Daohuan,1,7,1,0.0
LIU HE,1,33,9,0.0
LIU TING,1,18,25,0.0
LKA,2,4624,1179,4.2
LKMAD,3,26,9,0.0
LLC Blini Games,2,843,317,7.135
LLC Intenzibne,1,212,99,0.97
LLC RIKOR IMT,2,1043,514,1.54
LNDFRR,2,57,9,0.0
LOMAY,1,14,10,0.0
LOOKSTEN,1,7,5,0.0
LORE NINE,1,3009,329,0.0
LOVIGAME,1,973,328,6.63
LQ-GAME,1,7,4,0.0
LR Studio,2,4693,323,1.9249999999999998
"LRDGames, Inc.",3,832,239,4.623333333333334
LT,1,169,34,0.0
LTG,1,2965,4326,124.53
LTTDY,1,867,63,3.6
LTZ,2,20,30,0.0
LTZinc,5,231,79,0.0
LU QI,3,160,44,1.3166666666666667
LUCKY GIRLS LIMITED,1,283,248,1.97
LUCKY STAR STUDIO,1,6,0,0.0
LUVI GAMES,1,225,39,0.0
LUXO Interactive,3,598,154,0.7600000000000001
LUZSTARDOM,1,35,13,0.0
LVGameDev LLC,1,3125,815,32.17
LW Games,1,84,45,0.0
LW.C,1,547,134,9.1
LWMedia,1,85,9,0.0
LWNA,1,2034,637,0.5
LYCORIS,1,886,68,6.65
LYS,1,3,2,0.0
"La Belle Games, ARTE France",1,244,46,0.1
"La Frontera VR, Zeppelin TV",1,47,24,0.0
La Moustache Studio,1,50,29,0.0
La Moutarde,1,835,71,5.22
La Poule Noire,1,100,23,0.0
LaPlace,3,53,45,0.02666666666666667
LaPlante Apps,1,2,0,0.0
LaPointe Joints,1,1,3,0.0
Lab Zero Games,1,2501,1017,9.2
Lab42,1,549,209,48.62
LaboRatStudio,1,1083,72,7.23
Laboratory Systems,1,278,78,3.43
Laborious Rex,1,5,1,0.0
Labory,7,1082,931,20.382857142857144
Labrador Studios,1,50,20,0.0
Labs Games,1,13,21,0.0
Labyrinthine,3,2040,734,3.72
Lached Up Games,1,125,3,0.0
Ladder Games,1,0,3,0.0
Ladia Group,1,35,6,0.0
"Ladomu, Angels Blue Digital Entertainment, DigitalEZ",1,743,68,7.98
Laedomanes's Developer,1,1,1,0.0
Lafterburn Studios,1,193,34,0.0
Lag Studios,1,13926,1072,1.83
Laina Interactive,1,731,257,1.82
"Laineus, 真符",1,76,9,0.0
Lama glama Game Company,1,2,1,0.0
Lame Jam,1,38,7,0.0
LameCat Studio,1,361,120,14.27
Lamina Studios,1,1647,584,4.97
Laminar Research,2,18271,1660,140.89999999999998
Lamplight Studios,1,37,10,4.02
Lampogolovii,1,21,1,0.0
Lan Yao studio,1,22,13,0.0
Lance Games,2,432,166,1.845
Land Patricio,1,65,19,0.47
Land Patricio - Space Indie Studios,1,19,8,0.0
Landauer Games,1,187,93,1.32
Landfall,6,269042,17121,9.375
Landfall West,1,114720,7938,7.38
Landon Podbielski,1,37172,1304,19.9
Lange Studios LLC,1,74,14,0.0
"Laniatus Games, Idea Fabrik PLC",1,588,561,4.9
Lanstrash,1,308,17,8.27
Lantana Games,2,27,8,2.315
Lantern Studio,1,1452,148,1.87
LanziVision,1,14,3,0.0
Lapioware,1,310,17,4.73
Lapovich,1,915,162,6.1
Lapovich Team,1,481,88,5.33
Lappi Soft,2,94,26,0.0
Laputa Labs,1,167,36,1.1
Large Visible Machine,2,38,24,3.51
Larian Studios,8,965009,38065,35.2925
Larkon Studio,1,471,343,4.27
LarkyLabs,1,173,11,0.0
Lars Pontoppidan,1,4,1,0.0
"Laser Beams & Particle Streams Software, Inc.",1,3,0,0.0
Laser Dog,1,164,53,1.82
"Laser Guided Games, LLC",1,1392,530,2.65
"Laser Ranch, Inc.",1,15,7,0.0
LaserWzzrd Games,1,45,22,0.0
Laserboys3000,2,346,41,0.19
Lasmelan,1,18,10,0.0
Lasso Games,1,163,31,1.65
Last Bastion Studios LLC,1,3651,3035,6.58
Last BeNeVoLeNcE,1,21,10,3.62
Last Boss 88,1,10,8,0.0
Last Day Of Work,3,320,305,2.6199999999999997
Last Day of Work,6,680,72,8.35
Last Dimension,2,423,136,7.945
Last Five,1,5,1,0.0
Last Howl,1,4,5,0.0
"Last Level, SOFF Games",1,115,50,0.25
Last Lotus,1,55,27,2.82
Last Quarter Studios,2,928,62,1.925
Late Leaf Games,1,36,25,0.0
Late Night Games,1,751,236,383.1
Latent Malice,1,0,1,0.0
Lateral Games,1,228,38,0.0
Laughing Fox Games,1,2,1,0.0
Laughing Jackal LTD,2,362,80,4.625
Laughing Machines,2,291,140,6.890000000000001
Laukaus Games,1,13,1,0.0
Laumania ApS,1,6454,209,17.05
Laundry Bear Games,1,969,384,2.47
Laura Shigihara,1,5629,219,4.87
Laurasia Chronicle,1,1,0,0.0
Laush Dmitriy Sergeevich,52,2443,1048,0.2544230769230769
Laush Studio,1,81,32,0.0
"Lava Flow Games, LLC",1,13,4,0.0
LavaMind,1,265,17,10.97
Lavaboots Studios,2,1997,628,4.285
Lavaflame2,1,17310,4406,201.43
Lawliet,1,390,229,0.58
Lawrence Russell,1,111,17,2.63
Layer Arcade,1,12,3,0.0
Layer games,1,9,2,0.0
Layopi Games,1,418,619,5.55
Layton Hawkes,1,51,2,0.0
Lazaros Dinakis,1,0,1,0.0
Lazernaut Media,1,24,4,0.0
Lazrool,1,45,3,0.0
"Lazy 8 Studios, https://lazy8studios.com",1,795,104,1.3
Lazy Bear Games,2,49707,8809,19.585
"Lazy Bear Games, Uroboros Games",1,1728,1460,10.63
Lazy Bum Games,1,78,100,0.02
Lazy Friday Studio,1,4,2,0.0
Lazy Gnomes,1,6,0,0.0
Lazy Kitty,1,110,26,0.0
Lazy Monday Games,2,1279,265,0.425
Lazy Turtle,1,26,5,0.0
Lazy Turtle Games,7,132,54,0.0
"La’cryma, YAMAYURI GAMES",2,403,110,2.515
Lcc,1,5,11,0.0
Le Cartel Studio,2,6689,885,5.595
Le Club des Sacs,1,71,6,0.0
Le Cortex,1,28,57,0.0
Le Faucheur Kevin,1,29,2,0.0
Le Quang Nhan,1,17,7,0.0
Le Studio Imaginaire,1,0,1,0.0
LeGrudge & Rugged,1,34,16,0.12
LeJunesArt,1,100,3,0.0
Lead Games,1,48,3,0.0
LeadFollow Games,1,83,42,0.87
Leaf,1,917,651,0.0
Leaf Boat Studio,1,65,40,0.0
Leafy Games,1,5020,558,12.23
Leaghorn,1,65,1,6.17
League of Geeks,1,12911,2848,21.47
Leakage Games,2,50,51,0.0
Leaning Tower Studio,1,28,2,4.53
"LeatherIceCream, LazyTomato, Madvertiz0r",1,45,1,0.0
Leckugan,1,2,2,0.0
Led,1,1,0,0.0
Lee Davidson,1,88,27,10.2
Lee Fuller,1,4,0,0.0
Lee Sang,1,259,133,3.77
Leenzee Games,1,78,34,15.82
Lefkos Savvides,1,4,0,0.0
Left Flank Games,1,1,3,0.0
Leg n Dairy Games,1,29,3,0.0
Legacy Productions,1,7,2,0.0
Legend Entertainment,2,35,17,0.015
Legend Studio,4,3979,1325,5.59
Lei,1,350,397,1.43
Leif Ian Anderson,1,171,6,43.08
Leikir Studio,1,49,11,7.0
"Leikir Studio, Cyanide Studio",1,1236,523,8.3
Leisure Police,1,39,23,5.53
Leiting Interactive,2,523,131,0.685
Leland Wilson,1,22,4,0.0
LeliaGames,1,6,6,0.0
Lemix game,1,81,47,0.0
LemoNeko Software,1,6,6,0.0
Lemon Curd Games,1,405,16,0.0
Lemon Moose,1,17,4,13.02
Lemon Squeezy,1,330,63,3.63
Lemondo Entertainment,1,89,111,0.38
Lemondo Games,1,1879,202,2.37
Lemonsucker Games,1,983,220,0.67
Lemuria,1,299,99,1.07
Lena Raine,1,97,1,0.0
Leo B,1,171,207,4.62
Leo Lipasti,1,4,1,0.0
Leon Aminof,1,25,17,0.73
LeonWaan Games,3,556,92,8.36
"Leonard Menchiari, Daniele Vicinanzo, Giulio Perrone",1,643,98,2.0
"Leonard Menchiari, IV Productions, Ivan Venturi Productions",1,1243,570,3.88
Leonardo Alexandrino,1,9,0,0.0
Leonardo M A Silva,1,4,1,0.0
Leonardo Zufi,1,34,4,0.0
Leonid Bazhanov,1,1,0,0.0
Les Crafteurs,1,303,10,0.92
"Les Produits Frais, ARTE France",1,37,9,0.0
LesLove.Club,1,31,11,0.0
Leslaw Sliwko,5,1177,194,2.5
Lesley Dodd,1,1380,458,3.88
Less Describable Games,1,58,12,0.0
Lesser Evil Games,1,244,121,3.95
Lesta Studio,4,561,547,6.6625
"Leszczynski D Joseph, Bazkreyol",1,1,0,0.0
Let it roll AB,1,273,55,48.07
Let's Go to the Grindhouse,1,10,10,0.0
Let's go to the Grindhouse,2,15,24,0.0
Leta Games,1,2,0,0.0
Lethal Raptor Games,1,1,0,0.0
LetmeDwight,1,58,35,0.0
Leturs Labs,1,14,10,0.0
Lev Gogol,2,62,86,1.2149999999999999
Levall Games AB,1,235,16,6.1
Level 11,1,29,7,0.0
"Level 9 Computing, PSS",1,7,0,0.0
Level 91 Entertainment,2,1586,267,1.33
Level 99 Games,1,201,80,0.0
Level Eight AB,1,128,3,5.92
Level Evil,1,64,43,0.0
Level One Games,1,27,5,2.5
"Level Up Labs, LLC",1,3297,163,13.02
Level-Buster Studio,1,219,116,0.0
LevelHead,1,3862,149,8.63
Leveler Games,1,11,1,0.03
"Levels or Lives, Super Fun Games",1,38,49,0.0
"Levi Isaac, White Rose",1,1,0,0.0
Levi Stoddard,1,10,3,0.0
Levi Voris,1,21,1,0.0
Leviathanimation,1,119,35,0.0
Lewibie,1,1,0,0.0
"Lewis Bergin, GorePixelGames",1,64,30,2.82
"Lewis Spalato, Andrew Spalato",1,6,1,0.0
Lex de Kogel,1,64,1,0.0
Lex4art,1,2,0,0.0
Lexip Games,1,22,19,0.0
Lexis Numérique,1,27,42,0.02
Leyline Studios,1,29,5,0.0
Li Changchun,1,19,11,0.0
LiLith,2,16000,3337,12.67
Liam Clift,1,1,1,0.0
Liam Doherty,1,59,10,0.0
"Liam Hughes, Ryan Cooper",1,40,9,4.12
Liam McMains,1,7,1,0.0
Liang Zou,1,12,0,0.0
Liar-soft,3,2287,79,4.756666666666667
"Liar-soft, Nekoday",1,157,24,0.0
Liber Primus Games,2,47,39,2.69
Libretro,1,7224,839,0.0
Lichanos,1,3,0,0.0
Lichthund,1,53,12,0.62
Lickbeans Interactive,1,22,27,0.0
"Liens, Power Up to Maximum",1,456,204,12.55
Lienzo,2,202,30,3.76
Life Forge Team,1,244,112,1.47
Life Jumb DT,1,72,7,0.0
"Life Jumb DT, MyDreamForever",1,5,10,0.0
LifeSpark Entertainment,1,62,19,0.0
Lifelike Studios,1,136,259,0.0
Liga Robotov,1,204,96,0.0
LigaGames,1,23,20,3.53
LighTea Fish Studio,1,477,25,0.6
Light,2,13,4,0.915
Light & Digital Technology,1,237,150,2.68
Light Arc Studio Ltd,2,93,7,0.0
Light Brick Studio,1,3303,666,1.52
Light Bringer Games inc.,1,9843,563,8.57
Light Echo,1,299,99,2.23
Light Era Studio,1,40,22,0.0
Light Game Studio,1,5,5,0.0
Light Road Games,1,71,27,0.0
Light Shock Software s.n.c,1,6,1,0.0
Light Soft,1,63,63,0.0
Light Step Games,1,34,8,0.0
Light Strategy Series,1,10,2,0.0
Light Studio | نقش الضوء,1,23,2,0.0
Light Vision Interactive,1,184,149,79.1
LightArrow Games,1,65,19,0.0
Lightbox Academy,1,148,16,0.0
Lightbulb Crew,2,4281,1096,3.5250000000000004
Lightfoot Brothers,1,58,9,0.0
Lighthouse Games Studio,4,8476,2864,1.3275000000000001
Lightmare Studio,1,230,91,4.92
Lightmare Studios,1,2675,792,16.9
Lightning Games,1,23,14,0.0
Lightning Man Media,2,285,346,3.74
Lightning Mark,1,13,5,0.0
Lightning Rock,1,45,18,5.7
Lightning Rod Games,1,93,25,0.0
LightningGames,1,14,23,0.0
Lights. Camera. Action!,1,113,32,0.0
"Lightshards, Abiding Bridge",1,120,2,0.17
LightsoutGames,1,340,98,5.18
Lightspeed Studios™,2,4686,759,0.41
Liitle Uncle Studio,1,0,2,0.0
Likely Games,1,52,3,0.0
Lil Hentai Games,6,11504,688,2.555
Lilkkgoog,1,28,13,0.0
LillyWelland Inc.,2,67,58,0.015
LillyWelland inc.,13,366,276,14.206923076923077
Lily Dehaudt,1,26,4,0.0
Limasse Five,1,3327,598,2.2
Limbic Entertainment,2,4705,3625,36.370000000000005
Limbic Entertainment GmbH,1,1031,684,1.73
"Limbic Entertainment, Realmforge Studios",1,23776,3415,36.45
Limestone Games,1,64,52,0.45
Liminal Games,1,97,150,0.23
Liminal VR,1,30,12,0.0
Limitcore.studio,1,0,6,0.0
Limited Games,1,204,20,7.23
Limited Input,1,44,78,0.0
"Limitless Fun, LLC",1,2,2,0.0
Limitless Ltd,1,43,25,0.12
"Limo Games, Broken Arrow Games",1,692,135,3.92
Limperopoulos Alfeios,1,14,4,0.0
Lin Meyer,1,21,3,0.0
"Lin Tang Yi, Tomato Power, Xiu",1,7,7,0.0
"Lin Tang Yi, Xiu",1,1,1,0.0
Lin Tao,1,3,1,0.0
Lince Works,2,14563,2280,6.925
Linclo Games,1,144,273,0.0
Lindero Edutainment,1,9,3,0.0
Lindsay LaPlante,1,20,0,0.0
Ling Games,1,49,3,0.0
Lingo Ludo,1,17,24,0.0
Lingon Studios,1,14,0,0.0
Lingrimm,1,2003,89,3.68
Lingtan Studio,6,2071,169,0.6050000000000001
LinkSolutions Ltd.,1,71,105,5.27
Linked Bits,1,4,0,0.0
Linked Dimensions,3,145,180,1.0566666666666666
Linked Squad,1,2023,130,5.62
Linkflag,2,155,102,0.185
Linkus Studio,1,96,42,0.23
"Linky317, Ori",1,22,0,0.0
Lino Slahuschek,1,3485,403,5.77
Linus Probert,1,2,2,0.0
"Lion Core, Magesoft",1,25,3,1.03
"Lion Games Co., Ltd.",1,11048,2901,78.88
"Lion Shield, LLC",1,27743,1972,15.23
Lion game Lion,1,1671,986,13.65
Lion's Shade,1,3723,541,16.52
LionAnt,1,8,14,0.0
LionSword,1,31,11,0.0
Lionbite Games,1,250,78,3.45
Lioncode Games,1,516,123,3.47
Lionhead Studios,2,19659,2674,12.7
Lionmoon UG,1,60,65,0.0
Lions Crayons Games,1,19,13,4.45
LionsArt,1,145,17,0.0
Liprix Games,1,0,2,0.0
"Liquid Bit, LLC, BumbleBear Games, LLC",1,503,43,11.47
Liquid Donkey Games,1,891,311,3.32
Liquid Dragon Studios,1,357,205,3.48
Liquid Entertainment,2,835,329,2.535
Liquid Flower,1,621,86,7.48
Liquid Pug,1,603,190,5.9
Liquid Sapling,1,9,0,0.0
Liqut,1,13,2,0.0
"Liron Peer, Roman Levin (Coldsteel48)",1,56,11,0.0
Lisa Voronova,1,72,20,5.28
Lite Microsystems,1,14,1,0.0
Lithic Entertainment Inc.,1,102,28,5.37
Litower Games,1,7,0,0.0
Little Beavers Games,1,89,73,0.0
Little Big Lee,2,1044,467,2.885
Little Big MMO,1,321,103,0.97
Little Black Book Entertainment,2,31,19,0.0
Little Blackbird Studio,1,8,2,0.0
Little Bot Studio,1,66,24,0.0
Little Chair,1,35,3,0.0
Little Chicken Game Company,2,628,105,0.0
Little Cloud Games,2,2341,303,3.9050000000000002
Little Denis Games,1,17,10,0.0
Little Dog Studio,1,12,5,0.0
Little Freedom Factory,1,12,47,0.0
Little Green Men Games,4,5907,2709,11.537499999999998
Little Maxima LLC,1,17,26,0.0
"Little Moth Games, Akupara Games",1,423,139,1.97
Little Orbit,2,28177,16646,20.375
Little Ricebowl,1,5,2,0.0
Little Robot Games,1,3,0,0.0
"Little Rock Games, indie.io",1,1377,678,22.22
Little Smart Planet,1,2,1,0.0
Little Stories,1,49,38,0.0
Little World Studio,3,72,57,0.06333333333333334
Little Worlds Interactive,1,112,3,4.83
Little_Amethyst,1,107,83,0.0
Little_Demon Studio,1,15,12,0.0
Littlefield Studio,1,5209,414,2.98
Littlewitch,1,102,26,2.12
Liujiajun,1,30,8,0.0
Live Aliens,1,9,0,0.0
Live Motion Games,4,3557,890,4.0375
"Live Wire, Adglobe",1,37155,2378,11.67
"Live in the Game, LLC Self",1,52,22,0.0
Livinskii Aleksandr,1,2,2,0.0
Liz-Arts,2,328,90,3.11
Lizard Hazard Games,2,196,42,1.06
LizardFactory,2,465,116,4.435
LizardKing,1,289,166,1.18
Lizardcube,1,2049,365,2.42
Lizardry,1,2179,262,4.33
Lizsoft,2,763,137,3.2
Llama Software,1,149,231,0.32
Llamasoft LTD,2,128,35,0.25
Llamasoft Ltd.,3,441,76,0.7666666666666667
Lled Games,1,18,0,0.0
Llyr ap Cenydd,1,103,28,0.83
Lo-Fi Games,1,93712,4423,70.75
LoadUpGames.com,6,11,14,0.0
Loadinc Entertainment,1,223,30,6.08
Loading Home,2,1481,177,4.515
Lobby Divinus,1,3115,194,6.82
Local Space Survey Corps,1,106,6,0.0
Lock 'n Load Publishing,2,534,109,2.54
"Lock 'n Load Publishing, Hexdraw",1,31,22,0.0
Locked Door Puzzle,2,1539,528,2.125
LockedOn,2,36,6,0.3
LockedOn Games,1,554,50,14.35
Lockpickle,1,200,5,3.43
Loco Motion Devs,1,531,65,0.37
Loco Road Team,1,36,24,0.0
"Locomalito, Gryzor87",1,539,92,4.02
"Locomalito, Gryzor87, Abylight",1,231,32,1.07
Locomotivah,2,236,166,0.05
Loft Sky Entertainment Inc.,1,3,8,0.0
Lofty Sky Entertainment Inc.,1,442,88,2.4
Log Games Ltd,2,44,2,0.0
LogLog Games,2,34,6,0.0
Logan Acree,1,17,11,0.0
Logan Apple,1,4,2,0.0
Logan Thatcher,1,108,22,0.0
Logic Artists,3,9678,1669,19.686666666666667
Logic Droid,1,9,9,124.93
Logic tree,1,11,10,0.0
Logitech Inc.,1,8,1,0.0
Logtown Studios AB,1,22,20,0.0
Loiste Interactive,1,2900,370,6.75
Lokator Studio,2,652,69,7.1
Lol,1,37,72,0.0
LolBozo,1,2,1,0.0
Lollipop Revival,1,38,16,0.0
Lommi Games Oy,1,1,0,0.0
Lone Data Studios,1,0,1,0.0
Lone Hero Studios,1,67,46,1.38
"Lone Pine Games, LLC",1,280,185,0.28
LoneDev,1,62,7,0.0
Lonekite Games,1,34,8,0.0
Lonely Bear Studio,1,5,4,0.0
Lonely Boy Studio Inc.,1,83,14,0.0
Lonely Frontier Studio,1,33,6,0.0
Lonely Troops,10,9975,1097,3.778
LonelyOcelot,1,2,0,0.0
Long Division LLC,1,30,7,0.0
Long Hat House,1,945,226,3.15
Long Neck Games,1,41,12,0.0
Long Nguyen,1,5,1,0.0
Long Qi  Software Technology,1,236,271,0.0
Long Wing Studio,1,166,21,0.0
LongWu,1,92,62,0.23
LongYou Game Studio,1,2669,1129,16.83
Longbow Games,4,1365,305,6.3275
Longest Road Studio,1,1,0,0.0
Longplay Games,1,18,0,0.0
Longplay Studios,1,3782,215,55.75
Longxi Zhao,1,40,2,0.0
Lonhong Team,2,145,33,0.0
Look Book Inc,1,1439,104,12.3
LookPeople,1,11,8,0.0
Looking Glass Studios,3,5508,406,6.896666666666666
"Looking Glass Studios, Nightdive Studios",1,1946,226,5.1
Looksten Inc.,1,1,1,0.0
Loomus Games,1,34,7,0.02
Loony Code,1,1,0,0.0
LoopGame,1,2,3,0.0
Loophole Interactive,1,234,46,0.75
LoopyMood,1,396,82,2.22
LooseScrew Games,1,15,8,0.0
Loot Inside,2,54,24,0.125
Looterkings,1,341,127,5.57
Lorag Games,1,173,36,0.17
Lord Eglathia,1,7,5,0.0
Lord Imperio,1,10,2,0.0
Lord Puggington Games,1,31,22,2.38
Lord of the Stack,1,28,10,0.0
Loren Lemcke,2,2281,288,2.74
Lorenzo Bellincampi,1,13,2,0.0
Lorenzo Entertainment,1,85,161,3.18
Loria,1,231,45,0.52
Lornyon,1,109,11,0.0
Lose,4,8951,253,43.599999999999994
Loser/s,1,799,38,2.67
Lost Astronaut Studios,3,21,8,0.0
Lost Bazaar developers,1,6,0,0.0
Lost Decade Games,2,351,144,3.55
Lost Machine Games,1,84,7,0.0
Lost Marble,1,64,10,0.17
Lost Pilgrims Studio,2,1355,259,2.165
Lost Rabbit Digital,1,14,3,0.0
Lost The Game Studios,1,17,5,0.0
Lost Tower Games,1,119,53,2.83
Lost Toys Ltd,1,109,10,14.95
Lost in Days Studio,1,1662,43,33.77
Lost in the Garden,1,49,12,0.0
LostOneTeam,1,3399,471,8.83
Lostwood,1,547,140,7.02
Lot10Games,1,8,2,0.0
Lothar May Games,1,15,2,0.0
Lotte|EoD,1,41,27,0.0
Lotus Games,1,9,1,0.0
Lotus GamesTr,1,4,5,0.0
Lotus Innovations,1,54,24,6.33
Lotz,1,30,5,0.0
Lou Bagel,1,11,1,0.0
"Loud King Studios, LLC",1,5,2,0.0
Louie Inc,1,48,37,0.0
Louie Waynward,1,6,0,0.0
Louis Protano,1,4,0,0.0
Louis Rigaud,1,1105,141,5.18
Louis Rochette,1,4155,268,18.18
"Louka Lemire, William Harvey",1,5,2,0.0
"LouveSystems, Rackover",1,3,0,0.0
Love Conquers All Games,4,3159,340,2.4825
Love in Space,5,4588,573,18.404
LoveGame,1,17,9,0.0
Lovely Games,10,7600,1951,1.048
Lovely Pretty Ultra Loving You,1,92,75,1.12
LoverGame Studio,1,24,3,0.0
Loveshack Entertainment,1,2718,202,2.38
Lovixsama,1,21,4,0.0
Low Magic Studios,1,2842,342,22.67
Lowe Bros. Studios LLC,1,290,55,24.23
Lowpoly Interactive,1,59,45,0.0
Loxodonta,1,7,1,0.0
Lozange Lab,1,32,6,0.0
LuGus Studios,4,11609,718,6.71
Luamar Games,1,36,5,0.0
"Lub Blub, International Headquarters",1,72,14,0.0
Lubiterum,1,60,38,2.07
"Luc Bernard, SilverSphereStudios",1,17,60,0.17
"Luca ""Fox"" Giovani",1,7,2,0.0
Luca Favano,2,14,8,0.0
Lucas Liles,1,3,2,0.0
Lucas Lima,1,17,3,0.0
Lucas Lopes Baroni,1,3,7,0.0
Lucas Molina,2,398,191,0.525
"Lucas Parise, Mind Flayer Studios",2,39,28,2.5199999999999996
Lucas Pope,2,100261,2942,8.290000000000001
Lucas Rizzotto,1,12,2,0.0
LucasArts,22,48245,6637,3.7677272727272726
LucasGame,1,24,46,0.0
Lucasfilm,1,856,39,2.55
Lucasfilm Games,2,290,40,0.6749999999999999
Lucasfim,1,335,100,4.0
Lucian Hardner,1,56,42,0.22
Luciano Pereira,1,2,1,0.0
Lucid Dream,1,44,7,0.0
Lucid Dreaming,1,3,3,0.0
Lucid Dreams Studio,1,23,4,0.0
Lucid Games Ltd,3,189,72,0.0
"Lucid Games, Aspyr (Linux)",1,1369,157,6.37
"Lucid Sight, Inc.",2,362,197,0.42
Lucid Silence Games,1,5,4,0.0
Luckshot Games,1,21,7,0.0
Lucky Frame,3,246,396,2.94
Lucky Pause,1,1092,301,1.38
Lucky Pikinini,2,7,3,0.0
Lucky VR Inc.,1,5700,1442,5.15
Lucy's Playground,1,3,0,0.0
Ludact,1,13,3,0.0
"Ludeme Games, Sirlin Games",1,56,60,0.07
Luden.io,5,7912,903,2.618
Ludeon Studios,1,206216,4301,274.6
Ludic Studios,1,2664,125,2.3
Ludicrous Games,1,16,1,0.0
Ludipe & Friends,1,49,6,0.0
Ludo Land,2,378,87,0.525
LudoCraft Ltd.,1,416,266,2.87
Ludochip,1,360,122,0.27
"Ludometrics, Ltd.",1,2,1,0.0
Ludomotion,1,607,105,4.45
"Ludopium, ARTE France",1,293,12,0.88
Ludosity,7,5973,557,3.35
"Ludosity, Fair Play Labs",1,3942,1615,6.82
"Ludosity, Remar Games",2,3232,108,1.26
Ludovic Lafferayrie,1,38,9,0.9
Ludus Studio,1,18,1,4.47
Ludvig Larsson,1,7,12,0.0
Ludwig van Beethoven,1,2,13,0.02
LuftWaffel,3,99,25,0.0
Lufthamn,1,3,0,0.0
Luis Antonio,1,5394,2011,4.35
Luis G. Bento,1,6,2,0.0
Luis Pedro Lopez Perez,1,2,0,0.0
Luis R. Gamboa,1,4,6,0.0
Luis Ruiz,1,29,7,0.0
Luiz Felipe Da Silva Marian,2,8,6,0.0
LukPlus,1,40,5,0.05
Lukas Jaeckel,1,124,32,4.53
Lukas Navratil,1,489,204,2.83
"Lukas Paul, Gabriel Mittermair",1,118,26,0.28
LukasH,1,66,39,0.0
"Luke Dodds, Midnight Forge LTD",1,54,88,4.45
Luke Godfrey,1,42,8,2.85
Luke Sanderson,1,20,5,0.0
Lukewarm Media,1,4462,1371,6.93
"Lukáš Osouch, Petr Čermák",1,33,3,0.0
Lululu Entertainment,2,120,10,0.0
Lumatap LLC,1,2,0,0.0
Lumbernauts,1,1003,90,4.35
Lumen,2,15,7,0.0
Lumen Section,1,74,16,2.65
Lumenox ehf,1,93,41,2.35
Lumiere Studios,1,196,74,0.7
LuminEye Limited,1,16,3,0.0
Luminark,2,29,69,0.1
Luminawesome Games Ltd.,1,86,7,6.07
Luminescence Interactive,1,63,4,0.0
Luminous,3,5165,625,44.92333333333334
Luminous Games,1,5,2,0.0
"Luminous4D, LLC",1,4,3,0.0
Luminy Studios,1,164,257,0.85
Lump of Sugar,2,539,41,11.55
"Lump of Sugar, HIKARI FIELD",1,2295,125,12.42
Luna Apps,1,24,2,0.0
LunaBeat,2,73,15,1.115
"LunaBeat, Scott Adelman Apps Inc",1,3,2,0.0
LunaRolexLer,1,13,1,0.0
LunaSoft,1,105,30,0.0
Lunacy Indeterminate,1,5,0,0.0
Lunagames,1,17,16,0.0
Lunar Collapse,1,4,0,0.0
Lunar Giant,1,255,162,3.5
Lunar Great Wall Studios,2,204,72,0.0
Lunar Labs,1,39,45,0.1
Lunar Madcap,1,7,0,0.0
Lunar Ray Games,1,2494,412,5.13
Lunar Rooster,1,567,93,6.43
LunarCore Games,8,116,61,1.5474999999999999
LunarPixel,1,11,1,0.0
Lunarch Studios,1,970,217,7.08
Lunarhellgames,1,13,14,0.0
Lunaris Games,1,107,51,1.08
Lunatic Pixels,1,37,6,7.92
Lunatic Works,1,246,22,0.0
"Lunchtime Studios, LLC",1,32,29,3.53
Lunheim Studios,1,124,79,1.85
Luoriver studio-洛神游戏工作室,1,295,75,0.55
Lupan Artiom Oleg,1,21,19,3.08
Luper,1,16,4,0.0
Lupiesoft,2,373,63,3.06
Luski Game Studio,1,884,65,0.0
Lussels,1,63,34,0.0
Lusus Digital,1,3,3,0.0
LuteGames,3,44,10,0.0
Luven Interactive LTD,1,68,23,0.0
Lux Games,1,29,6,0.0
Lux Science,1,1,2,0.0
Luxorix Games,1,162,66,1.07
"Lv Yannan, Sun Xin, Zhang JianHui",1,2,5,0.0
Lychee Game Labs,1,2479,168,2.87
LydGameStudio,1,2,1,0.0
"Lyniker, Developer Squad",1,1,0,0.0
Lyon Beckers,1,6,0,0.0
Lyra Creative,1,807,24,4.0
LyraVR,1,21,4,0.0
Lyrelark,1,5,1,0.0
Lyrical Games LLC,1,81,66,0.0
Lys Tek,1,0,1,0.0
Lyubomir Vasilev,1,2,1,0.0
L³,1,304,13,0.0
Léo-Games,2,116,26,0.025
"L＆K CO., LTD",1,59,59,0.0
"L＆K Co., Ltd.",2,284,134,0.465
M,1,4,0,0.0
M. Hanka,4,1659,377,2.7125
M. Wenzel,1,3,1,0.0
M. games,1,3,1,0.0
"M.R.S., π studio",1,2,11,0.0
"M2 Co.,LTD",4,921,129,3.25
M2H,3,2095,422,5.223333333333334
M36 Games,1,542,68,0.8
M3M Games,1,194,95,0.0
M3NOS Games,1,1,0,0.0
M58,1,0,2,0.0
M9 Games,1,27,15,0.0
MABE Play,1,4,1,0.0
MABManZ,1,49,15,0.67
MACKINN7,5,150,18,0.0
MAD Dev Studio,1,4,0,0.0
MAD Sprouts,1,536,178,1.23
MAD Studio,1,3,3,0.0
MAD Virtual Reality Studio,1,645,197,3.48
MADSKILLZGAME,1,13,17,0.0
MADia Entertainment,1,69,32,2.07
MAGES.,1,1099,96,8.4
MAGES. Inc.,15,39053,2323,9.019333333333332
"MAGES. Inc., 5pb",1,58,11,0.0
"MAGES. Inc., 5pb.",4,974,196,3.3674999999999997
"MAGES. Inc., 5pb., Experience Inc.",2,208,80,1.35
"MAGES. Inc., GameLoop Inc.",1,184,65,8.57
MAGICS,1,211,234,0.82
MAGame,1,20,21,0.0
"MAMMOSSIX Co., Ltd.",2,22,10,0.0
MAMMOTH,1,13,3,0.0
MAS,1,25,18,0.0
MATANGA GAMES,1,24,28,0.0
MATER,1,5,2,0.0
MAXIMUM HEART GAMES,1,2,3,0.0
MB aka FRANK,1,5,3,0.0
MBL Development,1,94,121,1.63
MC Games,2,332,195,0.0
MC2,2,300,232,0.775
MCA Games,1,1,0,0.0
MCGame,2,87,86,0.15
MCGames,1,39,30,0.0
MCL,1,3,0,0.0
MD Games,1,162,92,1.75
MD Studio,2,107,10,0.0
MDA Digital,1,41,25,0.0
MDickie,2,343,37,0.585
MEGAFUZZ,1,968,307,3.5
MEGALODON games,1,2,1,0.0
MELPYA,1,3,5,0.0
MERJ Media,1,158,20,51.08
MEWSTURBO,1,12,2,0.0
MFAFB Games LLC,1,12,9,0.07
MFC,1,52,13,0.0
MGAME Corporation,2,273,163,0.545
MGP Studios,2,608,144,2.9
"MGP Studios, Solid9 Studio",1,341,74,0.28
MICROCHELIK5000,1,99,14,0.0
MINBEKKER,1,9,0,0.0
MING YEN WU,1,36,13,0.0
MINO ENTERTAINMENT INC,2,67,37,0.0
MINOVATE HONG KONG LIMITED,1,2519,1835,9.3
MIPODAS DIGITAL STUDIO,1,32,13,0.0
MIRAGE VR,1,98,18,0.0
MIROWIN,3,731,128,1.05
MIYA's GAME,1,1,1,0.0
"MIYAKOpubl, 株式会社ビットグルーヴ",1,3,0,0.0
MInerva Interactive,1,4,0,0.0
MKD games,1,4,15,0.0
MKDB Studio,1,20,13,0.0
MKSM Design LLC,1,169,46,0.68
MLB,1,199,127,0.0
MLB.com,2,112,145,1.465
MMEU,2,275,179,1.65
MMG Company,1,4,1,0.0
MN,1,99,19,0.38
MOBITECH LLC,1,16994,8906,12.92
MOBSoft Funstuff Inc.,1,10,3,0.0
MOCBJ Software,1,21,14,6.0
MOKKOGRAD,2,43,1,0.175
MONKEY WRENCH STUDIO INC.,1,2,3,0.0
MONKEYCRAFT Co. Ltd.,1,5615,406,3.88
MONOCOOL,1,6,3,0.0
MONTE GALLO,1,30,3,0.0
MOONBEAR,1,199,41,0.57
MOONSTONE,2,678,70,4.445
MOR Museum Inc.,1,382,42,6.45
MOSQUITO COCKTAIL LTD,2,16,0,0.0
"MOSS Co., Ltd.",2,601,289,1.465
MOTIONX STUDIO,1,129,38,0.0
MOTIVE,1,17756,9298,6.78
MP Game Studios,1,9,22,4.1
MPC VR,1,25,4,0.0
MPS Labs,2,56,9,0.1
"MPS Labs, MicroProse",1,207,22,0.18
MPixels,1,14,2,0.0
MR-Software GbR,1,11270,1923,194.73
MS GAMES,1,354,333,0.0
MSOFT,1,73,56,0.0
MSOL,1,147,34,0.0
MT Worlds,2,285,135,2.9
MTR,1,141,52,7.58
MUIFWEGO,1,273,67,1.87
MURA Interactive,1,229,65,3.5
MUZEGATE TEAM,1,1,3,0.0
MV Games,1,1,1,0.0
MVGames,1,1,2,0.0
"MWN TECH.,LTD",1,2,1,0.0
MX Nice Game,1,20,16,0.0
MY.GAMES,4,71160,38436,23.494999999999997
Ma,1,24,14,0.0
Ma Ge Game,1,11,19,0.0
Ma Ma Software,1,18,1,0.0
Ma Tang Ying,1,0,1,0.0
Ma-mu-i,1,13,0,0.0
MaGames,1,4,2,0.0
Macao Science Center Limited,1,10,4,0.0
Maccima Games LLC,1,886,462,6.37
Machine 22,3,434,205,1.6066666666666667
MachineGames,3,106536,15243,13.356666666666664
"MachineGames, Arkane Studios",1,6360,8083,8.62
MachineSpirit,1,11,25,3.15
"Machineman1357, Phanom Games",1,3,11,0.0
Maciej Kuzianik,1,1032,200,3.02
Maciej Targoni,5,14706,581,1.35
"Maciej Targoni, Hamster On Coke Games",1,592,87,0.52
Macrales Studio,1,36,5,0.0
"Mad Capacity, LREVG",1,46,20,3.28
Mad Data,6,78,51,0.0
Mad Devices,1,126,36,0.0
Mad Fellows,1,761,154,3.02
Mad Goblin Games,1,121,8,4.07
Mad Head Games,4,2474,1481,19.965000000000003
Mad Jackal Games,1,15,1,0.0
Mad Kraken Studios,1,4,0,0.0
Mad Labyrinth Studios LLC,3,415,267,31.96666666666667
Mad Mimic,2,1505,187,6.085
"Mad Mountain Studios, Professor David Lopez, Jordan Zimmer - Executive Producer, Miles Zimmer - Producer, Murphy Buck - Creative Director, Dylan Rose - Art Lead, Joshua Mariscal - Design Lead, Scott Hawley - Engineering Lead, Kat Underhill - ",1,2,0,0.0
Mad Orange,1,218,115,2.85
Mad Otter Games,2,2153,1332,0.99
Mad Ram Software,1,443,407,2.32
Mad Triangles,1,67,19,0.27
Mad Unicorn Games,2,32,12,0.0
Mad Vulture Games,2,14,6,0.0
Mad-Data  Games,1,5,3,0.0
MadAboutGamesStudios,5,137,165,2.582
MadAnt Games,1,1,0,0.0
MadCat Studios,1,4,0,0.0
MadCow S.r.l.,1,1027,194,7.75
MadData Games,1,6,2,0.0
MadFrogGames,1,2,0,0.0
MadGearGames,1,74,25,4.02
MadGoat Studio,1,194,91,0.85
MadHoundGames,1,13,14,0.0
MadLab Games,1,1,2,0.0
MadLife Divertissement,1,44,11,0.0
"MadMinute Games, Norb Software Development LLC",1,73,5,1.38
MadMozer,2,31,5,0.0
MadOptimist Games,1,5,18,0.0
MadOut Games,2,3442,1314,3.0
MadRock,1,133,61,0.0
MadSushi Games,1,736,309,1.93
Madar Games,1,17,24,0.0
Madbox Entertainment,2,228,205,3.59
Madbyte Games,1,5310,2285,24.05
Madcat Games,1,850,61,56.17
Madcraft Studios,1,88,21,5.25
Maddnuss Games,1,23,59,0.0
Maddox Games,1,57,34,2.32
"Maddy Makes Games Inc., Extremely OK Games, Ltd.",2,120781,3231,12.524999999999999
Made From Strings,1,31,3,0.0
Made of Bits,1,174,7,0.15
MadeOfDinosaurs,1,3,1,0.0
Madia Entertainment,1,80,43,2.43
Madirex,1,23,3,0.0
Madison Karrh,2,1219,44,0.475
"Madit Entertainment, Daring Touch",1,188,10,0.0
Madmind Studio,3,9527,3595,2.6133333333333337
Madmind Studio: After hours,1,18,7,0.15
Mado,1,53,5,0.0
Madowl Games,1,18,5,0.0
Madruga Works,2,22704,4245,33.04
Maestro Cinetik,2,164,18,5.15
Maestro Games,2,86,31,0.0
Maetdol Games,1,216,27,10.82
Maffin,1,39,15,0.0
MagdalenaTeam,1,144,193,3.72
MageLoop,1,5,1,0.0
Magenta Factory,4,2924,699,5.155
Maggese,1,392,72,0.77
Magic,1,29,38,0.0
Magic Chopstick Games,1,21,2,0.0
Magic Cube,1,106,30,0.0
Magic Design Studios,1,710,227,6.83
Magic Dog Studios,1,11,7,0.0
Magic Dragon Studios,1,12,4,0.0
Magic Fountain Studio,1,10,1,0.0
Magic Item Tech,2,150,24,1.46
Magic Notion Ltd,2,1847,85,4.705
Magic Pie,1,3,5,0.0
Magic Pixel Kft.,1,1345,311,3.6
Magic Sandbox,1,207,136,0.98
Magic Tavern,1,102,28,0.4
Magic and Mirrors,1,101,40,0.0
MagicBenchVN,1,349,50,0.0
MagicBook,1,72,39,0.0
MagicFoxG,1,6,0,0.0
MagicHouse,4,295,210,2.1825
MagicIndie,6,919,250,1.3566666666666667
Magical Hackers,2,8,4,0.89
MagicalTimeBean,2,1086,47,5.7
Magicbane,2,21,9,5.015
Magicvalley Studio,2,22,29,0.0
Magiko Gaming,1,215,109,3.75
"Magisterion, 3Dever",1,15,13,1.5
Magitech Games,1,5,7,0.0
Magnesium Ninja,1,300,24,0.0
Magnetic Realms,1,49,75,0.0
Magnolia Art,2,2265,216,4.16
Magnus Ander,1,472,96,3.02
Magnus Games Studio,1,1121,881,10.17
Magyu Studio,1,393,27,0.0
Mahdi Bahrami,2,604,32,2.0700000000000003
"Mahelyk, TheClassifiedX",1,221,103,0.82
"Mahhaon, Art-Arcade, Sun Pixel",1,93,114,3.83
Mahn-In Studios,1,17,0,0.0
Maick Paim,1,22,1,0.0
Maiden Gaming Inc.,1,3275,2742,11.82
Main Quest,1,4,3,0.0
Mains Digitales Interactive,1,118,53,1.83
Major Games,1,101,85,3.83
Majorariatto,3,4006,502,5.726666666666667
Make Real,1,49,11,0.0
"Makee, Forever Entertainment S. A.",1,78,106,0.0
Maker Games,1,4,25,0.0
Maker製造機,1,166,43,0.0
MakhamDev,1,7,3,0.0
MakinGames Ltd,1,108,39,0.68
Makivision,1,2,0,0.0
Makivision Games,5,73,21,0.0
Makopaz,1,464,149,0.0
Malfador Machinations,6,615,187,3.313333333333333
Malicious Tree Games,1,4,1,0.0
Malignant Potato,1,34,13,0.0
"Maloke Games, Marcelo Contador",1,31,6,0.0
Maltakreuz,1,59,23,1.88
"Maltakreuz, Goodsir",1,55,46,3.52
MalysterSnur,1,7,0,0.0
Malzbie Games,1,144,38,4.63
Mambo Dancing Shrimp,1,6,1,0.0
Man-Eater Games,2,72,16,0.865
Mana Games,4,1422,173,61.5275
Mana Potion Studios,3,6824,1101,7.0
Mana Tea Games,1,23,9,0.0
Mana Wings,1,66,59,9.27
ManaVoid Entertainment,1,159,79,2.32
Manalith Studios,1,42,5,26.08
Manatea Entertainment,1,45,5,0.0
Mandese Games,1,31,3,0.0
Mandragora,3,4302,1374,3.25
"Mane6, Inc.",1,3606,851,5.02
"Manekoware, Fire Hose Games",1,282,4,7.08
Manfromstars,1,22,3,0.0
Mango Protocol,2,1343,117,2.0
Mangobile,1,15,0,0.0
Manic Game Studios,1,301,133,2.4
Manic Hyena,3,1330,158,1.1566666666666665
Manic Mice,2,10927,1849,2.715
Manipulation Machine,1,189,128,0.0
Mannequin Games LLC,1,593,729,0.88
"Manon Carrier, Jean-marc Vanbalberghe, Arnaud Vanbalberghe",1,97,4,0.0
Mantaliss,1,2048,1370,3.22
Mantis,1,80,16,0.0
Mantis Games,1,69,179,3.6
"Mantis-Eye Labs, LLC",1,13,1,0.0
Mantisco,1,761,529,8.63
Manuel Moos,1,189,10,0.0
Manuel Pasamontes Romera,1,9,1,0.0
"Manuel Pazos, Daniel Celemín",1,245,42,0.77
Manuel Schenk Games,2,45,10,0.0
Manufacture,1,286,42,9.5
Manufacture 43,1,71,6,0.0
"MaouCat Studio / 魔王貓工作室, Sounding Stone / 老奉毊",1,30,5,0.0
Maple Powered Games,1,266,240,4.57
Mapledev,1,16,2,0.0
Maqna Interactive Ltda,1,34,16,0.0
Maraby,1,98,60,0.1
Marafigo Games,2,11,7,0.0
Maratus,1,68,13,0.0
"Maratus, Homecoming Studio",1,69,10,0.0
"Marauder Interactive, LLC",1,1715,193,1.92
Marc Ellis,1,77,17,3.25
Marc Kletz,1,11,3,0.0
Marc Zimmermann,1,541,79,0.37
"Marcel Eissens, VRROOM Ultimate VR Experiences BV",1,100,47,5.13
Marcelo Aparecido de Almeida Junior,1,6,3,0.0
Marcelo Barbosa,2,1030,107,1.975
Marcin Borkowski,1,74,121,0.0
Marcin Dzienniak,1,88,28,2.5
Marcin Gardyjan,1,10,0,0.0
"Marcin Jarkiewicz, Mateusz Jarkiewicz",1,4,2,0.0
Marcin Mikołajczyk,1,15,20,0.0
Marcin Priachin,1,2,0,0.0
Marco Amadei,5,10520,1639,4.472
"Marco Amadei, Riccardo Ricci",1,3,2,0.0
Marco Braun,1,3,1,0.0
Marco Games,1,8,11,0.0
Marco S Hampel,3,158,70,0.0
"Marco S Hampel, Matthew Reeves, Shivvan Kajaria, William Lu",1,4,2,0.0
Marco Tancredi,1,7,13,4.85
Marcos Game Dev,1,35,0,0.0
Marcotte,1,3,0,0.0
"Marcus Allard, Fredrik Öberg",1,20,2,0.0
Mardonpol Inc.,1,86,174,6.65
"Mareffy, Mareffy's games",1,5,0,0.0
Marevo Collective,1,1910,277,2.62
Marginal act,4,50,40,0.0
Marginalact,1,4,6,0.0
MariLuzaria,1,80,24,0.0
Mariano Jar,1,22,1,0.0
MarineVerse,1,25,7,0.0
Mario Ariano,1,17,0,0.0
Mario Murkl,1,8,2,0.0
Mario Papadopoulos,1,70,35,0.0
Mario Roberto da Silva,1,4,2,0.0
Mario Scarfone,1,2,4,0.0
"Mario von Rickenbach, Michael Frei",2,5744,1088,0.55
"Mario von Rickenbach, Playables",1,158,78,0.85
Maris Ozols,2,58,4,0.0
Mark Arenz,1,6,3,0.0
Mark Craigie,1,16,6,0.0
Mark Fassett,1,45,19,0.0
Mark Healey,1,91,30,0.72
Mark J. Lovegrove,1,59,46,2.42
Mark Lara Devs,1,51,8,0.0
Mark Luttrell,1,68,19,0.0
Mark Radocy,1,46,2,0.0
MarkV,1,1,1,0.0
Markus Döbele,1,39,23,0.0
Markus Fick,1,12,36,0.0
Markus with friends,1,45,17,0.0
Marmalade Game Studio Ltd,4,8350,1988,6.3825
MarpleGames,1,1210,117,296.28
Marquet,1,81,53,0.0
Marquis Kurt,1,2,0,0.0
Mars Ashton,1,5,0,0.0
Mars Industries,1,1,0,0.0
Marsbound,1,19,5,0.0
Marshall Latimer,1,23,24,0.0
Martijn Folmer,1,14,1,0.0
"Martin Bartsch, Stephanie Senjuty Bartsch",1,65,26,0.0
Martin Bauer,1,1,3,0.0
Martin Ivanov,1,1802,209,20.17
Martin Kutlak,2,28,4,0.0
Martin Mitov,1,6,1,0.0
Martin Nayeri,1,91,28,0.0
Martin Senovsky,1,29,7,0.0
Marttalin Games,1,125,29,0.68
Maru Project Develop Team,1,513,288,12.15
Marudice,1,38,0,0.0
MarvelSushi,1,1011,51,0.0
Marvellous Soft,1,23,6,0.0
Marvelous Games,2,88,18,4.225
Marvelous Inc.,6,21477,2344,30.876666666666665
"Marvelous Inc., Brownies Inc.",1,1745,398,9.92
"Marvelous, Inc.",2,754,385,5.65
Marxnet,1,2289,613,7.62
Masakami Nature Reserve,1,0,2,0.0
Masangsoft,3,7411,4014,4.276666666666666
Maschinen-Mensch,2,7344,800,13.299999999999999
Mascot Entertainment,2,263,102,0.51
Mash Games,1,5773,425,46.68
Mason Lindroth,2,9471,194,1.625
Mass Creation,3,1143,680,1.3566666666666667
MassDigi,1,148,13,0.0
MassHive Media,1,69,24,0.0
"Massive Damage, Inc.",3,4094,865,7.636666666666667
Massive Development,2,464,173,5.65
Massive Entertainment,3,66068,27601,33.61333333333334
Massive Galaxy Studios,1,320,122,4.47
Massive Miniteam,1,48,6,0.0
Massive Monster,1,1724,145,6.05
"Massive Monster, Tasselfoot",1,133,21,43.43
Master Bronze Elite,1,3,2,0.0
Master Corporation,1,7,0,0.0
Master Indie,2,1777,127,1.4949999999999999
Master Studios,2,6,7,0.0
Master Technologies,1,18,12,0.0
Master UOMU,1,4,2,0.0
MasterCalamity Games,1,2,14,0.0
MasterCode,2,4382,1136,2.41
MasterTapp,1,3,0,0.0
Masterbrain Bytes,1,1182,579,9.52
"Masterstrike, LadrikDev",1,270,75,1.3
Mastertech,1,49,125,2.8
Mastfire Studios Pty Ltd,1,20925,4981,5.73
Masthead Studios Ltd,1,1113,578,1.98
Mata,1,36,64,0.2
Matas Sakalauskas,1,87,11,0.0
Materik AB,1,2,1,0.0
Mateus Dias Toledo,1,9,9,0.0
Mateusz Kulis,1,10,18,4.8
Mateusz Skutnik,1,478,41,0.0
Matheus Bigatão,1,28,4,0.0
Matheus Reis,1,9,0,0.0
Mathias Kapelrud,1,5,0,0.0
Mathieu Pronovost,1,4,1,0.0
Matias Bontempo,1,18,0,0.0
Matias Ezequiel Weschenfeller,1,256,56,0.0
Matrix Games,2,574,359,23.64
"Matt ""TheRedRanger"" Nikitakis",1,3,0,0.0
Matt Boyer,1,151,53,2.62
Matt Cohen,1,293,228,5.58
Matt Dabrowski,1,21076,857,15.27
Matt Edzenga,1,60,29,7.15
"Matt Engman, Ford Hash, Dylan Hines, Logan Parmeter",1,12,3,0.0
Matt Games,1,2,2,0.0
Matt Glanville,2,167,6,0.875
Matt Hooper,1,114,112,3.75
"Matt Kap, Nicalis, Inc.",1,959,292,3.48
Matt Kuhn,1,2,0,0.0
Matt Lloyd,3,14,5,0.0
Matt Newell,3,3102,257,0.5833333333333334
Matt Roszak,4,11196,246,22.2525
Matt Sowards,3,76,65,0.0
Matt Sowards Games,1,76,43,0.0
"Matt Sowards, Michael Scott",1,13,8,0.0
Matteo D'Alessandro,1,66,6,0.0
Matthew Brown,9,15200,843,4.412222222222223
Matthew Coyle,1,27,16,10.23
Matthew Jennings,1,37,8,0.0
Matthew Kania,1,346,19,8.87
Matthew Putnam,1,7,0,0.0
"Matthew Reed, James Raymond",1,22,12,0.35
Matthew Robert Carmack,1,2,5,0.0
Matthew Ryan,1,3,0,0.0
Matthew Vimislik,1,54,4,0.0
Matthias Magnussen,1,16,3,0.0
Matthieu Gouby,1,17,9,0.0
Mattis Folkestad,1,499,26,0.0
"Mattrified Games, LLC, Point5Projects",1,36,4,0.0
Mature Games,6,3055,606,3.6133333333333333
"Maui Game Studio, Code Mora",1,47,1,0.0
Maulidan Games,3,187,58,9.816666666666668
"Maurice Fernitz, Enrico Prizibilla, Felix Gillmann",1,4,1,0.0
Mauricio Guzinski,1,8,1,0.0
Mauris,1,57,19,0.0
Mauro Falcone,1,3,0,0.0
Maverick Game Studio,1,1567,252,3.0
Maverick Games,1,1157,273,5.62
MaverickMatryoshka,1,97,42,0.0
Max,1,21,31,5.25
Max Grindebäck,1,8,6,0.0
Max Jaeschke,1,1,2,0.0
Max Loh,1,364,80,3.43
Max Mraz,1,1113,239,1.83
Max Pedro,2,32,25,0.0
Max Ponomarev,1,2,1,0.0
MaxBytes,1,41,1,0.0
MaxEstLa,1,147,21,11.98
"MaxEstLa, Mathieu",1,407,14,1.07
"MaxEstLa, Zino",1,3448,661,5.43
Maxeymus Games,1,27,5,0.0
Maxi Molina (MaxiMJdev),1,165,5,0.0
Maxim Abramov,1,73,8,0.0
Maxim Karpenko,1,41874,2188,18.1
Maxim Moore,1,19,52,6.97
Maxim Nuriev,1,59,11,0.0
"Maximilian Croissant, Madeleine Frister",1,11,3,0.0
Maximilian Ritters,3,146,60,1.843333333333333
Maxint LLC,1,494,69,17.68
Maxis,1,149064,21663,31.37
Maxis™,2,62933,5213,11.225
"Maxwell Volz, David Zeiser",1,45,8,0.0
"Maxwolf, Fox",2,193,112,7.835000000000001
MayCharm Developer,1,3,1,0.0
Maya Gameworks,1,17,7,0.0
Mayhem Games USA,1,15,14,0.0
MayoNinja Games,1,66,7,0.0
Maze Theory,2,800,168,2.27
"Maze Theory Ltd, Just Add Water (Developments), Ltd.",1,183,123,1.77
Mazen Games,3,1383,340,1.0666666666666667
McCollum Games,1,3,0,0.0
McHunter Studio,1,6,1,0.0
McKay,1,5484,701,3.53
McMagic Productions,2,878,696,5.835
MeDungeon Ltd.,1,231,41,1.75
MeNic Games,2,956,215,1.335
Meaty Ore Games,1,80,24,0.0
MecHead Games,1,11,6,0.0
Mecha Weka,1,340,58,3.55
Mechabit,1,122,23,0.0
Mechabit Ltd,2,265,43,0.735
Mechadonk Media,1,8,1,0.0
Mechanical Boss,2,212,81,2.145
Mechanical Dragon Studios,1,1,0,0.0
Mechanistry,1,30266,1412,41.18
Med-Art,1,186,246,12.68
Medallion Games,1,589,68,3.17
MediaAtlas,1,3,7,3.75
MediaTale,1,252,66,8.42
Mediatonic,5,387635,89066,7.953999999999999
"Mediatonic, Flaming Fowl Studios",1,376,166,4.0
"Mediatonic, Hato Moa",1,7000,443,3.42
Medic-Games,1,0,2,0.0
Medicated Games,1,36,2,0.0
MedievalNexus,1,247,90,0.67
Mediocrity Interactive,1,0,5,0.0
Medley Studios,1,37,14,0.0
Medusa Head,1,4,1,0.0
Meehow Games,1,6,5,0.0
Meepower,2,68,73,2.06
Meerkat Games Corporation,1,2208,990,5.47
Meerkat Gaming,1,55,164,8.7
Mega Boss Game Studio,1,93,39,7.22
Mega Cat Studios,2,169,100,1.075
Mega Crit,1,178250,4027,86.82
Mega Dwarf,1,110,34,7.42
MegaPixel Studio S. A.,1,656,169,5.68
Megadev,1,1629,70,5.4
Megafauna LLC,1,9,6,0.0
Megagon Industries,1,2520,247,3.12
Megalithic Mainframe,1,12,0,0.0
Megalixir Games,1,8,5,0.0
Megame LLC,4,860,465,0.3125
Megaslow Studio,1,2,1,0.0
Megastorm Games,2,9260,728,6.3
Meggic,1,173,16,0.42
Meguro Ryo,1,0,1,0.0
Megusta Game,1,267,72,2.3
Mehan Games,1,1010,147,6.55
Mehmet A. Candak,1,3,3,0.0
Mehmet Barış Yıldız,1,2,4,0.0
Mehmet Uluç Şahin,1,192,28,0.0
Mehrdad Rezaei,1,25,11,0.0
Mehsoft,5,2154,562,2.326
Meka Games,1,97,49,0.0
Melchizedek Todd,1,1,0,0.0
Mellow Armadillo,1,8,0,0.0
MellowStudios,2,4,16,0.0
Melonsoda Soft,1,1457,49,11.38
Melos Han-Tani,1,155,36,1.0
"Melos Han-Tani, Marina Kittaka",2,947,62,0.91
Meltdown Interactive Media,1,38,20,0.0
Melting Parrot,1,138,8,2.18
MemaHertz,1,4,3,0.0
Membraine Studios,1,356,211,1.03
Memes Games,1,1353,77,7.78
Memetic Games,1,578,613,3.82
Memory Delta,1,0,1,0.0
"Memory of God, Lambic Studios",1,1172,398,0.58
Menace Claw Games Studio,1,3,3,0.0
Menajev,1,1,3,0.0
Meng Games,9,961,223,0.008888888888888889
Mens Sana Interactive,11,1357,176,0.8872727272727272
MentaLoop Games,1,5,0,0.0
Mental Zone Digital Game Studios,1,44,83,0.0
Mentalytics Team,1,74,19,3.58
Mercator,1,128,121,0.0
Mercimek Games,1,6,0,0.0
"Mercury Stone, Angels Blue Digital Entertainment, DigitalEZ",1,369,48,1.47
MercurySteam,4,8753,2804,4.96
"MercurySteam, Climax Studios",1,7529,1790,8.47
MercuryStudio,1,532,183,10.32
"Merge Games, Jankenteam",1,639,178,3.63
Merge Heroes,1,19,3,0.0
Meridian'93,4,219,116,0.2525
Meridian93 Studio,4,87,41,0.0
Merixgames,1,2321,418,3.35
Merle Tester,1,12,4,0.0
Merlin Beer,1,30,12,2.93
Merriman Games,2,23,34,0.0
Merso Entertainment,1,25,2,0.0
Merxon22,1,601,71,0.0
Mescaline's Wings,1,43,58,0.0
Mesmerise Studios,1,34,11,0.0
Messhof,3,8230,1013,2.37
Messier Games & Animations,1,15,37,0.0
Messy Desk Interactive,1,901,97,0.0
Meta Games,1,117,12,0.65
Meta Interaction,1,6998,826,84.6
Meta Sauce,1,75,27,0.0
Metal Dragon Studio,1,15,2,0.0
"Metal Fox, Nullysun Studio",2,54,37,0.11
Metalhead Software Inc.,3,3679,388,21.703333333333333
Metamong,1,7,3,0.0
Metamorf,1,51,111,0.0
Metamorpho_SG,1,3,8,0.0
Metanaut,2,221,41,0.69
Metanet Software Inc.,1,3003,203,13.28
Metaverse,1,25,18,0.0
Metaware,1,153,73,0.83
Mete Ozguz,1,4,1,0.0
Meteo Games Inc.,1,3,1,0.0
Meteorbyte Studios,1,122,48,0.42
Meteoric Games,1,64,100,0.0
Meteorise,1,955,77,6.93
"Meteorise, HONEY∞PARADE GAMES",1,1043,193,8.18
Metro 2.0.7.7,1,40,31,0.0
Metro VR Studios,1,10,5,0.0
Metropolis,1,140,85,5.67
Mexond,1,23,2,0.0
Meyer Games,1,3,1,0.0
MhrGames,1,35,43,0.0
Mi'pu'mi Games GmbH,2,2179,198,4.865
"Mi-Clos Studio, FibreTigre",1,1274,416,11.25
"Mi-Clos Studio, Goblinz Studio, FibreTigre",1,1029,318,3.52
MiCake,3,15,5,0.0
MiSou Games,1,63,4,0.0
Mia Osterholm Sarceno,1,20,16,0.0
Mibli,3,6,5,0.0
Micah Boursier,1,4707,232,0.0
Micah DeBruno,1,0,1,0.0
"Michael Bertram, Christoph Vogel, HSD-MiReVi",1,2,1,0.0
Michael Brough,1,102,12,0.0
Michael Burns,1,70,4,0.0
Michael Cheung,1,4,1,0.0
Michael Chou,1,19,18,0.0
Michael Cox,1,1,1,0.0
"Michael Ferrier, Sarah Jane Lapp",1,18,3,0.0
Michael Flynn,2,68,91,2.615
Michael Gschwandtner,1,20,4,0.0
Michael Hall,2,111,47,3.0
Michael Halloran,1,2,1,0.0
"Michael Hicks, Gonçalo Antunes",1,36,16,3.83
Michael J Wood,1,3,0,0.0
"Michael J. Moffitt, Julian J. Hammerstein",1,14,7,0.0
Michael Kiang,1,40,2,0.0
"Michael Kissinger, Marco Hulden, Shaun Egan, Joshua Marks, Denys Ovsiannykov",1,593,181,2.37
Michael Lampel,1,17,14,0.0
"Michael Long, Foolish Mortals Games",1,99,20,2.35
Michael Lückgen,1,65,45,3.0
Michael McCartney,1,78,13,0.15
"Michael Pelletier, Ross Joseph Gardner",1,639,91,0.45
"Michael Porter, Aaron Smith, Andrew Thomas",1,1,0,0.0
Michael Rfdshir,1,662,46,0.0
Michael Schade,2,84,58,0.54
Michael Seaholm,1,21,7,0.0
Michael Shoots,1,76,21,8.48
Michael Swan,1,6,20,0.0
Michael Todd Games,2,3585,425,1.775
"Michael Todd Games, Yazar Media Group LLC",1,460,106,0.68
Michael Zahniser,1,6141,510,16.6
MichaelArts,1,473,29,0.0
Michaela Laws,4,2408,357,4.5725
Michail Ostrowski,1,16,0,0.0
"Michal Cichra, Andrzej Jarzyna, Steven Willmott",1,20,6,0.0
Michal Kruba,1,169,35,0.0
Michał Karbowiak,1,5,1,0.0
Michel Coelho da Silveira,1,19,4,0.0
Micro Factory Games,1,243,283,1.58
MicroDeal Ltd.,1,3,1,0.0
MicroProse Software,5,578,175,0.7140000000000001
"MicroProse Software, Inc",13,6859,825,1.9146153846153846
"MicroProse Software, Inc.",3,64,26,0.3633333333333333
Microblast Games,7,10460,5968,4.2457142857142856
Microids,15,13131,4870,3.9513333333333334
Microids Studio Paris,2,4957,786,4.75
Microlith Games,2,85,89,0.86
Microprose,1,9,3,0.0
Micropsia Games SpA,1,40,41,0.05
Microsoft Corporation,1,83,9,0.45
Microsoft Game Studios,2,22263,3520,86.52499999999999
Microtaur,1,42,10,0.0
"MidBoss, LLC.",1,1309,336,6.87
Middle Eye,1,3,1,0.0
Middle Man Games,1,7,1,0.0
Midgar Studio,1,2706,1089,7.25
"Midgar Studio, Fusty Game",1,1704,418,4.85
Midi Creations,1,24,1,0.0
Midian Design,2,104,64,4.755000000000001
Midipixel,1,50,1,0.0
Midjiwan AB,1,4832,316,19.37
Midnight Games,2,1131,491,0.49
Midnight Games EIRL,1,19,8,2.02
Midnight Hub,1,210,78,8.03
"Midnight Mood Studio, La Belle Games",1,5,1,0.0
Midnight Party,1,592,113,4.07
"MidnightCoffee, Inc.",1,7,3,0.0
MidnightWorks,1,2001,88,4.17
Mifux Studio,2,18,3,0.0
Migami Games,1,119,50,0.0
Might and Delight,9,17321,3284,4.7988888888888885
MightByte Games,1,75,35,0.0
Mighty Coconut,1,3066,67,5.25
Mighty Eyes,1,861,151,2.0
Mighty Fox Studio,2,19,15,1.635
Mighty Games,1,1308,118,1.42
Mighty Kingdom,1,452,295,3.73
"Mighty Papaya, ESAT",1,7,2,0.0
Mighty Pebble Games Inc,1,107,33,1.23
Mighty Polygon,1,294,142,2.25
Mighty Rabbit Studios,1,413,126,3.82
"Mighty Rabbit Studios, Gun Interactive",1,1990,423,3.98
"Mighty Rabbit Studios, Gun Media",1,479,404,5.25
"Mighty Rabbit Studios, Relevant Games",1,32,14,0.0
Mighty Rocket Studio,1,1059,197,4.0
Mighty Yell,1,841,54,1.57
Miguel G. Corchero,1,36,18,0.03
Mihai Morosanu,14,2503,1000,3.4735714285714288
Mihanikus Games,1,33,6,0.18
Miikka Åsnabrygg,2,85,3,0.0
Miju Games,2,52203,2151,18.315
MikAmaral,1,1,1,0.0
"Mika Mobile, Inc.",2,101,4,4.26
Mika Molenkamp,1,64,7,0.0
Mika Pi,1,1,0,0.0
Mikayden Gutierrez,1,13,13,0.0
Mike Daas,1,11,4,0.0
Mike Gagnon,1,8,3,0.0
Mike Laraman,1,15,1,0.0
Mike Pickering,1,21,1,0.0
Mike Prosser,1,16,5,0.0
Mike Watson,1,24,9,0.0
Mike Wiering,1,19,6,0.05
Mike Wigen,1,6,7,0.0
"Mikeypoo's Games, David Szymanski",1,94,82,0.37
"Mikeypoo's Games, Roger Levy",1,97,138,3.07
Mikhail Maksimov,3,109,120,1.3066666666666666
Mikhail Melnikov,3,213,179,6.693333333333334
Mikhail Nevsky,2,132,72,0.085
Mikheev Denis,1,13,3,0.0
Miki Squadron Project,1,44,17,0.0
Mikola Games,1,113,45,0.0
Mikori Games,1,321,43,5.72
Mikołaj Spychał,8,267,64,12.30875
"Milan Kazarka, Jeroen van Oosten",2,290,126,0.115
"Milan Matonok, Daniel Rychlý",1,2,0,0.0
Mildbeast,1,29,15,4.02
Mildly Professional,1,245,16,0.0
"Miles Peter Hatcliff, Harrison Truman, Michelle Lee, Helayna Strohfeldt, Zachary Paternoster, Samuel Weir, Will Thompson",1,588,89,0.0
Milestone S.r.l.,35,47358,11096,10.524
Milk Carton Games,1,3,0,0.0
Milk Shake,1,50,32,1.57
Milkbar Lads,1,5503,300,6.78
Milkstone Studios,7,28909,3024,13.161428571428573
Milky Tea Studios,2,652,254,3.1799999999999997
Milky Way,1,158,18,7.9
Millenium Games,1,24,30,0.0
Millenium Project Enterprises,1,86,50,0.58
Millenway,1,24,141,0.45
Millia Soft,1,34,7,0.0
Million on Mars Inc.,1,8,5,0.0
Milpitians,1,408,29,0.0
Miltocoal,1,54,14,0.0
Mimimi Games,4,54742,2431,8.915000000000001
MinMax Games Ltd.,3,5488,894,19.71
Minato Soft,1,177,7,0.0
Mind Control Software,1,52,4,0.0
Mind Crew,1,29,13,0.0
Mind Grown Software,1,4,0,0.0
Mind Leak,2,115,104,4.35
Mind Over Matter Studios,1,224,145,4.95
Mind Power,1,1,4,0.0
"Mind's Eclipse Interactive, LLC",1,38,4,0.0
MindArk PE AB,1,48,31,0.0
"MindShaft Games, LLC",1,55,4,4.95
Mindfield Games,1,131,71,7.37
Mindillusion,1,3904,1986,44.07
Mindmuscle Games,1,7,7,0.0
Mindprobe Labs,1,73,50,0.02
Minds Eye Productions,1,11,2,0.0
Mindstorm Studios,1,70,55,28.63
Mindware,2,48,21,1.95
Mindware Studios,2,997,400,13.049999999999999
"Mine Loader Software Co., Ltd.",1,7496,353,2.83
MingCang Studio,1,11,0,0.0
"Mingyu Information Technology Shanghai Co., Ltd.",1,30,3,0.0
Mini IT,1,26,22,0.13
MiniBoss,1,6433,483,2.48
MiniChimera Game Studio,1,21,3,0.0
MiniVisions,1,92,27,0.33
Minicactus Games,6,463,49,0.0
Minicore Studios,1,20,24,4.38
Minimallab,1,31,5,0.0
Minimol Games,21,1645,321,0.16285714285714287
Minor Key Games,8,8299,894,1.8800000000000001
Minority Media Inc.,2,2724,229,0.925
Minskworks,2,9172,2653,9.15
Minstrel Studio,1,94,32,0.0
Mint &amp; Dough,1,57,20,0.0
Mint Age Studios,2,912,1283,4.225
"Mint Tea, Stakhanov G Inc.",1,44,22,0.0
MintCUBE,1,195,15,2.27
Minus2,1,165,57,0.35
MioMax,1,16,11,0.0
Miolhr Company,1,11,13,4.62
Mirabolis Studios,1,83,12,0.0
Miracle Moon,1,76,16,0.0
Mirage Game Studios,1,2731,535,11.73
Mirari&Co.,1,552,145,2.43
Mirball Games,1,71,34,2.9
Miria Studios,1,127,26,0.42
Mirinae,1,119,98,0.12
Miro Jankura,1,34,2,0.0
Miroslav Fídler,1,35,2,0.0
"Mirrorsoft, PSS",1,2,0,0.0
Misc Games,2,4008,1106,20.52
Misc.261,1,21,0,0.0
Mischa,1,17,1,0.0
Mischief,1,1093,78,1.25
Mischief & Mayhem Studios,1,1,1,0.0
Mischka Kamener,1,174,5,0.17
Misfits Attic,2,2834,590,4.39
Miskatonic Studio,1,56,57,0.0
Mismatch Studio,3,5,6,0.0
"Mismatch Studio, Nicky Case (Originally)",1,5659,223,0.0
Mismatched Games,1,7,0,0.0
Miso Games,2,39,56,0.0
Missing Calm,3,1335,286,1.7433333333333332
Missing Digit,1,1451,175,6.05
Missing Sentinel Software,1,5,1,0.0
Mission Critical Studios,1,80,35,3.63
Mista Stories,1,9,1,0.43
MisteryJay89,2,44,2,0.0
MistyMountainStudio,1,6702,255,5.83
"Mitchell Garrett, Jonathan K-Q",1,15,8,0.0
Mitchell Hartwell,1,8,0,0.0
Mithis Games,1,854,139,12.27
Mitorah Games,2,49,102,0.125
Mitzi Games,1,101,4,0.0
"Mixed Realms Pte Ltd, Swag Soft Holdings Pte Ltd",2,6602,885,12.875
MixedBag Srl,1,17,6,0.23
Mixel,1,102,65,2.08
Mk-II,1,143,78,0.0
Mlyst,1,38,14,0.0
Mo,1,17,1,0.0
MoYi Technology,1,53,75,0.0
MoaCube,3,729,106,1.3499999999999999
Moatboat,1,0,2,0.0
MobX GmbH,1,224,133,0.0
Mobigrow,1,10,3,0.0
Mobile Co Studios,1,361,97,0.0
MobileBits,2,268,362,4.325
MobileFusion Apps Ltd,3,12,8,0.0
Mobius Digital,1,80833,3655,15.02
MobiusCode,1,21,0,0.0
"Mobot Studios, Inc",1,38,12,0.02
MobyDick Games,1,20,14,0.0
Mochi Mode Ltd,1,51,6,0.0
Mocove Studio,1,0,1,0.0
Modbox,1,191,31,0.73
Mode 7,3,2500,608,2.956666666666667
Mode4,1,105,29,1.27
Modern Alchemy,1,10,6,0.0
Modern Dream,2,3410,554,2.735
Modern Paradise Media Inc.,1,4,1,0.0
Modern Storyteller,1,11008,451,6.23
"Modern Visual Arts Laboratory, SEO INSEOK",1,7670,391,12.48
Modesto Rabena,1,17,13,3.9
Modii Games,1,5,7,0.0
Modus Interactive,1,207,12,3.62
MoeGame,2,1222,450,1.4849999999999999
MoeNovel,7,7271,685,8.415714285714285
Moebial Studios,1,46,21,0.0
Moehaus Co. Ltd,1,1129,425,331.23
Mografi,1,1144,165,7.07
Mohamed Shiyam,1,14,1,0.0
Mohawk Games,1,4296,1284,8.02
Mojang,1,488,270,1.67
"Mojang Studios, ‪Double Eleven",1,12725,1227,21.93
Mojiken,7,9582,502,33.21142857142858
Mojo Bones,1,176,261,3.7
"MojoTouch, Adventure Soft",2,144,52,0.0
"MojoTouch, Red Sprite Studios",1,36,10,0.42
"MojoTouch, Trilobyte Games",1,188,50,2.02
Moka,1,23,17,0.0
Mokus,1,594,149,2.57
"Mokylin Tech. Co.,Ltd",1,58,301,1.25
MokyuSoft,1,335,56,7.67
Mol Cruir Games,1,2,4,0.0
Molegato,1,27,6,0.0
Molerat Digital Art Ltd.,1,14,2,0.0
Molloy Studio,1,8,13,0.0
MollyAvast,1,11,2,0.0
Moltenplay,1,189,14,1.07
Molter,1,125,27,9.63
Moment Interactive Limited,1,5,13,0.0
Moment Studio,1,121,36,0.4
Momentum Digital Media Technologies,1,82,27,13.6
Mommy's Best Games,3,517,129,3.1700000000000004
"Mommy's Best Games, Croteam",1,702,144,1.72
Monad Rock,1,272,45,0.98
Monarch Studio,1,16,5,0.0
Monkat Studio,1,1,0,0.0
Monkey Disko,1,0,1,0.0
"Monkey Moon, BlackMuffin",1,508,170,3.28
Monkey Stories,1,294,104,6.43
Monkey Wizard Entertainment,1,371,54,0.0
MonkeyToons,1,106,20,5.3
Monkeymaw,1,226,15,2.45
Monkeys Lab.,2,1298,1242,2.525
Monkeys Tales Studio,2,314,159,2.345
"Mono Software, Inc.",1,137,147,0.17
Mono Studio,1,728,498,13.38
MonoBrand,1,1,2,0.0
Monocarpic Game,1,30,18,0.0
Monochrome Paris,2,258,37,0.175
"Monochrome, Inc",2,11665,4458,3.59
Monogon Games,1,337,62,6.17
Monokel,1,841,188,2.73
Monolith,2,10708,1780,4.4
Monolith Productions,4,96740,12645,10.0025
"Monolith Productions, Inc.",2,10936,1822,2.5100000000000002
"Monolith Productions, Inc., Timegate",1,15867,1069,5.2
Monolith of Minds,1,96,38,1.6
Monomi Park,1,135271,2826,22.9
Monomyth,1,123,9,0.62
Monomyth Games,1,190,96,5.95
Monothetic LLC,1,173,26,0.22
"Monstars Inc., Resonair",1,1070,94,2.72
"Monstars Inc., Resonair, Stage Games",1,7528,404,56.47
Monster Couch,2,9837,616,12.235
Monster Games,4,2280,722,19.8175
"Monster Games, Inc.",3,554,80,0.0
Monster Tooth Studios,1,714,331,3.65
Monstrum,3,738,118,4.776666666666666
Monte Cristo,2,246,73,1.34
MonteBearo,1,2421,632,21.05
Monticube,1,304,74,2.05
"Monumental, LLC",2,3065,1018,6.295
Moo,1,1,0,0.0
Moolion,1,634,138,0.0
Moon Kid,1,172,22,3.18
Moon Lens,1,219,94,2.27
Moon Moose,1,2699,837,11.22
Moon Pub Games,1,30,4,2.45
Moon Studios GmbH,3,249927,11154,12.543333333333335
MoonGame,1,5,2,0.0
"MoonMonky, BuildersLabs",1,12,12,0.0
"MoonRift Entertainment, Leonice Brown-Young Jr",1,1,0,0.0
Moonana,3,987,101,5.526666666666667
Moonbit,3,2212,150,0.0
"Moonbite Games, PadaOne Games",1,211,79,1.42
Moonbyte,1,1593,215,2.23
Moondolino,3,177,111,0.0
Moondrop,2,1074,253,1.435
Mooneye Studios,1,4427,600,4.03
Moonfire Entertainment,1,919,160,17.9
Moonlight Kids,1,674,30,6.03
Moonlight Mouse,1,932,197,5.32
MoonlightGames,2,38,17,0.0
Moonlit S.A.,1,929,308,5.93
Moonlit Works,2,7755,967,0.16
Moonlite Software,1,156,25,1.58
Moonlore Game Studios,1,9,3,0.0
Moonmana,1,82,43,0.0
Moonpod,2,152,35,0.75
Moonradish Inc.,1,210,8,0.17
Moonray Studios,2,147,61,0.09
Moonrise Interactive,2,745,200,3.065
"Moonshark, Inc.",1,28,52,2.05
Moonshine Studios,1,56,32,0.63
Moonshot Games,1,34,15,0.5
Moonskull Games,1,26,2,0.0
Moonsprout Games,1,5293,151,13.0
Moonworks,1,659,45,3.75
Moose Attack Studios,1,513,95,0.0
MooseBear,1,31,13,0.0
Moppin,1,7921,279,5.12
Moravia Games,1,17,1,0.0
Morbidware,1,1234,277,2.33
More Than Just Chess,1,1,1,0.0
Moregames,1,687,80,4.85
Morenori Soft,1,404,116,188.62
Morepork Games,1,2,0,0.0
MorfeoDev,1,350,54,1.95
Morgana A.T.,1,26,1,0.0
Morgondag,2,225,80,0.94
Morgopolis Studios,1,111,17,4.67
MorkPuncher,1,44,2,0.0
Morning Person Games,1,2314,178,1.02
Morningstar Game Studio,1,752,103,6.25
Morningstar Studios,1,30,4,0.0
"Moronicbody, Elf",1,13,8,0.0
Morosophe,1,1,0,0.0
Morphcat Games,1,390,18,0.77
Mors Immortalis Games,1,1,0,0.0
Morteshka,3,7754,645,5.54
Mosaic Mask Studio,2,193,34,0.04
Moscano,1,15,9,0.0
Mosh Jason Games,1,4,0,0.0
Moshe Linke,1,159,80,0.0
"Moss Co., Ltd.",2,760,188,2.325
Mossmouth,1,15005,1288,20.6
"Mossmouth, BlitWorks",1,19062,1423,42.25
Most Wanted Entertainment,3,982,227,4.87
Mostly Harmless Games,1,26,11,0.0
Mostly Tigerproof,1,448,94,8.88
Mothership Entertainment LLC,1,1921,717,10.77
Mothware,1,101,7,0.0
Motiga Inc.,1,5759,1731,4.78
Motion Games Studio,1,3,0,5.62
Motion Twin,1,163549,4915,30.72
"Motional Entertainment, Limitless Ltd",1,20,19,1.65
Motiro,1,97,40,0.75
Motivation Game Studio,1,5,0,0.0
Motor Strip Entertainment,1,11,4,0.0
Motorsport Games,2,2888,1686,11.41
Mouldy Toof Studios,2,14507,1575,7.565
Mountain Sheep,1,402,169,4.73
Mountains,1,13301,936,1.25
Mouse Hat Games,1,289,19,16.95
Mousechief,2,124,105,0.275
Mousou Endemic,1,77,44,0.0
Moustache Cabal,2,10,1,0.0
"Move Games Co., Ltd.",1,5461,2664,52.17
Movie Games Lunarium,2,2576,1162,2.6950000000000003
Moving Player,1,41,19,5.78
MovingBlocks,1,1071,285,1.27
Moxie Game Studio,1,6,0,0.0
Moyashi Research Institute,1,276,33,6.53
Mozai Games,1,38,3,0.0
Mozg Labs,2,228,107,3.545
MpjV,1,3,0,0.0
Mr Crops,1,88,50,0.0
Mr Tomatus,1,16,0,0.0
Mr. Moo,1,19,2,0.0
Mr. Nutz Studio,1,184,109,4.13
Mr. Podunkian,1,899,272,3.8
Mr.Lordy,1,253,67,7.05
Mr.Prinz,1,33,1,0.0
MrBoscheinen,1,42,1,0.0
MrCiastku,2,287,87,2.1350000000000002
MrSandman,1,87,42,0.13
Mt.Bamboo Village,1,239,18,1.08
MuHa Games,1,3296,526,39.88
"MuHa Games, Eerie Forest Studio",1,1707,484,23.62
Mubarak AlKhuzaee,1,3,1,0.0
"Mucky Foot Productions Ltd, My Little Planet Ltd",1,162,69,9.6
Muddy Desert,1,4,1,0.0
Muddy Pixel,1,109,57,0.72
Mudpike,1,385,26,0.0
Muggle,1,3,1,0.0
Mugle Studio,2,15,35,5.76
Mugule Nation,1,22,4,0.0
Mugzone,1,224,141,2.82
"Mujo Games, Stuffed Wombat",1,225,16,0.13
Mukesh Shukla,1,1,0,0.0
Mukorka,1,19,8,0.0
Multi_ChoiceGames,1,4,1,0.0
Multiverse,2,567,271,0.675
Multiverse Games,1,4,1,0.0
MumboJumbo,27,3314,904,6.8785185185185185
Mumin Bayar,1,5,3,0.0
Munchkin's Lair,1,52,30,0.0
Murafka games,1,8,7,0.0
Muro Studios,1,105,5,0.0
Murudai,1,1947,191,4.17
Musa GUNGOR,2,108,11,0.0
Musclebird,2,61,16,0.0
Muse Games,6,16313,2276,2.1966666666666668
Mushreb Games,1,431,57,6.02
Music Breath,2,10,9,0.0
Music Games For All,1,3,0,0.0
Music Inside,1,37,16,0.0
Musiiiik Games,1,1,0,0.0
Mustache Games,1,29,36,3.3
Mustafa CELIK,1,6,0,0.0
Mustafa Caner Tonbul,1,121,61,8.77
MustangDev,1,11,3,0.0
"Mustella Games, KuKo",1,64,20,0.0
Mutant Entertainment Studios,4,1544,202,0.8175
Muteki,2,55,26,1.25
Mutiny Software,2,291,148,0.435
Muzt Die Studios,1,232,38,4.8
Muzzy Lane,1,488,127,37.93
Muzzy Lane Software,2,461,102,163.52499999999998
"Muzzy Lane Software, Factus Games",1,341,108,31.25
Mvisioning,1,16,0,0.0
My Dog Zorro,1,1016,35,1.23
My Label Game Studio,9,49,44,0.0
"My Little Planet Ltd, Mucky Foot Productions Ltd",1,838,96,3.98
My Next Games,1,68,114,2.17
MyACG Studio,3,6444,1462,5.739999999999999
MyDearest,1,98,13,3.43
MyDearest Inc.,1,376,19,6.3
"MyDreamForever, Tazdraperm",1,317,87,2.8
"MyDreamForever_Old, Life Jumb DT",2,10,11,0.0
"MyDreamForever_old, Nehaew",1,19,9,0.0
MyGames,1,20,28,0.0
Myarcadegames Studios,3,14,15,0.0
Myke Wills,1,1,0,0.0
Mykel Flynn,5,26,27,0.0
Mykhail Konokh,6,306,212,1.8316666666666663
Myles Jorgensen,1,398,17,0.95
Myoubouh Corp,2,21,1,1.225
MyoungJang Games,1,16,8,0.0
Myriad Games Studio,1,15,1,0.0
Myroid-Type Comics,1,54,16,0.0
Myron Games,1,705,57,2.53
Mysia Games,1,1,4,0.0
Mysteria Studio,1,15,18,2.05
MysteryCorgi,1,44,20,0.0
MysteryTag,1,51,43,3.42
"MysteryTag, Far Mills",1,203,52,3.07
Mysterytag,2,110,72,0.1
"Mysterytag, Argali Entertainment",1,112,72,3.55
Mystic Box,1,286,99,5.02
Mystik'Art,1,405,430,4.18
Mystive Studios,1,58,15,0.0
Mytforge Games,1,4,2,0.0
Myth Entertainment,1,121,67,0.0
Mythic Gaming,1,10,4,0.0
MythicOwl,2,1234,55,0.75
Mythical City Games,4,360,114,3.295
MythoLogic Interactive,1,2906,358,17.55
Mzone,1,84,71,0.0
Mzone Studio,1,9,11,0.0
Mzonestudio,9,406,168,0.10555555555555556
Máté Pribelszky,1,198,5,0.0
Mårten Jonsson,2,67,52,2.95
"Mårten Jonsson, JMJ Interactive",2,136,33,3.085
Mímir Studio,1,18,8,0.0
Möbler Development Team,1,133,22,0.0
M♂NLY,1,63,15,0.0
N J FOX,1,14,12,0.0
"N J FOX, KRH",2,22,11,0.0
N-Body Solutions,1,6,32,0.0
N-Fusion Interactive,5,911,310,1.3599999999999999
N-Game Studios,2,256,238,1.55
N-RACING,1,251,130,4.28
N-Tri Studio,2,112,48,0.0
N.R. Burnette,1,22,14,0.0
N2Games,1,345,138,1.3
N3V Games,7,5321,1800,5.497142857142857
N4bA,2,2960,361,0.86
N5 Games,1,5,0,0.0
N7T-GAMES,1,928,70,3.0
N94Games,2,57,27,0.385
NAISU,2,283,34,0.565
NAMCO,1,3017,2189,8.33
NAMCO BANDAI Games,1,178,40,0.65
NAPE GAMES,3,44,13,0.0
NBOYS,1,10,37,0.0
NC Studio,1,287,87,5.68
"NCC Moore, Steve McRae",1,51,27,0.13
NCR Games,1,56,11,0.0
NDOgames,1,156,4,2.1
NEBEN,1,3,8,0.0
NEKCOM Entertainment,1,165,50,2.12
NEKO WORK H,1,2206,122,4.4
NEKO WORKs,7,79341,3548,35.410000000000004
NEKONEKO-SOFT,1,329,66,0.0
NEKOTOKAGE GAMES,2,393,47,2.05
NENEN SOFT,1,5,1,0.0
NEO CRYSTAL GAMES LTD,1,11,5,0.0
NEO-C Productions L.L.C,1,121,35,30.25
"NEON, Piko Interactive",1,12,12,0.0
NEONSTUDIO Corp.,1,22,22,0.0
NEOPOPCORN Corp,1,438,169,14.07
NEOWIZ,3,26960,3416,16.783333333333335
NEOWIZ BLESS STUDIO,1,3683,6185,15.98
NEROTA,1,0,1,0.0
NEW STORY GAMES,1,444,448,419.43
NEXON Korea Corporation,2,11814,6349,92.465
NEXT Studios,6,50363,4249,5.96
NEXT-SOFT+,1,91,49,0.92
NEZOS GAMES,1,58,43,6.42
"NFA, AMASS",1,27,39,4.57
NGD,1,4,8,0.0
NGD Studios,2,6448,1974,16.009999999999998
NGELGAMES,1,444,467,7.83
NGIN LIMITED,1,3773,643,8.85
"NGS GAMES STUDIO, PIXEL ART GAME",1,0,1,0.0
NGV Studio,1,16,27,4.3
NHLislive,1,22,37,1.65
NHTV Breda University of Applied Sciences,1,159,77,0.0
NIGHTBOX,1,285,215,4.08
NIGHTCREW,1,1,0,0.0
NIGORO,2,2816,645,21.744999999999997
NIK GAMES,1,1,2,0.0
NIKSTE,1,144,135,0.0
NIMONIX,1,222,179,9.63
NIPPON CULTURAL BROADCASTING EXTEND INC.,1,788,116,16.97
NKVN Games,1,4,0,0.0
NL Studio,6,151,80,0.0
NLB project,4,297,192,1.2575
NMC Studios,1,616,720,0.0
NMS Software,1,6,5,0.0
NNゲーム工房,1,4,0,0.0
NO DATA,108,32646,18136,3.169074074074074
NON EXISTENT STUDIOS 2,1,6,1,0.0
NON Grata Studio,1,39,7,0.0
NORSKA,1,12,6,0.0
NOVECT,2,6208,303,7.375
NPC S Studio,1,1,0,0.0
NPMS(Number Personal Model Studio),1,8,9,0.0
NSC Creative,2,111,16,0.0
"NTT Plala Inc., Roconilo Project",1,3,2,0.0
NTT Solmare,1,230,83,0.53
"NTWO Studio Co., Ltd",1,33,16,0.0
"NUKKLEAR, Ashborne Games",1,207,161,0.7
NUL2 STUDIO,1,183,4,0.0
NUMBER7,3,81,13,0.0
NVYVE® Studios,1,540,373,2.43
"NWArtworks, Cow Games",1,31,9,0.0
NYP,1,7,19,0.0
Nabi Studios,1,14775,1928,6.95
Nacho,1,0,2,0.0
Nacho Alfonso Brito,1,2,0,0.0
Nacho Games,1,343,474,4.97
Nacks Soft,7,39,7,0.0
Nacon Studio Ghent,2,810,473,2.1350000000000002
Nacon Studio Milan,1,677,486,11.85
Nacro9 Game,1,2,3,0.0
Naddic Games,1,3297,1214,10.98
Nadeo,8,33488,4456,54.01875
Naev Team,1,164,43,0.47
Naga Entertainment,1,577,435,4.85
Naiad Entertainment LLC,1,249,29,0.42
Naivus Luo,1,79,35,4.17
Naka Teleeli,1,5,0,0.0
Naked Sky Entertainment,1,67,21,0.85
Nalu Zou,1,52,34,0.0
NamNorm,1,146,27,0.0
"NamaTakahashi, Tsuyomi",1,0,0,0.15
"NamaTakahashi, tiny cactus studio, noname studio",1,18,10,0.0
Namaage,1,37,16,2.48
Nami Tentou,2,42,8,1.435
Namion Games,1,27,11,0.0
Namo,1,3,3,0.0
Namo Gamo,1,156,14,0.0
NanaWind,1,633,24,280.33
Nanali Studios,1,195,24,0.0
Nanasi Project,2,58,26,0.0
Nandee,2,39,6,0.0
Nanjing AQUATRAX,1,3303,2911,179.75
"Nanjing Weichu Information Technology Co., Ltd.",1,9,8,0.0
"Nanmo (Takayuki Yanagihara) @ FullPowerSideAttack.com, sanodg (Nobuyoshi Sano), FullPowerSideAttack.com",1,39,6,0.03
NanningsGames,16,2818,305,0.053125
"NanningsGames, Sascha van Huis",1,9,3,0.0
Nano Games,2,33,20,0.1
Nano Games sp. z o.o.,1,210,216,7.53
NanoPiko,1,441,92,1.82
"Nanoshrine, Jameson.T",1,20,9,0.0
Naoka Games,1,61,2,0.0
"Napoleon Games, s.r.o.",1,89,51,19.83
Naps Team,1,41,27,24.78
Naraven Games,1,630,72,0.0
Narko Games,6,369,373,0.3566666666666667
Narod,1,1,5,0.0
Narrator,2,340,37,1.915
"Narrator, STORIA",2,209,5,0.0
"Narrator, Tong Li Publishing Co.",1,155,19,0.0
Narrow Monolith,2,17,50,1.925
Nastycloud,1,482,298,0.0
Nate Berens,1,226,12,0.0
Nate Bit Games,1,22,4,0.0
"Nate Sanders, John Kolbek",2,438,148,0.49000000000000005
Nate Schmold,1,419,50,4.57
"Nathan Archer, Luke Brown, Dan Kramer",1,9,10,0.08
"Nathan Lin, Ritwik Kumar",1,7,5,0.0
Nathan Meunier,1,207,81,2.13
"Nathaniel Stauffer, Michael Stauffer",1,6,6,0.0
National Film Board of Canada,1,176,6,0.0
"National Film Board of Canada, Casa Rara",1,66,3,0.0
Nations Software,1,19,4,0.0
NatsumeAtari,1,392,57,4.0
Naughty Children at Play,1,1,0,0.0
Naughty Squirrels,1,1,1,0.0
Nauris Amatnieks,3,293,118,2.3266666666666667
Navegante,1,1071,298,4.33
Nawia Games,3,1182,290,2.566666666666667
Nayma Software,1,28,14,6.98
Nayvos Games,1,3,2,0.0
Ndemic Creations,2,57783,4197,9.555
NeVReal Studios,1,16,6,0.0
Nearga,1,5258,2623,6.3
Neat Corporation,2,2108,403,2.885
Nebereal's,1,16,3,0.0
Nebulate.me,1,21,0,0.0
Necavare,1,3,1,0.0
Neckbolt,1,545,216,5.02
NecroCatic Games,1,6,0,0.0
Necrophone Games,1,7165,504,2.48
"Necrosoft Games, Mystic Systems",1,15,7,0.0
Ned Langman,1,3,1,0.0
NedoStudio,8,610,280,0.27625
Neetpia,1,122,9,0.0
Neex Games,1,19,4,0.0
Neilo Inc.,1,20,51,0.0
Neki4 Electronics,3,9,28,0.0
Neko Climax Studios,4,9848,353,62.114999999999995
Neko Cloud,1,515,110,0.07
Neko Entertainment,2,445,164,0.725
Neko Game,2,2107,327,3.1100000000000003
NekoToFuurin,1,3,2,0.0
Nekolyst,1,175,8,13.77
Nekomura Games,2,45,19,2.01
Nekrosoft,1,194,178,4.02
Nela System,1,53,12,0.0
Nelium Games,1,43,35,0.0
Nemega,1,154,14,2.3
Nemesys Games,3,1567,257,2.936666666666667
Nemeton Singularity Simulations,1,19,2,0.0
Nemo Studios,2,247,298,0.0
NemoSoda,1,1,3,0.0
Nemoria Entertainment,1,533,51,7.33
Nemoto Keisuke,1,6,4,0.0
NeoBird,1,36,54,1.93
NeoCoreGames,1,66,101,2.92
NeoNight,1,179,60,4.52
NeoVoxel Studio,1,7,2,0.0
Neoclassic Games,6,1163,324,1.5916666666666668
NeocoreGames,12,40428,11466,10.339166666666667
"Neofid Studios, Nindo",1,41,6,19.28
Neognosis,1,3151,199,41.22
Neojac Entertainment inc.,1,193,156,0.55
Neomateria Games GmbH,2,771,203,3.6599999999999997
Neon Arkade Games,1,22,7,0.0
"Neon Chasm, LLC",1,33,6,0.0
Neon Deity Games,1,117,55,4.02
Neon Giant,1,16932,5952,8.82
Neon Serpent LLC,1,59,19,1.15
Neonchimp Games,2,79,43,0.015
"Neonovice Co., Ltd., SQUARE PIXELS",1,5259,563,110.33
Neopica,1,6,4,0.0
Neople,1,3397,2141,32.37
NeorTur,1,12,3,0.0
"Neosonyx Co., Ltd.",1,2163,1323,4.9
"NeoulEntertainment Co.,Ltd.",1,30,28,0.0
Neox Games,1,121,11,0.98
Nepos Games,1,1354,352,3.3
Nerd Kingdom Inc.,1,331,660,8.05
Nerd Monkeys,3,481,101,1.6333333333333335
NerdJack,1,13,0,0.0
Nerdook Productions,5,2429,613,4.51
Nerdvision Games,1,1,2,0.0
NerdyBird Studios,1,112,22,0.0
NerdyYetis,1,78,23,4.68
Nerf Game Co. Ltd.,1,46,5,6.35
Nerial,3,7831,1256,3.643333333333333
"Nerial, Synaptic Insight Technology Systems",1,1049,211,2.52
Nero,1,8,1,0.0
Nero AG,1,15,10,0.0
Nerve Software LLC,1,44,4,6.4
"Nerve Software, Gearbox Software, LLC",1,4802,882,4.93
NerveQuake Software Inc.,1,12,0,0.0
NestTree Games,1,1,1,0.0
Net Dragon,1,336,292,3.5
Net Games Laboratory,1,135,391,0.37
"NetBit @UW, UWNBoundless",1,9,10,0.0
NetDinamica,1,1,0,0.0
NetDragon,1,67,52,0.0
NetEase Games,5,25730,8416,19.916
NetGames,1,1,6,0.0
"NetPlay, Inc.",1,45,30,0.0
Netcore Games,1,6381,331,28.48
Netdragon Websoft Inc,1,154,197,0.0
Netease Games,1,3103,1953,87.1
Nether Lamp,1,10,2,0.0
"NetherRealm Studios, High Voltage Software",2,33473,4225,8.82
"NetherRealm Studios, QLOC",2,67397,11252,15.375
"NetherRealm Studios, QLOC, Shiver",1,93635,12646,34.73
Netker Inc.,1,306,178,2.7
Netlex Studio,1,1,1,0.0
Netmin Games,1,20,63,2.2
NetoX,1,119,21,3.97
Neuralsoft,1,2,0,0.0
Neuro Diversion,1,2,1,0.0
NeuroMatrix,1,8,4,0.0
Neuron Games,1,2,2,0.0
Neuron Studio,1,24,31,0.0
NeuronHaze,1,895,991,10.0
Neuronality,1,819,180,9.45
Neutron Games,1,52,30,0.02
Neutron Games GmbH,1,33,31,0.0
NeutronStar.studio,1,81,10,0.0
Never Bored,1,111,41,0.0
Never Don't Play,1,82,38,7.05
Never Knows Best,1,2818,151,12.07
Never Written Games,1,3,0,0.0
NeverBUL,1,13,1,0.0
Nevermind Creations,1,8,5,0.0
Neversoft,1,1854,160,2.28
Nevertheless Studio,1,17,0,0.0
Neverworks Games,1,36,19,0.0
Nevosoft,2,151,7,0.0
New Bridge Games,3,159,34,2.5466666666666664
"New Bridge Games, Alawar Entertainment",2,80,30,3.335
New Companion,1,96,40,0.0
New Dawn Game Studio,2,111,4,0.0
New Hell Studios,2,74,22,0.3
New IDEA Games,1,40,13,0.0
New Reality Games,4,523,436,4.74
"New Reality Games, Eduard Mirica",1,19,27,4.22
New Star Games,1,574,248,1.87
New Star Games Ltd,1,83,14,0.62
New State,1,44,20,0.0
New World Computing,3,9,4,0.0
New World Interactive,3,240599,33245,25.813333333333333
NewAtlantisGameStudio,1,13,4,0.0
NewCo Entertainment,1,18,1,0.0
NewFort Studios,1,28,6,0.27
NewGen,2,111,44,0.0
"NewGen Interactive Software, Corp.",1,1,0,0.0
NewProjekt,1,26,20,0.0
NewWestGames,3,270,156,4.8999999999999995
Newbuild-C,1,56,7,0.0
Newgrange Game,1,13,8,0.17
"Newmatic Co., Ltd.",1,4,1,0.0
"NexZone Games, Vzionz, Intelitech",1,0,1,0.0
Nexcentric Games,1,448,246,1.9
Nexeon Studios,1,72,40,3.83
Nexile,1,11081,1222,6.97
Next Generation Gaming,1,16,16,0.0
Next Level Entertainment,1,0,1,0.0
NextDoorDev Games,1,6,5,0.0
Nexus Game Studios,1,1252,356,4.0
Nexus Interactive Arts,1,25,22,0.0
NexxeN GaminG,1,3,0,0.0
Nexxverse Games,1,65,40,0.0
NexyMedia,1,6,0,0.0
Nezhysoft,1,24,6,0.0
Nezon Production,2,6241,1157,7.635
Nhat Nguyen,1,169,29,3.37
Ni Hao,1,32,0,0.0
NiKa Games,1,2,0,0.0
NiTeFox,1,1,1,0.0
NiVision,2,58,21,0.0
NiaR,1,35,8,0.0
"Nibb Games, Guimaraf Studio",2,169,12,0.41
Nic3Ntertainment,1,1,2,0.0
"Nicalis, Inc.",3,1600,268,2.046666666666667
"Nicalis, Inc., Edmund McMillen",1,334165,9255,188.23
"Nicalis, Inc., Studio Pixel",1,7105,539,5.78
Niche Games,1,9,2,0.0
Nichita Ciuprin,1,67,9,0.0
Nicholas Hiller,1,2,0,0.0
Nicholas Hydock,1,18,13,0.0
Nicholas Ingulfsen,1,8,6,0.0
"Nicholas Jauregui, Fanatic LLC",1,11,0,0.0
Nicholas Lives,1,239,90,2.68
Nicholas Mallory,1,23,20,4.48
"Nicholas Novella, Joshua Novella",1,9,1,0.0
Nicholas O'Brien,1,17,1,0.0
Nicholas Orlowski,1,13,0,0.0
Nicholas Pellegrino,1,59,15,0.0
Nicholas Rizzo,3,1522,559,2.56
Nick,1,36,32,0.0
Nick Blake,1,2,2,0.0
Nick Helweg,1,22,11,0.0
Nick Hsu,1,6,1,0.0
Nick Kestle,1,5142,564,2.15
Nick Marinello,1,1,0,0.0
Nick Page!,1,133,20,0.13
Nick Shesterin,1,24,39,0.0
Nickana Studio,1,17,6,7.03
Nickelodeon,1,60,33,6.3
Nickireda,1,292,9,0.0
Nicklas Nygren,1,255,63,1.27
Nickolay Fedyaev,1,2,3,0.0
NickyH,1,4,4,0.0
Nico Tuason,1,256,23,0.0
Nicola Mari,1,0,3,0.0
Nicolas Bernard,4,432,343,4.45
Nicolas Peichel,1,4,1,0.0
Nicolas Pierre-Loti-Viaud,1,250,26,0.33
"Nicolás Recabarren, Tomás Batista",1,144,19,0.53
Nidal Nijm Games,1,834,32,2.75
Niebla Games,1,245,92,0.0
Niels Bauer Games,3,144,124,1.1066666666666667
NielsDev,1,3,0,0.0
Niema Moshiri,1,37,16,0.0
Nifedow Games,1,53,6,0.0
Nifflas,2,369,13,0.215
Nifflas Games,1,94,22,0.85
Nifflas' Games,1,391,70,5.5
Niffler Ltd.,3,1089,145,6.009999999999999
Niflheim,1,213,10,0.0
Nigel Fogden,1,34,3,0.0
Night Animals,1,16,41,5.05
Night Light Interactive,1,1482,321,4.0
Night Node,1,1483,304,3.07
Night Node Software,1,98,321,5.15
Night Owl Gaming LLC,1,3,2,0.0
Night School Studio,2,11480,1257,9.21
Night Stroll Studio,1,1,0,0.0
Night Whale,1,20,7,0.0
Night-time Sheep,1,134,8,1.03
NightLightAnimal,1,7,2,0.0
"Nightdive Studios, Acclaim Studios Teesside",1,1288,82,8.52
"Nightdive Studios, Irrational Games, Looking Glass Studios",1,7194,417,5.85
"Nightdive Studios, Monolith Productions",1,6775,305,10.05
"Nightdive Studios, Probe Entertainment, Iguana Entertainment",1,224,31,14.95
Nighthouse Games,1,63,11,0.0
Nightlife Strangers,1,60,7,0.0
Nightly Studios,1,48,31,6.15
Nightshade,2,194,38,0.0
Nihad Nasupovic,1,45,13,0.0
NihilNode,1,15,1,0.0
Nihilistic Software,1,771,104,6.7
Nihon Falcom,23,44761,3758,31.23478260869565
"Nihon Falcom, Engine Software BV, PH3 GmbH",2,4743,428,62.650000000000006
"Nihon Falcom, Mastiff",1,918,85,7.68
"Nihon Falcom, PH3 GmbH, Engine Software BV",1,1613,93,19.92
Nijumi Games,1,5,3,0.0
Niket Patel,1,16,12,0.15
"Nikhil Tailor, Ariflare",1,10,16,0.0
"Nikhil. T, Gabriel. H",1,169,72,5.1
Niki Odolphie,1,6,2,0.0
Nikita,2,507,336,4.9
"Nikita ""Ghost_RUS""",35,3425,1352,1.1557142857142857
"Nikita ""Ghost_RUS"", Underanger TheGachiWarrior",1,36,37,1.02
Nikita Kryukov,1,28937,998,0.82
Nikita Makeev,1,18,5,0.0
Nikita Markin,1,27,17,0.0
"Nikita Markin, Artem Basko",1,287,155,3.77
Nikita Nefedov,1,93,74,9.15
"Nikita Ustinov, Nikolay Lazarev",1,183,55,0.0
Nikk F.,1,517,211,0.0
"Nikkatsu Corporation, mebius",1,29,18,3.62
Niko,1,17,1,0.0
Nikola Bulj,1,90,12,3.9
Nikolai Usachev,3,621,103,1.5833333333333333
Nikolaj Piet Pagh,2,19,6,0.0
NikuTreat,1,18,2,0.0
Niles Sankey,1,87,42,0.0
Nils Jakrins,1,13686,3277,16.1
Nils Krautkremer,1,1,1,0.0
Nimativ Games,1,3,4,0.0
Nimble Giant Entertainment,4,3296,1371,2.5
Nimble Neuron,3,56467,14467,33.54333333333334
NimbleBeasts,1,20,1,0.0
Nimbly Games,3,2273,204,8.436666666666667
Nimos Games,1,33,28,2.15
"Nina Demirjian, Sean Park, Sean Porio",1,800,32,0.0
"Nina Freeman, Emmett Butler, Decky Coss, Joni Kittaka",1,2158,393,0.22
"Nina Freeman, Jake Jefferies, Ryan Yoshikami",1,26,0,0.0
"Nina Freeman, Laura Knetzger, Stephen Lawrence Clark",1,133,81,0.13
Ninba,1,21,4,0.0
Nine Dots Studio,2,20939,7814,11.285
"Nine Tales Digital, Bolt Creative",1,8,12,0.0
NinePlus Studio,1,51,21,0.0
NineStarWorks,1,8,1,0.0
"Ninetail, Dualtail",2,1029,60,17.265
Ninja Gamer Studio,1,11,0,0.0
Ninja Kiwi,9,404315,15903,18.646666666666665
Ninja Robot Dinosaur,1,313,123,3.58
Ninja Theory,6,103081,11165,6.625
Ninja Whale Studios,1,67,30,1.4
NipoBox,1,151,92,0.0
"NipoBox, fraimone",1,86,28,0.0
"Nippon Ichi Software, Inc.",11,14103,2459,13.361818181818181
"Nippon Ichi Software, Inc., Codeglue",1,131,38,12.1
"Nippon Ichi Software, Inc., PH3 GmbH",1,551,95,7.13
"Nise-Eikoku Studio, CUBETYPE",1,345,37,0.05
"Nitreal, GameHouse",1,53,6,0.0
Nitro Games,4,337,260,7.6049999999999995
Nitro Rabbit Labs,1,0,1,0.0
Nitro+CHiRAL,3,4330,180,10.473333333333333
Nitrome,1,272,28,23.5
Nitroplus,3,12250,928,71.17
Nitrous Butterfly,1,233,54,36.7
Nival,14,19471,7603,35.69642857142857
Nixtor Game Studio,1,172,15,1.48
Niël Slabbert,1,9,0,0.0
No Brakes Games,1,202253,11387,13.78
No Bull Intentions,2,105,54,4.725
No Code,2,8223,1692,10.205
No Future,1,115,37,7.67
"No Ghost, Atlas V",1,29,4,0.0
No Goblin,2,685,91,2.45
No Matter Studios,1,2381,553,3.43
No Moon,1,2533,452,8.02
No More Room in Hell Team,1,66753,7500,12.95
No Pest Productions,2,516,112,1.415
No Scope Studios,1,30,3,0.0
No Sleep Software Ltd.,1,2,0,0.0
No Strike,3,2378,135,1.7666666666666666
No Stuck Game Studio,1,1645,634,1.75
No Wand Studios,1,72,42,0.0
No one important,1,5,5,0.0
No-Brain Studio,1,36,56,0.98
No.25,2,670,216,0.21500000000000002
NoBreadStudio,1,75,5,0.0
NoClip,1,3426,254,37.27
NoFuel Games,1,30,3,0.0
NoTheOtherMatt,1,4,1,0.0
NoTime Studios,1,33,12,0.0
Noah Lewin,2,345,101,0.26
"Noah System, Mgame",1,5482,5404,93.22
"Nobab Moinuddin, CosmicNobab Games",1,93,5,1.17
Noble Empire Corp.,1,16184,3058,4.05
Noble Master LLC,2,2665,606,4.175
Noble Muffins,3,33342,4727,6.626666666666666
Noble Steed Games,1,6,1,0.0
Noclip,2,2158,386,3.5
Nocturnal works,2,911,201,3.92
Nocturnis9,1,4,0,0.0
Nodamex,1,110,40,0.13
Nodbrim Interactive,1,53,23,2.57
Nodding Heads Games,2,2597,522,2.585
Noetic Games,1,21,21,0.0
Noham Games,1,334,161,8.67
Noio,2,12199,1756,5.664999999999999
"Noio, Licorice",1,20023,2065,7.25
Noise Hunters,1,88,32,0.0
Noisy Owl,1,4,0,0.0
NolE,1,3,5,0.0
Nolan Ritchie,1,4,1,0.0
Nolla Games,1,74759,3718,25.2
Nom Nom Games,1,782,795,16.87
Nomad Assembly,1,18,15,3.77
Nomad Games,10,9542,2799,15.322
Nomada Studio,1,80404,3044,3.07
Nomina Games,1,15,3,0.0
Nominia,1,485,201,2.32
NomnomNami,1,8123,209,1.33
NonFictional Games,1,7,50,0.0
NonNobis Games,1,196,138,0.0
Nonadecimal Creative,2,101,78,1.7650000000000001
"Nonadecimal Creative, Super Duper Garrett Cooper",1,630,32,7.05
Nonline Studios,1,33,18,0.0
Nonlinear,1,39,10,0.2
"Noobedidoob, Elite90er",1,54,5,0.0
Noobz from Poland,1,6399,1710,10.42
Nooner Bear Studio LLC,2,125,30,0.84
Nooskewl,2,35,28,0.4
NoraPerikaProject,1,1,0,0.0
Norain Games,1,13,1,0.0
"Norain Games., JanduSoft",1,22,12,0.73
Norbert Palacz,1,111,13,2.38
NordCode,1,3,8,0.0
Nordcurrent,1,17,5,0.0
Nordic Trolls,1,1128,219,1.68
NordicAtlas,1,5,1,0.0
Nordville Technology LTD,1,18,26,0.0
Normal Distribution LLC,1,75,9,0.0
Normal Wholesome Games,1,536,261,1.27
NormerSE,1,3,0,0.0
Normunds Petrovs,1,51,29,0.0
Norn,3,285,123,1.68
Norrman Brothers,1,200,31,0.0
"Norse, Piko Interactive",1,17,15,3.57
Norsfell,2,17619,5336,6.74
North Lab,1,110,43,3.67
North Modding Company,1,50,32,0.0
North Side Inc.,1,66,31,0.0
North of Earth,2,489,352,1.56
Northern Amusements,1,1,1,0.0
NorthernBytes Software,1,332,55,2.97
NorthernLights Games,1,18,25,0.0
Northward Games,1,3,0,0.0
Northway Games,1,80,2,3.42
"Northway Games, Radial Games Corp",1,213,60,1.18
"Northway Games, Sarah Northway",1,1677,269,17.28
Northwood Studios,1,195923,18386,22.87
Nosebleed Interactive,1,69,45,0.0
Nostalgames,4,2868,411,9.9
Nostalgia,1,402,132,3.15
"Nostalgia Hound, PiGravity",1,106,114,4.33
Nostatic Software,1,11,0,0.0
NostraDamon,2,220,34,0.735
Not A Serious Game Studio,1,51,20,0.0
Not Awful Studio,2,59,61,0.0
Not Fun Games,1,657,22,0.0
Not Magic,1,27,10,2.83
Not So Boring Games,1,9,3,0.0
Not The Best Games,1,2,1,0.0
Not Yet,2,487,80,0.0
Not a Sailor Studios,1,3706,245,8.32
NotAGamer不玩遊戲,1,9,3,0.0
NotGames,4,13920,1085,1.9325
Notovia,4,2593,198,43.96
Notte Studio Games S.R.L.S,1,12,0,0.0
Notus Games Ltd,5,72,14,0.0
Noumena Studios,1,661,323,6.8
Noumenon Games,3,1547,103,2.5433333333333334
"Nova B12, OtakuNovel",1,73,39,0.0
"Nova Ideals, Alawar Entertainment",1,20,3,0.0
Nova-box,2,483,48,1.25
NovaLogic,13,3134,541,2.996923076923077
NovaSoft Interactive Ltd.,3,624,79,0.37666666666666665
Novalink,5,34087,19953,5.618
Novaq Games,1,86,60,2.25
Novarama,1,2455,1037,7.08
Novation Games,1,36,58,4.22
Novel Tea Games,1,101,33,0.27
"Novelline, Inc.",1,66,7,1.52
Novice Entertainment Limited,1,2,5,0.0
Novák Ferenc,1,1,1,0.0
Nowar Studio,1,1,13,0.05
Nowhere Studios,2,631,247,2.0700000000000003
Noxfall Studios,1,10,3,0.0
Noxurtica,1,3,0,0.0
Nozori Games,1,252,16,0.0
Ntronium Games,2,92,51,3.465
"NuChallenger, HurakanWorks",1,64,15,2.18
Nuberu Games,1,15,4,0.0
Nuclear Caveman,1,3,0,0.0
Nuclear Lunch,2,43,7,0.0
Nuclear Strawberry,1,373,10,4.52
Nuclear Tales,1,110,26,2.17
Nucleosys,1,354,74,4.33
Nude Maker,1,169,119,3.07
Nudiventra,1,98,10,5.02
Nugroho Studio,1,2,2,0.0
NukGames,9,10671,2087,4.054444444444445
Nuke Nine,1,4319,521,17.22
Nukearts Studio,2,605,24,0.51
Nuked Cockroach,1,207,117,0.0
"Nuligine, MadOut Games",2,41,64,0.0
Null Pointer Studio,1,23,24,0.0
Null Reference Games,1,69,38,0.0
Null Reference LTD,1,0,7,0.0
NullCloneGames,1,3,0,0.0
Nullpointer Games,1,166,83,2.17
Numantian Games,2,42501,7495,48.39
Numb Thumb Studios,1,11,2,0.0
Number None,1,9121,640,3.23
Numinous Games,1,1329,149,1.43
Nuno Donato,3,459,241,3.9266666666666663
"NuoMiGame游戏开发工作室, 玖日六叔",1,9,15,0.0
Nupixo Games,1,1078,135,4.8
"Nupu Neko Dev, Flat Chest Dev",1,683,67,1.85
Nupuryu no sato,1,650,51,3.45
Nuriverse,1,4,3,0.0
Nussygame,1,752,180,21.95
Nut-Wombat Studios,1,2,1,0.0
Nuts and Volts Electronics,3,17,10,0.0
Nuttery Entertainment,1,14,1,0.47
Nvizzio Creations,2,1618,4613,3.01
Nyahhoiya,1,13,0,0.0
Nyamakop,1,326,54,0.2
Nyamyam,2,1890,360,1.425
Nyanco Channel,4,226,51,0.0
Nyanko Games,1,5,7,0.0
Nyfarious,1,11,1,0.0
Nysko Games Ltd.,1,11,1,0.0
Néo-Riki Games,1,56,26,0.0
Néotl Empire,1,8,1,0.0
O L Y M P U S,1,50,43,0.0
O. Kaya,3,140,38,0.0
O.T.K Games,1,7410,851,5.47
OBLONE Software,1,419,258,3.28
OCCA Studios,1,80,52,0.0
"OCP, Yuri Chuchmay",1,20,1,0.0
"OCR Dev Team, Onur Uça",1,242,452,0.32
ODBear Studios,4,23,23,1.33
ODD Games,1,159,173,2.38
ODDROK,1,288,32,3.57
OE WORKS,1,6,2,0.0
OFF1C1AL,2,4,13,0.0
"OFFMONREAL, Alex Fedorchenko, Andrey Antonov, Kirill Fedishin, Andrey Zuev",1,35,24,0.0
OGUREC APPS,1,47,24,0.0
OKAM Studio,2,251,68,0.665
OKONNAYA RAMA,2,15,5,0.0
OKYO GAMES,2,6481,305,0.66
OLKON GAMES,1,88,20,0.0
OMAGX Studios,1,9,6,0.0
OMEGACORE,1,3,0,0.0
OMNIDREAM CREATIONS,3,218,89,2.4
"OMOCAT, LLC",1,78023,2214,22.63
ON Reality lab.,1,9,6,0.0
ON3D Studios,1,56,59,4.22
ONE MORE LEVEL,1,226,44,2.4
ONE-O-ONE GAMES,1,4394,2006,3.68
ONEIMMERS CO.. LTD.,1,15,14,0.0
ONEONE1,4,8082,1221,4.6975
ONITRON STUDIO,1,12,9,0.0
OOO Gameprom,1,65,36,0.0
OOpopgames,1,0,2,0.0
OPAL Studio,1,9,1,0.0
OPQAM,2,102,78,0.85
"ORANGE CUBE, INC.",1,20,8,0.0
ORBI Games,1,12,11,0.0
ORICO interactive,1,12,6,0.0
ORIGAME DIGITAL,1,1034,98,1.9
"ORIGIN Systems, Inc.",1,25,0,0.25
ORQA,1,1796,384,1.37
OSI Studios,1,4,0,0.0
OSome Studio,5,2293,746,4.3740000000000006
OTA IMON Studios,1,711,82,22.63
OTBS,1,0,3,0.0
OTUSUN LAND,1,33,1,0.0
OVERDRIVE,1,2695,425,2.52
OVERKILL - a Starbreeze Studio.,2,631897,71408,98.5
OWG Studios,1,96,59,0.0
OXO Games,2,298,253,0.0
OZNA STUDIO,2,78,20,0.0
OZYSOFT,1,94,35,0.0
Oakley Blade Games,1,122,45,0.0
Obi-Wanya,2,24,13,0.0
ObjectOnIT,1,78,104,0.0
Objectif 3D,4,206,38,0.0
Oblion Studio,2,130,57,4.15
Oblivionburn Productions,1,96,66,3.27
Oblix LLC,1,31,11,0.33
Oblom studio,2,78,12,0.0
Oblomov Industries,1,115,32,0.0
Obscurasoft,1,1116,50,7.32
Obscure Tales,1,643,83,4.6
ObsessionSoft,1,826,179,3.58
Obsidian Entertainment,11,485015,35386,28.934545454545454
"Obsidian Entertainment, Aspyr (Mac, Linux, & Windows Update)",1,22754,1556,22.08
"Obsidian Entertainment, Wishlist Games",1,3238,1713,23.92
Obulum,1,16,0,0.0
Occult Games,1,11,12,0.0
Occupational Hazard LLC,1,3,0,0.0
Occupied VR,1,2,1,0.0
Ocean Software,2,39,26,0.0
Ocean's Dream,1,55,9,0.0
Oceandeep Network,1,2,0,0.0
Ocellus Studio,1,476,29,0.0
Ocelot Society,1,1789,440,3.83
Octane Games,1,185,131,0.25
Octeto Studios,1,32,14,0.0
Octillion Entertainment,1,15,2,0.0
OctoBox Interactive,2,74,41,0.0
October Games,1,121,15,0.72
OctoberRaven,1,1,2,0.0
Octopi is not a Word,1,4,0,0.0
Octopirate Games,1,26,3,0.0
Octoshark Studios,1,5227,730,8.37
Ocumens LLC,1,3,0,0.0
Ocze,1,31,9,0.0
Odd Bug Studio,1,10939,1433,6.52
Odd Comet Games,1,34,26,0.0
Odd Critter Games,1,5,0,0.0
Odd Emu,1,13,3,2.23
Odd Meter,1,228,40,0.65
OddBird,1,41,18,1.05
OddOneGames,1,4364,2328,20.43
Odders Lab,1,222,61,1.43
Oddfellows Software,3,19,1,0.0
Oddscure,1,118,63,0.22
"Oddscure, RadioDog",1,57,13,374.58
Oddshot Games,1,2148,392,1.1
Oddworld Inhabitants,4,7454,1173,5.4175
Odin Game Studio,4,1441,2152,2.0
Odious Studios LLC,1,167,36,0.0
Odisi Games,1,55,14,1.88
Odooh Games,1,56,26,0.12
Ofer Rubinstein,2,13,1,0.0
Office 5656,1,189,50,9.95
OfficialAndy,4,3989,946,0.3125
OfficialCH,1,14,10,0.0
Offworld,2,193596,41619,64.475
Offworld Industries,1,101,46,0.42
Offworld Systems LLC,1,9,2,0.0
Ogre Head Studio,1,585,101,4.3
"Oh, a Rock! Studios",5,126,19,0.12
OhNoo Studio,1,2455,155,3.87
"OhNoo Studio, Smile",1,1718,92,2.02
Ohayo Software,2,7,1,0.0
OikariBuncho,1,0,3,0.0
Oil Wars Team,1,26,8,0.0
Oimoland,1,114,1,1.25
Oki Aki,1,16,1,0.0
Oklava Games,1,14,2,0.0
Okomotive,2,25535,1453,5.51
Okugi Studio,1,67,55,1.67
Old B1ood,1,14733,4239,17.82
Old Eagle,3,10,6,0.0
Old Games,2,1572,803,4.585
Old Keyboard,1,67,21,0.0
Old School Games,1,1785,740,3.88
Old School Vibes,3,115,4,0.0
Old Shack Studio,1,68,152,3.52
Old Skool Games,1,13,3,0.0
"Old Skull Games, GameHouse",3,316,30,0.0
Old World Studios™,1,79,13,0.0
Oldblood,1,349,63,1.07
"Olde Sküül, Sculptured Software",1,188,175,0.13
OlderBytes,1,84,23,0.0
Oldmoustache Gameworks,1,243,174,2.5
Ole Lange,1,1477,53,33.38
Oleander Garden,2,106,16,0.0
Oleg Dammer,1,54,37,0.0
Oleg Klaus,1,19,3,0.0
Oleg Sereda,5,99,10,0.0
Oleg Shestoperov,1,12,47,0.0
Oleg Skutte,2,15884,2297,1.55
Oleh Baziv,1,32,48,0.0
Oleksandr Savostianov,1,235,8,0.0
Oli Taylor,1,10,5,0.0
Olipa Games,1,184,71,25.78
Oliver Boyce,1,119,40,5.12
Oliver Keppelmüller,1,86,48,4.05
Olivier Archer,1,15,2,3.3
Olivier Leclair,2,117,37,0.8
Olivier Monaret,1,38,21,0.0
OlivierJT,1,28,5,0.0
Olli Arkko,1,27,26,1.75
"Olli Harjola, Otto Hantula, Tom Jubert, Carlo Castellano",1,6929,440,2.83
Oluin,1,5,3,0.0
Omaj,1,16,1,0.0
Omega Games,1,10,22,0.13
Omega Point Games,1,50,51,4.35
Omegan's Domain,1,2,1,0.0
Ominous Entertainment,2,108,51,0.0
Ominous Horizon Studios,1,2,1,0.0
Ominux Games,1,649,339,2.77
"Omnem, CyberSports, Soul Playing Games, Ohm",1,378,177,0.0
OmniStorm Gaming,1,11,0,0.0
Omniconnection,1,692,325,3.08
Omnigames,1,12,26,0.0
Omnirift,1,18,4,2.65
Omniscience,1,19,8,1.75
On Target Simulations,1,221,28,4.93
On The Level Game Studios,2,228,85,0.635
On The Wall Entertainment,1,5,1,0.0
On5,1,98,54,3.28
OnSkull Games,9,2529,1620,1.921111111111111
Once A Bird,1,11,0,0.0
Once More With Gusto,1,49,26,2.93
"Once重置制作室, JingtuStudio, 乌鸦大仙",1,142,15,0.0
Ondori Games,1,8,4,0.0
Ondrej Hroch,1,34,37,0.0
One Armed Bandit,1,18,4,0.0
One Bit Studio,1,38,6,4.93
One Buck,2,5,20,0.0
One Button Please,1,87,10,0.0
One Dreamer Company,1,763,31,0.0
One Earth Rising™,1,8,6,0.0
One Face Studio,1,1,3,0.0
One Gruel Studio,2,1287,126,3.0599999999999996
One Hamsa,1,507,22,1.58
One Life Games,1,10,3,0.0
One Man Band Games,1,25,22,0.45
One Man Behind,1,369,256,0.35
One Man Games,1,17,9,0.0
One Man Left Studios,1,17,6,0.0
One More Dream Studios,1,217,168,2.18
One More Level,2,1059,380,2.46
"One More Level, 3D Realms, Slipgate Ironworks™, All in! Games",1,57713,5436,7.07
One Secret Pseudo,1,83,47,0.0
One Shark,1,160,62,0.0
One Tap Games,8,24,82,0.04
One Tasteful Succulent,1,18,5,0.0
One Unify,1,3,7,0.0
One Up Plus Entertainment,2,504,129,3.035
One Wheel Studio,1,79,30,0.0
One Wing Cicada,1,197,21,2.85
"One or Eight, Team EARTHWARS",2,984,370,1.74
One-bit Punch,1,64,47,0.0
OneBlock,1,237,44,0.48
OneBrainIndieGames,1,3,0,0.0
OneGuyGames,1,18,3,0.0
OneMac,1,86,4,0.0
OneManTeam,1,130,56,0.15
OneOneGames,1,66,51,0.0
OneShark,4,2345,338,20.317500000000003
Onefurinthebox,1,5,1,0.0
Oneiric Entertainment LLC,1,80,22,0.25
Oneiric Worlds,1,15,0,0.0
Onemangames,1,3,0,0.0
Oni Gaming,1,692,74,63.05
OnigiriStudio,1,294,264,16.55
"Onion Core, Bruno Bombardi, Alejandro Elizalde",1,108,14,6.78
Onion Games,3,219,22,33.88999999999999
Onion Soup Interactive,1,306,31,1.32
OnionMilk,2,40,19,0.025
Online OciGrup SL,1,151,34,0.0
Only By Midnight Ltd.,1,29,3,0.0
Onni Interactive,1,222,50,4.22
Onogoro Games,1,4,1,0.0
Onteca Ltd,3,83,52,3.0833333333333335
Onur Doğan,2,119,64,0.0
Onur Vural and Leigh Christian,1,45,7,1.48
Onyx Lute,2,9142,442,9.934999999999999
Oointah,1,96,30,4.0
OpalA dev,1,257,17,0.0
Opala Project,4,83,9,0.0
Open Alpha,1,20,4,0.0
Open Maw Productions,1,19,0,0.0
Open Mid Interactive,1,664,94,0.0
Open Sky Studios,1,2,0,0.0
Open World Interactive,1,57,75,0.0
OpenTTD,1,13845,549,0.0
Opendream,1,39,2,0.0
OperaHouse Corporation,2,85,54,0.0
"Operation Constellation, Valentina Baker",1,6,1,0.0
OppaiMan 2D,1,662,96,1.77
Oppressive Games,1,62,47,0.0
OptiMAST,1,37,0,0.0
Optical Override,1,260,10,3.63
Optillusion,1,4906,393,2.78
Option 44,1,205,16,0.0
OptizOnion,1,11,2,0.0
Opus,2,1763,255,5.76
Oracle and Bone,1,1891,74,3.15
Orange Valley,1,46,8,0.0
OrangeGames,2,66,24,0.0
Orange_Juice,8,28874,3012,5.7675
Orangepixel,8,219,86,1.42625
OrangesGame Technology Limited,1,367,211,12.47
Orangutan,1,3,1,0.0
Orata Studio,1,457,23,0.0
Orbcreation,1,696,307,7.42
Orbi Universo Team,1,177,67,0.13
Orbis Studio,1,13,8,0.0
Orbis Tertius Games,1,6,1,0.0
Orbital Express,1,410,131,5.2
Orbital Knight,1,87,59,1.77
"Orbital Speed Studio Co.,Ltd.",1,252,173,1.53
Orbital Views,1,85,31,0.02
"Orbus Online, LLC",1,913,282,6.85
Orc Hunter Developer Team,1,10,14,0.0
Orca Layout,1,1837,102,2.1
Orchid Games,1,238,24,4.05
Orchidstra Entertainment,1,25,12,0.0
Orcsoft,1,116,55,1.13
Order &amp; Entropy Studios,1,18,3,0.0
Orenji Games Entertainment,1,5,1,0.0
Oreol,2,3011,1168,5.035
Orfeas Game Studio,4,87,13,0.5625
OrgAction LLC,1,9,1,0.0
Organic 2 Digital Studio,2,888,132,3.1
Organic Apps,1,13,2,0.0
Organic Humans,1,63,106,1.03
Organic Robot Games,1,4,2,0.0
Ori Mees,1,53,6,0.0
OriGaminc,1,4,6,0.0
Oribe Ware,1,24,7,0.0
Origin8,1,114,30,8.65
Origin8 Technologies Ltd,1,47,13,17.98
Origin8 Technologies Ltd.,1,2334,237,17.38
Original Fire Games,1,1955,311,3.6
Original Gam,1,8,25,0.0
Original power,1,362,101,1.62
Orika Nekoi,1,262,21,0.0
Oriolus Software GmbH,1,313,389,5.83
Orion Games,3,790,696,5.196666666666666
OrionSoft,3,54,25,0.0
Orius Games,1,2696,106,0.0
Orlando Santos de Oliveira,2,8,4,0.0
Orlyapps,1,870,122,2.85
Orobo Games,1,0,3,0.0
Orongto,1,82,13,0.0
Orpheus's Dream Team,1,166,71,0.0
Orphic Software,1,129,58,9.27
"Orrery Games, Blip Haus Design",1,29,2,0.0
"Orteil, DashNet",1,77218,2674,225.83
Ortharion project,1,99,53,2.87
Orthogonal Games,2,1698,352,2.0
Orthrus Studios,1,132,172,0.43
Orube Game Studio,1,706,20,13.1
Oruji Productions,1,30,20,3.87
Oryon Entertainment,1,82,79,4.87
Oryzhon Studios,2,89,89,6.26
Osarion,1,1347,72,0.0
OsarisGames,1,364,130,2.03
Osborne Games,1,3,0,0.0
Oscar Brittain,1,189,143,3.55
Oscar Celestini,2,174,71,1.785
"Oscar Ortigueira López, OrtiGames/OrtiSoft",1,25,4,0.0
Oscar Rindel Peulicke,1,9,2,0.0
Osgoode Media,1,36,11,0.0
Oskar Stålberg,1,20101,927,2.3
Osky Studios,1,32,9,0.0
Oslo Albet,2,1102,137,23.455
Osmose Studio,2,2445,353,2.635
Osmotic Studios,2,14869,1838,4.42
Ostrich Banditos,1,1713,162,3.85
Osumia Games,1,14195,1932,23.62
Ot Vinta,1,160,53,0.0
Ota Guchi Field,1,193,67,2.28
Ota Mato,1,248,11,8.2
Otaku,1,2,0,0.0
Other Ocean Emeryville,1,3584,777,32.85
Other Ocean Interactive,3,19820,4174,22.296666666666667
Other Tales Interactive,1,9497,1559,2.68
OtherSide Entertainment,1,373,704,3.93
Otherworld Interactive,1,220,46,0.95
Otis Anderson,1,32,0,0.0
Otis Miller,2,77,29,0.96
OtterWays,1,24,4,0.0
Oubliette,1,281,130,2.85
Ouch Giver Games,1,12,3,0.0
Oudidon,1,51,16,0.0
Oung Oung,1,2,1,0.0
OurLastSpring,3,11,14,0.0
OuroborOs_,1,1,0,0.0
Ouroboro Soft Inc.,1,65,2,0.0
Out Gaming,1,89,8,0.0
Out Of Bounds,1,43,10,4.3
Out Of Time Interactive,1,10,4,0.0
Out of Bounds Playground,1,23,13,0.0
Out of the Blue Games,1,4559,609,3.97
Out of the Park Developments,7,6665,839,107.04142857142858
"Out of the Park Developments, Minos Games",6,854,324,11.868333333333332
OutOfTheBit Ltd,2,229,63,0.35
Outer Brain Studios,1,276,32,0.03
Outer Planet Studios,2,184,61,0.075
"Outerdawn, Lost Goblin",1,267,93,12.83
Outerlight Ltd.,3,6611,1342,2.4266666666666667
Outerlynx,1,5,1,0.0
Outerminds Inc.,1,1461,157,7.18
"Outgunned Games, Invisible tile",1,18,6,0.0
Outis Media,1,167,7,0.0
Outlands,2,293,164,1.85
Outlaw,2,13,1,0.0
Outlier,1,447,180,1.98
"Outpost Games, Inc.",1,1880,4882,2.92
Output Enable Studio,1,5,0,0.0
Outrage Entertainment,1,66,32,0.13
Outside Realm,1,2,0,0.0
Outsider Games,1,102,30,0.88
Outsmart,1,184,175,6.47
Over The Moon,2,3768,570,4.5
Over the Top Games,3,1202,213,2.4066666666666667
OverPowered Team,1,152,82,0.58
OverTurn Studios,1,14,10,0.0
Overaction Game Studio,1,23,5,0.0
Overcloud9,1,29,32,1.87
"Overcloud9, Phantasm Games",1,38,37,4.48
Overflow,5,1105,196,1.434
Overgroup,1,848,295,2.9
Overhype Studios,1,21455,2874,96.5
OverjoyedGameDevs,1,31,2,6.17
Overly Complicated Games,1,237,143,0.78
Overon Station,1,9,0,0.0
Overrun Games,1,21,3,0.0
Overseer Games,1,2190,805,4.43
Oversight Productions,1,13,25,0.0
Overture,1,255,44,1.8
Ovid Works,2,843,163,3.2249999999999996
Ovilex Software,1,56,173,1.25
Ovosonico,1,3861,590,7.55
"Owen Smallwood, Duncan Boyes",1,12,8,0.0
Owen6936,1,23,11,0.0
Owl Cave,2,836,246,3.2
Owl Green Sea,1,26,1,0.0
Owl Studio,1,79,10,3.98
Owl Tribe Entertainment,1,360,166,0.0
Owlcat Games,2,58304,13613,75.065
Owlchemy Labs,7,8403,1469,3.9171428571428573
Owlet,1,2546,358,11.65
Owlskip Enterprises,1,19,4,0.0
Owned by Gravity,2,1093,239,1.025
Oxeye Game Studio,3,935,115,1.0933333333333335
Oxymoron Games,1,7392,956,21.43
OyFyBy,1,14,8,0.0
Oz,1,1113,125,2.27
Ozan SEN,1,2,1,0.0
Ozani Games,1,4,3,0.0
Ozark Softscape,1,75,8,1.22
"P. G. 制作组, V.P. TEAM",1,115,29,0.0
P.N.studio,1,2,0,0.0
P3 Games,1,5915,362,25.97
PALETTE,6,5806,249,5.8566666666666665
PBS Designs,1,23,15,0.0
PC van Eekelen,1,7,4,0.0
PCAndVR,1,6,0,0.0
PD Design Studio,1,91,136,6.37
PDS Games,1,2,1,0.0
PEKA Gaming,1,63,21,0.0
PENPEN,1,21,25,0.0
PERFECT PARALLEL,1,595,309,0.1
PG Entertainment,1,0,5,0.0
PHB Media LTD,1,244,52,0.0
PHL Collective,2,182,36,1.65
PHOSEPO,1,439,21,0.0
PICOPICOSOFT,1,332,57,8.42
PICORINNE SOFT,1,187,37,1.25
PING YI LIN,1,291,36,12.35
PINIX,2,3678,336,10.375
PIXELBUG,1,9,15,0.0
PIXOWL INC.,2,939,1114,1.075
PIXYUL,1,110,72,0.0
PIxelssoftworks,1,19,42,0.0
"PJ Rivas, Daniel Onstott, Hannah Marquardt, Mitchell Dixon",1,32,2,0.0
PLAY Mephistowaltz,1,28,9,0.0
PLAYCASTLE,1,25,3,0.0
PLAYWITH Inc.,1,381,154,3.6
PN,1,7,1,0.0
POLYART STUDIO,1,28,14,0.0
POLYGON GAMES,1,4,2,0.0
PONY,2,2013,102,2.865
PPC,1,10,11,0.0
PR games,1,1,2,0.0
PRELOADED,1,3,0,0.0
"PRIMATE GAMES CO., LTD.",1,0,2,0.0
PROJECTaroid,1,1,0,0.0
PROMVI GAMES,1,59,37,0.0
PRORTUS,1,94,83,3.88
PS Games,4,182,52,1.2075
PSR Outdoors,1,3,9,0.0
PSS,1,1,1,0.0
PSY LABS,1,37,8,4.02
"PT.farm Inc., Imperium42®, LLC",1,2070,648,24.87
PTL,1,2,0,0.0
PUBG Corporation,1,1520457,1037487,396.47
PUMPKIM,1,8585,2171,3.08
PWNED Studio,1,70,61,0.0
Pablo Arismendi Rabe,1,18,7,0.0
Pablo Barrón,1,26,5,0.0
"Pablo Heckman, Toby Davis",1,6,1,0.0
Pablo Leban,1,7488,1279,59.8
Pablo Rodriguez,1,1,0,0.0
Pablo Vidaurre Sanz,1,268,57,0.9
PackDev,1,23,7,0.0
PacoProject,1,67,11,0.0
Paddle Team,1,26,6,0.0
Page 44 Studios,1,100,18,0.0
Pagie Portal,1,4,3,0.0
Paintbucket Games,2,2460,964,6.29
Painted Black Games,1,384,72,1.25
Painted Sky Studios,1,13,8,0.0
Pajama Llama Games,1,2114,632,7.1
"Paladin Studios, Stormbound Games",1,821,353,7.57
Palaplay,1,43,19,2.97
Paleno Games,5,1201,257,1.5340000000000003
Paleodev,1,289,61,0.98
Paleontology,1,692,21,14.17
Paleozoic,1,70,30,3.45
Palfrey Games,2,7,19,0.0
PalfreyGames,1,0,2,0.0
Palikkapeli Entertainment,1,20,2,0.0
Palindrome Interactive,1,344,215,1.55
Palladium Games,1,1,0,0.0
Palladium Soft,1,65,4,2.25
Palmsoft,1,204,134,6.62
"Paloma Dawkins, Kyler Kelly, Catherine Debard",1,31,10,0.0
PampaFox,1,9,1,0.0
Pan Gangowski,1,4,0,0.0
Pan Studio,1,102,19,0.0
PanGuoJun,6,338,141,1.075
PanTrojan Studio,1,3,1,0.0
Panache Digital Games,1,8006,2180,5.52
"Pancake Games, Bit Golem",1,7014,803,8.53
PancakeGames,3,42,21,0.0
"Panda Drop Games, Jeff Rigler",1,8,5,0.0
Panda Indie Studio,3,636,179,3.063333333333333
"Panda Indie Studio, WrathSchneider",1,94,28,4.45
Panda Pasha Games,1,2,1,0.0
Panda Studio,1,200,110,4.12
PandaCat 熊喵独立游戏,3,517,78,11.616666666666667
Pandemic Studios,5,56034,3327,4.276
Panic Art Studios Ltd,1,29813,13699,25.2
Panic Ensues Software,2,365,31,0.015
Panic OK!!,1,12,9,0.0
PanicBarn,2,2386,481,5.83
Pankabre,1,1,0,0.0
Pannl Inc.,1,42,22,0.0
Panoramik Inc,1,1991,663,8.27
Pantera Entertainment,2,253,326,2.27
Panther Software,1,1,1,0.0
"Pantumaca Barcelona, @CarlosGameDev",1,61,38,2.42
"Pantumaca Barcelona, @CarlosGameDev, Dani Navarro, Luka Nieto",1,925,482,3.58
Panzar Studio,2,4045,1958,31.275
Panzer Gaming,1,22,40,3.8
Panzer Gaming Studios,1,81,309,5.17
Papani Games,1,1,0,0.0
Papaonn,1,257,67,0.0
Papaya Studio,3,643,99,2.3766666666666665
PapayaDev,1,25,2,0.0
Paper Castle Games,1,979,139,5.3
"Paper Crane Games, TwinSky Games, Cartoon Network Studios",1,131,10,0.55
Paper Cult,2,218,27,1.735
Paper Fan Games,2,22,2,0.0
Paper Games,1,5,4,0.0
Paper House,1,306,39,2.5
Paper Pirates,1,18,36,0.0
Paper Plane,1,62,43,0.22
Paper Promises Programming,1,312,74,2.68
Paper Rose Games,1,2,1,0.0
PaperMill Games,1,1,0,0.0
PaperSeven LTD,1,355,74,3.32
Paperash Studio,1,142,50,1.17
Parable Worlds,1,2,2,0.0
Parables Games,2,36,3,0.0
Parabole,1,2807,577,3.6
Parabox,1,110,28,4.72
Paradox Development Studio,16,688198,96239,76.94437500000001
"Paradox Development Studio, Paradox Tinto",1,116432,18004,319.73
Paradox Terminal,1,44,44,0.0
"Paragon Software, Microplay",1,3,0,0.0
Parallax,2,585,26,0.485
Parallax Arts Studio,1,136,95,0.9
Parallaxian Pty Ltd,1,190,77,40.67
Parallel Circles,1,491,53,1.23
Parallel Intersection Studio,1,5,0,0.0
Parallel Space Inc,2,1973,818,49.16
Paralune LLC,1,138,8,4.43
Parange Project,1,385,52,14.85
Paranoid Interactive,1,2603,1111,3.58
Paranoid Productions,1,88,60,0.45
Paraverse Games,1,5,2,0.0
PardelWorks,1,8,3,0.0
Pariah Interactive Inc.,1,40,19,0.0
Paris Stalker,1,16,2,0.0
Park SeongHun,1,8,1,0.0
"Parmjit Singh, Parul",1,1,2,0.0
Paro,1,59,49,0.83
Parovoz Animation Studio,1,24,2,5.17
Parseh Game Studio,1,89,56,5.07
PartTimeIndie,1,938,169,10.5
Parta Games Oy,1,124,34,3.05
Partial Reality,1,30,9,0.0
Particle Systems Ltd.,2,65,22,0.19
"Party Goose, Digital Crafter",1,12,2,0.0
Party Robot Studio,1,25,12,3.03
Party for Introverts,1,82,22,0.0
Pascal Dittrich,2,87,14,0.0
Pasha Bin,1,1,0,0.0
Passtech Games,4,9941,2096,7.1625000000000005
Pastagames,1,324,78,2.62
Pat Scott,1,12,12,0.85
Patagoniart,2,211,130,4.325
PatatEj,1,12,25,0.05
Patchwork Games,1,24,0,0.0
Path Games,1,236,23,9.57
Patha Pradipa 挪灯人,1,24,9,0.0
Pathea Games,4,45189,6407,15.18
Pathfinder Games,1,110,72,0.0
Pathos Interactive,1,157,138,30.68
Patria Games®,1,75,16,0.0
Patrice Meneguzzi,1,117,26,0.0
"Patrick Kelley, CIT",1,8,1,0.0
Patrick Murrell,1,15,1,0.0
"Patrick O'Connor, Joshua Suskalo, Christian Hall, Arthur Parker, Dorsey Ledger, Natalie O'Connor, Landon Creech, Nathan Andre, Cassandra Doeinck, Nicholas Kovacevich",1,31,27,0.0
Patrick Sweeney,1,8,0,0.0
Patrick Traynor,1,4437,35,7.37
Patrick Wilson,1,35,8,0.0
Patriot Game Studio,1,52,38,5.18
Patron Ibrahim,1,183,86,1.95
Patryk Taranek,1,66,129,3.9
Patsui Games,1,57,6,0.0
Paul Bird,4,2898,237,0.4325
Paul Connor,5,26,3,0.0
Paul Cooper,1,5,1,0.0
Paul Cuisset,2,619,252,2.785
Paul Daulby,1,13,0,0.0
Paul Demanze,1,65,1,0.0
Paul Fisch,1,7365,1187,3.87
"Paul Georghiou, Eyeball2D",1,26,4,0.0
"Paul Georghiou, Jeremy Swanson",1,32,15,0.0
"Paul Helman, Sean Scaplehorn",1,535,130,7.18
"Paul Jessup, Prezumoto, Destroyer851",1,1,0,0.0
Paul Marrable,1,272,283,3.02
Paul Miell,1,5,1,0.0
"Paul Podberezko, Daniil Naletov, Alexander Ahura, Haim Schnitzer",1,230,15,0.0
Paul Schnepf,1,1377,113,0.98
PaulArt,2,29,36,0.0
Paulo Henrique Franqueira,1,70,7,0.0
Paulo Henrique Pedrassi,1,4,0,0.0
Paulo Robson Allonso,1,25,5,0.0
Paulo Sigrist,1,2,0,0.0
Pauloondra,1,534,90,0.0
Pavel Jamal,1,205,32,12.18
Pavel Kostin,2,516,132,3.3
Pavel Kudinov,1,294,75,17.63
Pavel Kutejnikov,1,97,12,0.0
Pavel Ryabtsev,1,8,6,0.0
Pavel Zinchenko,2,173,60,0.0
Pavilion Media LLC,1,25,1,0.0
Pawel Zajac (Artbarian Games),2,1163,260,0.665
Paweł Dywelski,1,45,56,0.13
Paweł Mogiła,1,184,99,3.22
Pawley Games,1,334,122,6.13
Payload Studios,1,21368,2042,38.27
Payoff Technologies,2,240,140,0.26
Pb Studios,1,93,124,0.0
Pea,1,35,22,0.0
Peace,1,8,4,0.0
Peach Pie Productions,1,582,102,7.43
Peachy Keen Games,1,4175,605,2.47
Peacock Dreams Games,1,13,9,0.0
Peak Angle Team,1,525,340,5.55
Peaksel,7,1233,406,1.5214285714285716
Peaksel D.O.O. Nis,1,19,29,0.22
Peanut Button,1,163,13,0.0
Pearl Abyss,2,67480,24923,62.339999999999996
Peas,1,14,0,0.0
Peasant Studio,1,0,1,0.0
Pedro Castro Menezes,1,6,1,0.0
Pedro Gilabert,1,10,2,0.0
Pedro Henrique Baretta,1,3,0,0.0
Pedro Roujin,1,3,0,0.0
Pegnio Ltd,1,29,32,0.0
Pehesse,1,40,13,0.0
Pelican Party Studios,1,646,50,0.0
Pelikan,1,3,0,0.0
Pelikan13,1,903,168,4.57
Peltast Software,1,395,22,4.03
Pen and Sword Games,1,15,31,5.45
Pencil Test Studios,1,918,653,0.87
Pendulo Studios,7,3757,898,9.428571428571429
"Pendulo Studios, YS Interactive",1,5031,929,8.08
PenguiNet,1,99,10,4.7
Penguin Void Productions,1,125,32,0.0
Penny McDonald,1,137,3,0.0
Penrose Studios,1,570,37,0.42
PentaBit,1,2,2,0.0
"Pentadimensional Games, SL",1,1468,588,3.82
Pentavera,1,35,4,0.0
Peoleo Entertainment,1,134,122,0.98
People Can Fly,3,49695,21361,23.823333333333334
People Gotta Play,1,11,13,0.0
PepoLab,2,210,124,0.1
Pera Games,1,408,462,8.63
Percepied,1,2,1,0.0
Perchang,1,187,127,5.68
"Perchang, Twistplay",1,13,0,0.0
Peregrin Developers,1,277,68,3.72
Perfect Day Studio,1,1474,260,6.67
Perfect Square Studios,1,30,26,2.52
Perfect World Games,1,116,179,0.0
Perfect games,1,61,57,0.0
Perfectly Generic Team,1,1503,255,0.0
Perfectly Paranormal,2,3122,609,5.415
Perfuse Entertainment,1,26261,2748,10.32
Perigon Games,1,7,5,0.0
Perilous Orbit,1,39,12,0.0
Perish Arts,1,27,20,0.0
Permadeath,1,1650,449,26.63
Permafrost Studio,1,163,73,3.98
Pernich Media,1,14,5,0.0
Perro Electrico,1,30,3,0.0
Persistant Studios,1,21,12,1.52
Persona Theory Games,1,26,2,0.0
Persona and Pixel studio,1,82,84,1.93
PersonaeGame Studio,1,2599,1178,15.23
Personal,1,0,1,0.0
Personal Software Services,1,4,0,0.0
Perun Creative,1,7456,1397,12.23
Perverse Games,6,656,160,0.645
PestoForce,1,412,65,3.2
PetGirl,1,42,20,0.0
PetRem Labs,1,1,1,0.0
Petcom ltd.,1,5,3,0.0
Pete Wilkins,1,46,5,0.0
Peter Brinson,1,86,47,0.0
Peter Brinson and Kurosh ValaNejad,1,1000,68,0.22
"Peter De Jong, Albert Wang",1,18,9,0.0
Peter Fuleki,1,1,0,0.0
Peter Hann,1,32,31,0.0
Peter Hrdy,1,9,7,0.0
Peter Klauser,1,7,1,0.0
Peter Labick,1,31,15,3.37
"Peter Labick, Connor Laux",1,29,17,3.57
Peter Lacalamita,1,64,48,5.03
Peter Lee,1,5,0,0.0
Peter Moorhead,1,190,330,3.2
Peter Soltesz,1,43,5,0.0
Peter Todorov,1,344,76,3.35
Peter Whalen,1,277,33,2.85
Petit Depotto,1,1412,175,6.98
Petite Games,5,190,52,1.4060000000000001
"Petorio, Peter Hofbauer",1,57,3,0.0
Petr Šimůnek,1,186,88,0.0
"Petricore, Inc.",1,11,2,0.0
Petriheart,1,566,275,0.0
Petro Shoferystov,1,47,7,3.33
Petroglyph,7,43222,2638,9.89857142857143
"Petroglyph, Lemon Sky Studios",1,29891,3069,21.75
"Petroglyph, Six Foot",1,2898,1376,8.87
Petrov Yuriy,1,4,8,0.0
"Petter Malmehed, Jösses",1,34,19,0.0
Petums,1,851,67,0.75
Petushock Production,1,63,7,0.0
Pew Times Three,2,239,44,0.915
Pewter Games Studios,1,763,102,2.62
Pezomi,1,61,26,1.03
Peпtacle,1,88,140,2.9
Pham Studio,1,26,0,0.0
Phanom Games,1,29,48,9.55
Phantasmata Project,1,17,3,0.0
Phantom 8 Studio,1,18,40,0.0
Phantom Compass,2,642,80,1.39
Phantom Pine Studios,1,52,6,0.0
Phantom Programming,1,6,0,0.0
Phantom Projekts,1,2,1,0.0
Phantom8 Studio,1,125,36,2.02
PhantomHeadache,1,0,2,0.0
Phantomisland,1,25,9,0.0
Phantomisreal Ltd.,1,59,115,0.0
Pharazen Studios,1,2,0,0.0
Phaser Lock Interactive,4,888,83,0.665
PhatRobit,1,211,27,0.0
Phenomena,1,21,2,0.0
Phenomenon Games,1,692,127,3.02
Phenomic,1,2335,321,27.58
"Phenomic, THQ Nordic",1,930,304,6.35
Phigames,2,383,195,1.24
Phil Blank,1,10,0,0.0
Phil Fortier,4,273,9,0.0
Phil Jones,1,35,9,0.0
"Philip Bak, NiineGames",1,82,25,0.17
Philipp Lehner,1,38,0,0.0
Philippe Forgeur,1,12,8,1.03
Philippe Pelchat,1,4,4,0.0
Philippe Schober,2,57,1,0.0
Philips P.O.V. Entertainment Group,2,13,1,0.0
Phillip Herrera,1,2,0,0.0
"Philllchabbb, Lystek",1,2,0,0.0
Phobetor,2,15,3,0.0
Phobia Game Studio,1,25814,1496,4.97
"Phobia Game Studio, Transhuman Design",1,1102,172,2.2
PhobiaGamesNet,1,45,6,0.0
Phoebus76,1,0,1,0.0
Phoenix Game Studio,2,1369,193,3.065
Phoenix Game and Publisher Studio,1,68,56,0.93
Phoenix Interactive Studio,1,46,86,0.0
Phoenix Online Studios,2,899,222,14.985
"Phoenix Online Studios, Pinkerton Road Studio",1,994,99,20.42
PhoenixFire Games,6,73,45,0.0
Phoenixxx Games,1,37,23,0.0
Phony Game Studios,1,208,33,0.0
Phosfiend Systems,1,519,82,1.7
Phosphor Game Studios,1,369,113,5.78
Phosphor Games,3,1292,302,3.5
Photon Arena,1,66,131,4.48
Phr00t's Software,8,1494,596,0.98875
"Phun Peeticharoenthum, Wichayuth Luaengtawekul, Noppasin Ngamsanguanprapa, Jeeratumrong Nakpracha, Pawika Khampawong",1,136,50,0.0
Phung Games,3,66,30,0.0
PhysX Studio,1,14,21,0.0
Physical Numerics,1,0,1,0.0
Physiology with Dr Christian,1,169,11,0.0
Physmo,1,19,3,0.23
PhyzixMind,2,230,118,0.225
PiBoSo,3,27626,1719,32.693333333333335
PiGravity,2,605,987,4.605
PiMark Games,1,2,0,0.0
PiXEL,1,12,6,0.0
Piao Jingfu,1,20,4,4.22
Picaresque Games,1,672,172,7.52
Piccolo Studio,1,2259,209,2.72
Pickle Drugs,5,304,62,0.0
Picklefeet Games,1,171,10,0.0
Pickles Entertainment,1,27,1,0.0
Pico Games,1,220,13,0.0
Picogram,1,1361,157,5.25
Picorinne Soft,2,189,14,1.725
Picroma,1,6872,11701,8.87
Pictagor,1,72,12,0.68
Pie On A Plate Productions,2,3174,778,0.0
Piece Of Voxel,14,170,110,0.0
Piece of Cake studios,1,284,140,2.05
Pieces Interactive,2,11263,2419,3.4749999999999996
PiedPipers Team,1,2414,398,20.13
Pierre Brengues,1,24,9,5.6
Pieslice Productions,1,74,10,0.0
Pig Candle Games,1,391,127,8.42
"PigDogGames,LLC",1,174,151,0.0
PigLion Games,1,448,186,5.18
Pigasus Games,1,73,31,1.63
PigeonCube Studios,1,19,1,0.0
PigeonDev,6,251,77,0.075
Pigeons Interactive,1,187,150,4.9
Piggybank Studios,1,49,1,0.0
Pigmeu Games,1,2,3,0.0
PikPok,2,4114,352,38.595
Pika's Game,1,11,3,0.0
Piko Interactive LLC,1,143,92,1.45
"Pikselnesia, Rolling Glory Jam",1,862,94,1.68
Pilbo Games,1,12,1,0.0
Pilgrim Adventures,8,1213,191,4.30625
"Pilgrim Adventures, GrabTheGames Studios",5,5055,617,4.05
Pill Bug Interactive,1,47,10,0.13
Pillet Michael,1,10,0,0.0
Pillow Castle,1,28522,1629,3.52
Pillow Fight,1,189,19,0.0
"Pillow Fight, Worst Girls Games",2,1615,101,2.83
Pillow Head Games,1,7,5,0.0
Pillow Pig Games,1,4,3,0.0
PilotLumpa Gaming,1,62,67,0.45
PimpGameStudio,1,11,4,0.0
Pin-Point,1,151,90,1.2
Pinblend Studios,1,7,2,0.0
Pine Drake Games,1,45,1,0.0
Pine Studio,5,20445,1288,5.65
Pineapple Software Management,1,2,1,0.0
Pinel Games,1,366,11,0.0
Pineleaf Studio,1,335,293,8.05
Pingfang Games,1,3376,205,19.98
Pinhead Games,3,173,15,0.0
"Pinhead Games, AAlgar Productions",1,129,14,0.0
Pink Label Fantasy,1,1,4,0.0
Pink Label Games,1,66,83,0.13
Pink Pad Productions,1,1,0,0.0
PinkPeachStudio,1,172,76,0.12
"Pinokl Games, Kverta",1,10405,1137,5.68
"Pinokl Games, Kverta Limited",1,177,194,3.02
"Pinokl Games, Kverta, Hologryph",1,2368,640,5.0
Pinta Studios,1,58,10,0.27
Pinterac,1,347,438,0.75
Pioneer,1,15,4,0.0
Piotr Kaniewski,1,4,0,0.0
Piotr Kowalski,1,3,2,0.0
Piotr Shishkov,1,11,2,0.0
Piotr Wern,1,11,0,0.0
"Piotr Wolk, Star Drifters",1,356,132,1.45
Pipeworks Studios,2,6958,1447,7.96
Pipliz,1,7711,683,22.63
Pippala Games,3,80,28,0.0
Pippin Games,2,453,152,3.625
Piranha Bytes,7,66886,13718,25.04714285714286
"Piranha Bytes, THQ Nordic",1,8736,1104,17.62
Piranha Games Inc.,2,20583,4393,44.650000000000006
Pirate Dog Games,1,1,0,0.0
Pirate Software,2,2435,405,1.3
Pirate goup media,1,3,22,0.0
Pirate-Rob,1,426,51,19.07
Pirates Bay Studio,1,14,5,0.0
Pirita Studio,1,176,21,0.0
"Pirozhok Studio, Vitaliy Ruzankin",1,351,205,6.58
Pivotal Games,2,1081,570,1.065
Pix Arts,8,16,27,0.0
PixFroze,1,179,291,66.02
PixLuna Game Studio,1,11,2,0.0
PixQuake,3,63,20,0.0
PixToPix Studios,1,1,12,0.0
Pixbits,1,364,99,3.97
Pixel Accountant,1,53,25,0.0
"Pixel Barrage Entertainment, Inc.",1,83,16,2.62
Pixel Beef Games,1,20,0,0.0
Pixel Blade Games,1,166,16,0.22
Pixel Blitz Studios,1,17,10,0.0
Pixel Bones Studio,1,14,27,1.67
Pixel Canvas Inc,1,118,50,1.33
Pixel Cattle Games,2,820,172,5.335
Pixel Cattus,1,4,3,0.0
"Pixel Constructor, LLC.",1,61,33,0.3
Pixel Cream,1,32,11,0.25
Pixel Crow,1,4621,971,4.02
Pixel Delusion,1,102,14,2.42
Pixel Edge Games,2,145,136,1.115
Pixel Elephant,1,23,3,0.0
Pixel Error,1,2099,163,6.7
Pixel Federation,2,1571,699,2.53
Pixel Ferrets,1,7388,882,19.12
Pixel Forest Games,1,1109,204,0.95
Pixel Forge Games,1,663,47,16.67
Pixel Games UK,4,28,19,0.0
Pixel Gangsta Studio,1,1331,572,31.68
Pixel Harmony Studio,1,1,1,0.0
Pixel Hero Games,1,156,137,1.25
Pixel House Games,1,977,394,8.97
Pixel Island,1,52,15,0.0
Pixel Lantern,1,104,29,6.53
Pixel Machine,1,413,176,2.72
Pixel Maniacs,2,776,154,1.225
Pixel Maverick Games,1,19,5,0.0
Pixel Night,1,129,84,3.08
Pixel Peanuts,1,7,9,0.0
Pixel Perfex,1,50,34,0.83
Pixel Pi Games,1,37,33,0.0
Pixel Plant LLC,1,25,15,0.0
Pixel Pointer Studios,1,2486,166,2.17
Pixel Prophecy,1,395,54,8.33
Pixel Prototype,1,124,36,3.22
Pixel Puzzles,12,7200,2046,7.4675
"Pixel Quail, Gamera Interactive",1,8,4,0.0
Pixel Reef,1,596,35,0.73
Pixel Reign,1,75,6,0.0
Pixel Rice,1,569,49,5.6
Pixel Sprout Studios,1,18523,3933,30.53
Pixel Theory Games,1,75,95,5.42
Pixel Titans,1,1744,663,4.37
Pixel Trapps,1,16,1,0.0
Pixel Trickery,1,359,67,16.25
Pixel Wizards,1,93,32,0.0
Pixel by Pixel Studios Inc.,1,1810,284,3.97
Pixel vs Pixel,2,344,79,1.39
Pixel with Hat,1,29,0,0.0
PixelConflict,1,25,2,0.0
PixelCount Studios,1,2664,577,22.17
PixelFade,3,3108,153,11.323333333333332
PixelGreeds,3,957,172,0.4666666666666666
PixelHive,1,1607,93,4.73
PixelKiln,1,18,3,0.0
PixelMetal,1,24,20,3.18
PixelMouse,3,1708,577,4.083333333333333
PixelNAUTS,1,50,3,2.35
PixelNAUTS Games,1,26,3,0.0
PixelNadja,1,6,2,0.0
PixelPlex,1,14,9,0.0
"PixelShard, KillHouse Games",1,9617,522,7.98
PixelSoft,1,71,112,0.18
PixelTail Games,1,18520,2114,31.23
Pixelabor,1,121,40,0.0
Pixelante Game Studios,1,106,77,0.82
Pixelated Cupcake,1,77,24,2.88
Pixelated Milk,1,449,115,3.42
"Pixelated Milk, Retrovibe Games",1,864,461,2.55
Pixelatto,1,8752,472,4.77
Pixelbark Games,1,35,4,0.0
Pixelbois,1,110,25,0.0
Pixelfoot Games,1,12,6,0.0
PixelfunGames,1,1,2,0.0
Pixelian Studio,1,179,43,6.53
Pixeljam,8,3099,468,2.45625
Pixellica Corp.,1,52,26,0.8
Pixellore Inc,1,1036,322,15.53
Pixelnest Studio,2,929,119,2.11
Pixelnicks,2,195,49,0.7
PixelsDesign VR Dev,1,6,7,0.0
"Pixelsaurus Games, Future Crayon",1,301,68,1.62
Pixelsplit,1,1448,237,11.48
Pixelsplit Simulations,2,909,170,26.705000000000002
Pixeltales.ru,1,155,72,17.73
Pixelz Games,1,30,37,0.28
Pixeye Games,1,2891,1541,5.87
Pixile,1,39667,2700,13.62
Pixit Software,1,2,0,0.0
Pixl Pile,1,7,12,0.0
Pixleaves,1,5,2,0.0
Pixoala,1,76,6,3.63
Pixpil,1,13339,2501,14.55
Pixwerk,1,505,281,1.7
Pizza Curse Studios,1,2,0,0.0
Pizzaquirk,1,8,3,0.0
Pjural,1,27,10,0.0
Placeholder Gameworks,1,6106,922,4.95
Plain Concepts Corp,1,225,137,0.72
Plan B,1,7,6,0.0
Plan8,1,48,6,0.12
Planet Alpha ApS,1,735,311,2.0
Planet Moon Studios,3,564,73,0.41
Planet Renox,1,163,9,0.0
Planet Tobor,1,60,15,0.0
Planet X Game Studios,1,1,0,0.0
Planetary Annihilation Inc,1,11976,2149,17.02
Planetfall Studios,1,20,4,0.0
Plankwalk Studio,1,80,34,0.0
PlasmaBrain Studios,1,1,2,0.0
Plasterbrain,1,323,5,7.03
Plastic Reality Technologies,1,373,152,2.2
Plasticity Games,1,510,127,0.0
PlatSTUDIO,5,1473,455,0.466
Platine Dispositif,4,680,188,0.7975
Platinum Games,2,18,3,0.0
PlatinumGames,2,106790,5456,9.715
PlatinumGames Inc.,1,737,110,27.77
"PlatinumGames, Little Stone Software",1,6426,765,3.8
Platomenti,1,19,0,0.0
Platonic Partnership,1,525,65,2.38
Platoon Studios,1,1,6,0.0
Platuro,1,22,12,0.0
"Plausible Concept, Oskar Stålberg",1,11367,831,7.22
Play Cute,1,1263,188,1.25
Play Games Ltd,1,5,12,0.0
Play Native Entertainment,1,147,42,0.0
Play Nicely,1,39,5,0.13
Play Publishing,2,64,41,2.3949999999999996
Play Spirit Limited,3,186,131,4.303333333333334
Play Wireless,1,39,15,3.32
"Play, Silden",1,27,37,2.18
Play2Chill,2,275,311,3.34
Play2Chill S.A.,1,1045,494,7.35
Play365,1,17,12,0.0
Play:D,1,414,56,0.97
PlayFirst,5,252,238,1.8800000000000001
PlayFlock,1,1996,966,34.65
PlayFortress,1,8,7,0.0
PlayFusion,2,322,163,0.5
PlayMagic,1,529,909,4.08
PlayPath experiences,1,1,1,0.0
PlayPlayGame,1,22,23,0.0
PlaySide,1,7267,2196,12.03
PlaySys,1,7,3,0.0
PlayTech Studio,1,4,12,0.0
PlayTogether Studio,2,760,236,2.11
PlayUn-Gaming,1,7,10,0.0
PlayWay S.A.,2,318,426,2.315
"PlayWay S.A., Red Dot Games",1,4227,864,4.0
PlayWay SA,1,113,106,0.18
PlayWrite Studios,1,30,17,0.0
PlayZilla.tk,1,294,47,3.03
Playa Games GmbH,1,33837,2756,89.95
Playable Pictures,1,4,1,0.0
Playata GmbH,2,3754,1017,14.575
Playboom,1,520,533,29.68
Playbrains,1,245,44,4.88
"Playbrains, Fuel Entertainment",1,72,51,0.53
Playcademy,5,254,54,3.9
Playcoo,1,176,173,1.85
Playcorp Studios,1,729,281,8.28
Playdead,2,118997,6333,5.365
"Playdek, Inc.",4,4048,645,25.997500000000002
Played With Fire,1,22,10,0.0
Player Legacy,1,22,2,0.0
"Player Of Music Technology Co.,Ltd",2,82,35,2.05
Playfellow Studio,1,25,13,0.0
Playful Armadillo,1,24,14,0.3
Playful Corp.,3,25236,7061,6.366666666666667
Playground Games,2,463892,52654,54.335
Playito.com,4,99,30,3.3575
Playlearn,1,36,46,0.0
Playmestudio,1,243,58,0.0
Playpocalypse Games,1,2,0,0.0
Playrise Digital Ltd.,1,527,158,4.53
Playrix Entertainment,1,656,91,28.17
Playrock Studios,2,47,31,1.465
Playsaurus,4,73143,9332,85.45
"Playsaurus, Fordesoft",1,108,44,17.87
Playsoft,1,29,61,0.1
Playsport Games,1,12504,1132,71.33
Playstark,2,166,209,0.215
Playstige Interactive,2,355,228,3.6500000000000004
Playtika Ltd.,2,10723,5012,7.4
Playtinum,2,4,3,0.0
Playtonic Games,2,4979,1547,7.25
Playtouch,2,32,29,0.0
Playwing LTD,1,13226,4514,4.2
Playwood Project,1,525,168,15.22
PlazSoft,1,135,94,4.8
Please Know More,1,113,10,0.47
PleasingFungus Games,2,303,36,5.96
Pleon Words,1,4,0,0.0
Plethora Project,1,923,320,4.05
Plexus team,1,16,7,0.0
Plimmerton Games,1,4,2,0.0
Ploosh GmbH,1,83,3,39.15
"Plueschkatze, Starlit Castle",1,114,16,0.0
Plug,1,91,26,0.0
Plukit,1,3741,994,7.4
"Pluompu, Team Syukino",1,0,1,0.0
Plus Infinity Studios,1,9,2,0.0
Plush Productions LLC,1,6,3,0.0
PlutoisWatching,1,8,0,0.0
Plutoneus,1,13,0,0.0
PnC Narratives,1,11,1,0.0
PnagaeaVR,1,1,2,0.0
Po-Jui Huang,1,12,3,0.0
"Pocket Games, Fluid Games, GodSpeed Games",1,81,103,4.58
"Pocket Pinata, Hitcents",1,110,77,0.0
Pocket Queries,1,35,29,0.13
Pocket Trap,1,546,35,4.15
Pocketpair,2,17853,5606,18.585
Pocketwatch Games,2,10970,1615,3.63
Poco a Poco,1,8,7,0.0
Podunk Studioz,1,7,21,0.0
Poetic,1,444,23,4.3
Poetic Justice Studios,1,0,1,0.0
Point & Pixel Adventures,1,33,4,0.0
Point Blank Games,1,57,78,1.7
Point Bleep Studios,2,773,65,0.29
Point Five Projects,1,145,115,3.05
Point2Point Entertainment,1,6,19,2.35
PointBlass,1,1,0,0.0
Poison Nut Games,1,0,1,0.0
Poison The Inkwell,1,348,57,0.0
PoisonGames,1,10,6,0.0
Poisson Rouge Interactica ltd,1,7,1,0.0
Pok&amp;Co,1,28,12,0.0
PokerStars Mobile Limited,1,196,188,0.73
Pokies4fun,2,2,3,0.0
Polar Bunny Ltd,1,117,21,3.17
Polar Motion,1,369,110,7.43
Polar Night Games,1,54,8,2.95
"Polarbyte Games, Skymap Games",1,368,51,0.68
"PolarityFlow, Adrian Zingg",3,185,55,1.9833333333333334
Poleaxe Games LLC,1,101,50,0.0
Poler Studio,1,10,2,0.0
Polina Medyanik,2,5,11,0.0
PolincGames,1,1,2,0.0
Polished Games,1,781,189,7.83
Political Games LLC,1,795,257,16.35
Pollapee,1,4,0,0.0
Polo de Contenidos Digitales,1,0,1,0.0
Polska Lemon Ltd.,1,55,45,0.0
Polte Games,1,15,2,0.0
Poly Games,1,1089,230,4.5
"Poly Poly Games, Kibi Games",1,12,8,0.0
Poly Render Studio,1,17,2,0.0
Poly anchor studio,1,161,32,0.0
PolyAmorous,1,1526,851,1.93
PolyDemons,1,243,47,0.22
PolyDigital,1,504,199,0.93
PolyGames,1,3,0,0.0
PolyKid,1,662,66,4.6
PolyPusher Studios,1,248,178,1.03
Polyarc,1,3072,157,2.22
Polybit_Game,1,2,4,0.0
Polychroma Games,1,26,20,0.0
Polycorne,1,39,16,0.0
Polygon Art,1,21,26,0.88
"Polygon Art, Enigma Entertainment",1,33,38,0.0
Polygon Dust Entertainment Ltd.,1,0,3,0.0
Polygon Treehouse,1,2595,295,4.48
Polymorph Games,1,17195,2937,31.47
Polymorphic Games,1,8,7,0.0
Polynetix Studio,1,4,34,5.12
"Polyquest Games, ZXDigital Ltd",1,6,21,0.0
Polyslash,4,2239,817,3.5325
Polytale Games,1,78,87,0.0
Polytron Corporation,1,14425,1137,5.23
PomPom,2,93,49,5.9750000000000005
PomPom Games,1,35,14,0.32
Pon Pon Games,2,184,45,8.565000000000001
Pond Games PTY LTD,1,277,44,18.95
Poni-Pachet SY,1,546,112,16.58
Ponywolf,2,74,32,1.035
"Ponywolf, Mutated Software",1,9,1,0.0
Poobool,1,58,5,0.0
Poolians.com,2,21264,5134,8.84
Poorhub,1,19,29,0.0
Poorly Drawn Squid,1,24,4,0.0
Poorwill Games,1,23,49,3.42
PopCap,1,12261,4994,14.52
"PopCap Games, Inc.",23,179049,5210,6.964347826086957
PopTop,3,2145,478,6.859999999999999
"PopTop Software, BreakAway Games, Frog City Software",1,799,111,5.62
Popcannibal,2,8968,248,3.7749999999999995
"Poppermost Productions, WastedStudios, Crytek",1,7672,4382,4.03
Populus,1,24,8,0.0
Porble Games,1,6,0,0.0
Porcelain Fortress,1,2195,189,9.47
Porchman Games,1,13,1,0.0
Portable Moose,1,21939,622,9.32
Portal Entertainment,1,331,52,3.98
Portal Studios,1,162,72,0.23
Porter Zach,1,106,2,0.0
Portponky,2,577,14,6.065
Portrait Prophecies,1,158,7,0.0
Positech Games,7,13814,3963,6.831428571428572
Possum House Games,1,33,0,0.0
Post Mortem Pixels,1,364,27,2.2
PostMod Softworks,1,528,204,1.23
Postcursor Laboratories,1,6,3,0.0
Postmorph Ltd.,1,2,0,0.0
Potata Company,2,89,18,0.0
Potato Chip With Onion Dip,1,27,2,0.0
Potato Interactive,1,38,4,0.0
Potato10,1,15,5,0.0
PotatoIndustries,4,25,77,0.01
Potatobrain Games,1,50,9,0.0
Potion Junkies,1,83,28,24.22
PotionC,1,82,17,3.2
Pouchmouse,1,107,16,0.0
PowPit,1,77,12,0.12
Power Level Studios Inc.,1,18,12,0.0
Power Mint Game Studio,1,2,1,0.0
Power Struggle Games,1,519,116,4.13
"Power Up to Maximum, Liens",1,11,18,3.7
Power of 2,2,2249,485,2.375
PowerBurger,2,43,6,0.0
Powerhoof,2,7016,435,4.205
Pr. JaxRipper,1,2,1,0.0
PraGames,1,51,10,0.05
Practical Yolk Games,1,9,1,0.0
Pragmatix Ltd,2,2360,884,6.915
Prajna Concepts,1,53,24,0.0
Praxia Entertainment,1,78,38,0.0
Praxia Entertainment Inc,1,146,40,16.8
Praxis Games,1,648,124,11.13
Predator Productions,1,17,15,0.0
PredposledniyRubikon,1,3,3,0.0
Predrag Lazic,2,5,1,0.0
Pregnant,1,24,18,0.0
PreoNus Games,4,848,197,6.8100000000000005
President Studio,1,453,126,1.05
Press Play,3,2080,155,5.236666666666667
Prestige Games,1,5,13,0.0
"Presto Studios, Cyan Worlds Inc.",1,450,32,5.6
Preston Cammarata,1,7,2,0.0
Pretty Bad Studios,1,108,34,0.0
Pretty Fly Games,1,32,0,0.0
Prexen Studios,1,35,16,0.02
Pribuni,1,314,193,0.97
Prideful Sloth,2,4545,1022,14.135000000000002
Primal,1,676,321,5.02
Primary Games,1,671,161,3.15
Primary cells studio,1,77,21,13.97
PrimaryOrbit,1,333,75,3.42
Prime Bit Games SA,2,22,5,0.0
Prime Games,3,468,109,1.1733333333333336
Prime Studios,1,28,66,0.0
PrimeMakers,1,2,0,0.0
Primitive Studio,3,123,87,0.11666666666666665
Primula,3,1763,216,6.323333333333333
Prince Game Studio,2,58,33,0.0
PrinceXI,1,240,99,0.0
Princesseuh,1,137,40,2.2
Prineside,1,3354,320,28.78
Pringo Dingo Games,1,8,1,0.0
Priory Games,2,34,16,0.0
PrismMedia,1,3,1,0.0
Prisma Games L.L.C.,2,658,243,0.0
Prismic Studios LLC,1,49,11,1.78
Private Moon Studios,4,198,61,2.2375
Private Pook Games,1,6,1,0.0
"Priyam Parikh, Andrew Moran, Jake Stull, Jewel Lim, Niko Korolog, Aaron Bales",1,130,17,0.25
Pro Wrestling Sim,1,476,16,0.0
ProGames Studio,1,5124,883,47.47
Probe Software,1,9,10,0.0
Problematicar,1,14,5,0.0
Probobrator games,1,10,5,0.0
Procedural Level,1,581,9,39.97
Production Exabilities,1,93,140,1.93
Prof. Dr. Christoph Minnameier,1,421,23,0.78
Professional Imagination,1,90,21,2.07
Progress Game,1,5,0,0.0
Project 172,1,20,12,0.0
Project Anthem,1,5,2,0.0
Project ICKX,1,166,47,2.13
Project Polish Productions,1,126,31,0.45
Project Solutions,1,62,37,0.83
Project Whitecard Studios Inc.,2,90,135,0.125
"Project Whitecard Studios Inc., NASA (Some Models)",1,60,93,0.87
Project v2,1,17,28,0.0
ProjectMoon,2,73684,4757,48.845
Project_lelz,2,20,1,0.0
Projector Studios,1,2,0,0.0
ProjectorGames,4,3496,1688,4.545
Proletariat Inc.,1,1426,582,3.47
"Proletariat, Inc.",1,12119,1887,3.82
"Prometheus Vision Technology Co., Ltd.",1,32,28,0.0
ProntiatVR,1,10,0,0.0
Proper Games,1,190,45,0.13
Properly Decent,2,48,1,0.0
Propulsion Games,2,33,9,0.065
Proscenium,1,13,30,0.0
Prospect Games,1,509,106,2.93
Protect the King,1,1,0,0.0
Protection Games,1,209,167,2.67
Proteus Pixel,1,26,24,0.0
Proteus Studios,1,121,30,5.88
Proto1Studios,1,216,96,0.0
Protocol Games,1,992,215,5.5
Protoculture Games,1,120,15,11.03
Protomni Multimedia,1,11,14,0.02
Proton Studio Inc,3,5255,767,27.12
Protoria Studios,2,81,37,0.0
Proud Dinosaurs,1,167,14,5.18
Provincia Studio,1,24,3,0.0
Proximity Games,5,2947,3434,1.8739999999999999
Proxy Studios,2,12589,3015,23.68
Przestraszeni,1,32,8,0.0
PseudoGames,1,35,24,0.62
Pseudobug,1,27,0,0.0
Psilocybe Games,1,59,30,0.0
Psychic Software,1,240,228,0.55
PsychoDev,2,255,79,5.535
PsychoRavens,1,72,26,0.0
Psychotic Psoftware,2,344,235,4.04
Psydra Games LLC,1,211,32,3.35
Psyonix LLC,1,509445,73775,282.73
Psyop,2,11722,1041,0.44
Psytec Games Ltd,3,1077,326,1.4866666666666666
Ptyron,1,5,2,0.0
Pudding,2,219,211,0.4
Puddledock Games,2,6,0,0.0
Puddleside,1,14,1,0.0
PuffballsUnited,1,50017,681,5.52
Pug Fugly Games,1,19,6,0.0
Pugscape,1,8261,1133,0.0
Pugsley LLC,1,78,11,0.0
Pugstorm,2,51220,3944,18.5
Pulsarium,1,7,3,0.0
Pulse Entertainment,1,186,31,2.68
Pump Action Games,1,86,12,6.75
"Pump Action Games, Innovations Media",1,5,4,0.0
Pumpkin Games,1,12,2,0.0
Pumpkin Interactive,1,424,90,5.93
"Pumpkin Studios, Underdone Gaming, Warzone 2100 Project",1,1355,145,0.0
Punch Punk Games,2,411,182,0.785
PunchButton Studios,1,4,0,0.0
Punk Games Studio,1,16,12,0.0
Punk Notion,1,109,8,0.0
PunkBallStudio,1,0,1,0.0
Puntigames,1,184,37,1.3
Punx Studios,2,110,11,0.0
Puny Human,3,4193,1792,3.9299999999999997
Puppet Combo,2,2906,170,4.25
Puppet Master Games,1,174,122,1.22
Puppygames,5,3070,579,3.678
Pupuya Games,1,9374,1997,7.92
Pure FPS,1,86,330,3.8
Pureworks Japan 株式会社,1,65,79,1.35
Purple Dragon Games,1,3,7,0.0
Purple Galaxy Games,1,1,0,0.0
Purple Giraffe Games,1,22,10,0.0
Purple Kingdom Games,1,2,0,0.0
Purple Lamp,1,15692,989,6.88
"Purple Lamp, GolemLabs",1,4587,2899,18.02
Purple Software,1,144,12,0.0
Purple Studios,1,131,66,0.0
Purple Thunder Games,2,63,24,0.0
Purple Tree S R L,1,189,46,1.27
Purple Void,1,2,1,0.0
Putin Team,1,13,12,0.0
PutinDevTeam,1,285,36,0.0
Puuba,3,437,127,1.7333333333333332
Puzzle Lab,3,115,35,1.4233333333333331
PuzzleRoo,1,701,94,18.8
Puzzling Dream,1,1053,212,3.62
Pwnee Studios,2,247,116,5.26
Pyramid,1,637,135,1.52
Pyramid Games,2,19,8,0.0
Pyrebug Studios,1,16,0,0.0
Pyro Studios,6,8823,1690,3.8499999999999996
PyroTechnix,1,56,38,0.0
Pyrodactyl,2,266,80,3.3600000000000003
Pyrogen,1,64,33,2.32
Pyxel Arts,1,4,4,0.0
Pyxeralia,1,508,256,5.52
Q Sky Wing,1,5,3,0.0
"Q Switched Productions, LLC",2,852,111,4.05
Q-Cumber Factory,1,18,2,0.0
Q-Games Ltd.,3,1608,503,4.273333333333333
"Q-Games Ltd., Double Eleven",1,183,29,2.6
QCF Design,1,1912,364,4.98
QI,1,1,0,0.0
QIPAWORLD,1,19,6,0.0
QJ,1,3,0,0.0
QLOC,2,164,55,0.0
"QLOC, BANDAI NAMCO Studios Inc.",1,3670,843,23.65
"QLOC, DIMPS",1,47781,5102,48.78
"QLOC, FromSoftware, Inc.",1,119152,10147,44.48
QUANTUM ARTS,1,188,84,4.52
QUByte Interactive,3,640,179,7.45
QUIET TOWN STUDIO™,1,9,1,0.0
QUIKIN Games,3,23,74,0.0
QYJO,1,29,4,0.0
QZQ Studio,6,186,70,0.0
Qd,1,459,55,21.3
Qian Light  Network Technology,1,2,3,0.0
"Qiwi Games, LLC, Graveck",1,20,6,0.0
Qoobrand,1,95,7,13.53
Qooc Software,1,884,250,2.2
Qrakhen,1,36,2,0.0
Quacky Games,1,97,43,0.0
Quad Cycles,1,93,16,0.0
Quad-Games,1,361,53,4.52
"QuadCom Interactive, GDT",1,461,513,0.0
Quadfix Games,1,278,236,0.0
QuadraTron Games,1,24,4,0.0
"Quadrivo Software, LLC",1,4,0,0.0
Quadro Delta,1,626,257,6.55
Quaint Emerald,1,256,77,7.5
Quality Games,1,22,6,0.0
Quandary Solutions LTD,1,9,8,0.75
Quantic Dream,4,203949,13596,11.6125
"Quantic Dream, Aspyr Media (remastered version)",1,5552,1357,4.83
Quantized Bit,4,1165,262,2.2824999999999998
Quantum Entanglement Games,1,40,29,4.98
Quantum Phoenix Bucharest,1,40,40,4.15
"Quantum Phoenix Studio, Michail Romanov, Denis Esie, Bogdan Rozymny, Artem Lynev, Artur Samoylenko",1,123,72,4.32
Quantum Productions,1,7,1,0.0
Quantum Rivet,1,299,58,22.47
Quantumfrog,1,281,242,0.4
QuaranTime Games,1,2,2,0.0
Quarant Inc.,1,36,16,0.0
Quarantine Interactive,1,36,21,0.0
Quarlellle,13,882,233,0.0
Quarter Onion Games,1,46,11,0.0
Quarter Pound Studios,1,25,10,0.02
Quasar,1,716,242,2.83
QubicGames,1,11,7,0.0
Queasy Games,1,110,6,0.32
Queen Bee Games,2,214,91,2.645
Queen Birdface Productions,1,48,30,19.58
Quest Games,1,4,2,0.0
Quest_Games,1,5,1,0.0
Question,2,3578,745,5.24
Questline,1,6875,726,14.07
Questtracers,1,30,36,4.0
Quick Click Games,1,31,15,0.0
QuickBobber,3,3,0,0.0
QuickSave,6,301,197,2.603333333333333
Quickfire Games,1,120,238,3.48
Quicksilver Software,3,185,88,7.013333333333333
"Quicksilver Software, Inc.",2,54,16,39.775
Quiet River,24,67591,3802,3.98625
Quill Yuri,1,24,2,0.0
Quince Games,1,10,0,0.0
Quinn K.,1,105,8,0.0
"Quinton Reeves, Lee Salzman, Sławomir Błauciak",1,698,111,0.0
Quite Different Mechanics,1,102,49,17.88
Quite Fresh Games,1,73,29,16.33
Quite Good,1,54,20,0.0
Quixel,1,49,63,0.0
Quixel Network,1,37,5,0.0
Qumaron,9,643,88,0.2888888888888889
"Qumaron, Truegames",1,1,8,0.0
Qunee,1,345,74,0.8
Qute,4,639,74,0.7625
Qweide,1,4,0,0.0
Qwiboo Ltd,1,786,104,1.12
R C Knight,2,68,45,0.15
R&G Software,1,9,20,0.0
R's Horrors,1,18,6,0.0
R-Age LLC,1,3453,640,324.38
R. Güray Aslı,1,3,1,0.0
R.A.M. Studios LLC,1,52,15,0.0
"R.E.M. Studios, NullReferenceException",1,31,4,0.0
R.P.,1,2,0,0.0
R3GameCreate,1,15,4,0.0
R8 Games Ltd,1,573,218,3.48
RABIE HADDAD,1,0,1,0.0
RAC7,1,28,2,0.0
RAC7 Games,1,822,71,1.33
RAD Team,1,3,2,0.0
RAGIP HATUNOGLU,1,2,0,0.0
RAIS Z.,1,0,1,0.0
RASK,1,802,55,15.25
RAV3 Interactive,1,6,10,5.83
RAWRLAB Games,1,8,0,0.0
RAZAR s.r.o.,1,641,275,2.9
RBOR Games,1,176,2,3.0
RC Knight,1,117,24,0.32
"RCG, MyST",1,116,96,4.57
RCMADIAX,2,53,24,0.79
RD's Gaming Studio,1,0,6,0.0
RDU Game IT company,1,2,1,0.0
RDavis,1,103,3,0.0
RE Atelier,1,80,9,0.0
RE:CODE,1,932,193,2.23
REACTORJOY,2,33,4,0.0
REAL Co.Ltd,1,21,3,0.0
REAL co.Ltd,1,78,20,0.0
REANIMATO.RUS,1,17,8,0.0
"RED DUCK, INC.",1,801,661,2.03
RED STAR GAMES,1,32,61,0.0
RED STUDIO,1,7,0,0.0
REDCROW,1,3,2,0.0
REDWHALE GAMES Inc.,1,56,120,0.0
REFLEX,1,1,8,0.0
REKWARE,1,12,10,0.0
REL Games,1,156,16,2.07
REMIMORY,4,1072,398,0.205
RENFALC,1,13,4,0.0
RETIAD,1,309,194,0.35
RETROPE STUDIOS,1,3,0,0.0
REX PEX GAMES,3,241,129,3.2266666666666666
RF,1,9,1,0.0
RG Crew,1,65,34,0.63
RG-Studio,1,14,8,0.0
RGB SRL,1,10,2,0.0
RGNteam,1,6,5,0.0
RIP Studios LLC,1,22,9,0.0
RIQPLAY,1,27,7,0.0
RIVERSIDE SPORTS,3,4148,767,0.29
RJ Workshop,1,14,2,0.0
RJLSD,1,6,2,0.0
RKTime,1,154,140,0.4
RLR Training Inc,2,2895,598,4.095
RLTY CHK,1,9,5,0.0
RMAL,2,858,393,2.76
RMking,3,195,50,0.89
ROCKFISH Games,2,18756,3892,14.55
ROLLINGJ GAMES,1,22,6,0.0
ROSEVERTE,5,225,71,1.544
ROSEVERTE MYSTERY,2,155,72,1.865
"ROTU Entertainment & Media, Ltd.",1,66,29,0.0
ROUGH KUTS,1,18,6,0.0
ROWAN FUTURE,1,11,0,0.0
RPG Adventures Team,3,53,51,0.0
RPG Video,5,460,485,3.8340000000000005
RPGVideo,1,36,37,3.88
RPK-studio game,1,12,1,0.0
RPN Indie Developer,1,5740,355,9.67
RQ-Games,1,11,2,0.0
RSK Entertainment,5,51,121,0.014000000000000002
"RSK Entertainment, Permanent Way",1,2,4,0.0
RSoft Games,1,20,9,0.0
RTWS,1,5,2,0.0
RTan,1,9,5,0.0
RUNWILD Entertainment,1,243,153,1.87
RUST LTD.,1,21452,652,34.4
RVL Games,1,69,36,0.0
"RVL Games, exosyphen studios",1,703,367,3.28
RYM GAMES,1,839,384,13.25
R_Games,1,7,6,0.0
Raba Games,1,63,31,0.2
Rabbiroo,1,115,82,0.0
Rabbit Hole Studios,2,29,8,0.115
Rabbithole Games,1,99,28,0.0
Rabbiton,3,2302,85,2.31
"Rabbiton, StarAura",1,106,3,0.0
Rabid Design Studios,1,1,0,0.0
Rablo Games,1,257,45,15.8
Rabotiagi games,5,3232,312,0.46799999999999997
Raciebug,1,16,17,0.0
Racing Bros,21,5777,3503,0.9076190476190478
Racing Thought Studios,1,1,0,0.0
Racingo,1,65,138,0.13
Raconteur Games,1,36,37,5.0
Rad Codex,3,1267,71,43.550000000000004
RadLab,1,1,7,0.0
RadLabGaming,1,15,40,16.55
"Radaev Valentine, Egor Magurin",1,9,5,4.63
Radi Art,1,664,97,2.43
"Radial Games Corp, Dejobaan Games, LLC",1,932,259,2.58
"Radial Games Corp, Loren Bednar, Dr. Kimberly Voll, Lindsay Jorgensen",1,405,139,2.98
Radiance Games,2,3307,947,12.785
Radiangames,3,1304,114,4.123333333333333
Radiant,1,14,4,0.0
Radiant Entertainment,1,9621,3108,44.58
Radiation Blue,1,1640,752,18.42
Radical Entertainment,2,21272,6066,9.685
Radical Fish Games,1,15699,1167,22.52
RadicalHyena,1,6,1,0.0
"Radin Games, Flynn's Arcade",1,34,6,0.0
Radio Silence Entertainment,1,291,93,15.12
Radivoj Radivojevic,1,1,2,0.0
Radon Labs,2,686,360,9.924999999999999
Radon Labs GmbH,1,34,21,0.13
Radwog Games,1,5,0,0.0
Raf1Dev,1,17,4,0.0
"Rafael Barreto, MacKenzie Kaser",1,68,57,3.2
Rafael Burgos,1,2494,290,29.05
Rafael Fagiani,1,1,3,0.0
Rafael Farias,3,87,129,1.19
Rafael García,1,13,1,0.0
Rafael Senne,1,46,31,4.25
Rafael Solon,1,130,77,0.0
Rafal Grabos,1,19,3,0.0
Raffaele Picca,1,183,8,1.58
RagTagRadical,1,25,3,2.28
Ragdoll Inc,2,22,48,0.09
Rage Monster Games,1,31,16,2.83
Rage Software,6,1610,664,2.2600000000000002
RageSquid,2,18895,1192,14.77
"Rageborn Studio, LLC",1,338,65,1.37
Ragequit Corporation,2,2143,818,2.175
Ragged Games,1,3533,478,6.2
Ragiva Games,2,31,15,0.01
Ragiva Games e.K.,1,27,34,3.87
Ragna Maya,1,5,7,0.0
Ragnar,1,1,4,0.03
Ragnar Brynjúlfsson,1,26,0,0.0
Ragnarok Aesthetic,1,6,1,0.0
Ragnarökr Project,1,32,5,0.0
Ragtag Studio,1,37,24,0.0
Ragıp Hatunoğlu,1,3,1,0.0
Raharabin,1,30,3,0.0
Rahman Abdul,1,167,142,0.0
Rahmat Nata Djaja,1,11,3,0.0
Raikon Kitsune,1,23,1,0.0
Rail Slave Games,6,1041,3131,3.515
Rain Games,3,2366,475,2.8733333333333335
Rain Of Cubes,1,10,3,0.0
RainDance LX,1,634,201,3.82
Rainbirth SL,2,2,2,0.0
"Rainbow Flute Studio, NVLMaker",1,70,13,0.0
Rainbow Games,9,596,208,40.120000000000005
Rainbow Goats Studio,1,82,111,0.2
"Rainbow Rhino, CINEMAX GAMES",1,105,14,1.17
Rainbow Studios,5,2817,745,5.191999999999999
"Rainbow Studios, THQ Nordic",2,3853,765,16.15
RainbowStudio,2,297,54,0.0
RainingLamppost,1,15,5,0.0
Rainman Studios,1,10,0,0.0
Rainssong,1,133,10,0.42
Rainware,1,12,5,0.0
Rainy Night Creations,1,49,28,0.0
Rakame 7,1,49,5,2.02
Rake in Grass,7,6282,691,5.385714285714286
Rakesh Malik,1,9,6,0.0
RakuRai,1,62,18,0.62
Rakugaki Games,1,142,17,1.02
Rakun,1,1,0,0.0
Ralph Yu,1,2,3,0.0
Rambunny,1,10,1,0.0
Ramen VR,1,3031,1459,10.6
Ramify Games,1,313,85,0.0
Ramjet Anvil,1,133,58,1.27
Rampage Games,1,81,67,0.0
Rampage Interactive,1,48,39,0.0
Rampant Games,1,23,11,0.0
Ramsey Boyce,1,40,4,0.0
Ran,2,229,62,0.915
Random,1,2,0,0.0
Random Bird Studio,1,45,27,0.0
Random Potion Oy,1,83,127,0.0
Random Rook Studios,1,6,0,0.0
Random Seed Games,2,2177,478,2.06
Random Thoughts Enterainment,1,35,7,4.25
Random Thoughts Entertainment,1,45,46,3.78
Random developers,1,4,0,0.0
RandomSpin,2,409,123,3.515
Randomnine Ltd,1,109,11,0.0
Randumb Studios,12,29049,998,0.435
Randwerk,1,423,78,1.87
Range10 Interactive,1,5,0,0.0
Ranger Game,1,3,7,0.0
Ranmantaru Games,1,106,129,0.0
Rapak Games,2,12,1,0.0
Rappid Studios,1,36,16,0.0
Rapscallion,1,321,94,1.78
Rapt Interactive,2,58,20,0.0
Raptor Byte,1,13960,2518,3.15
Raptor Claw Games,6,1642,589,12.226666666666667
Rare Camel Studios,1,1,0,0.0
Rare Ltd,1,317074,38164,66.33
Rare Toad Studio,1,3,1,0.0
RareSloth,1,310,27,0.0
Raredrop Games Ltd,1,52,20,0.0
Rascal Devworks,1,123,13,0.0
Rashin Game Studio,1,62,30,0.0
Rasmus Ljunggren,1,193,107,23.13
Rasmus Rasmussen,1,14,12,0.0
Raspina Studio,1,154,160,3.75
Rasul Mono,2,52,23,0.0
Rat King Entertainment,2,536,104,1.71
Rat Wrath Studios,1,3,0,0.0
Ratalaika Games S.L.,2,86,30,3.3499999999999996
"Ratalaika Games S.L., Woblyware",1,49,13,4.38
Ratbird,1,4,1,0.0
Rational Social Projects Limited,1,44,48,2.53
Ratloop Asia,2,2784,739,2.4850000000000003
Ratloop Games Canada,2,945,212,1.165
"Ratz 'N' Godz, Storybird Games",1,93,81,2.7
Raum Studio,1,70,187,0.57
Raumkapsel - Animation and Interactive Media,1,19,1,0.0
Rava Games,1,1622,117,4.38
Ravanok,1,65,26,0.0
Raven Software,7,24507,1664,2.987142857142857
"Raven Software, Beenox",1,7542,6853,7.03
Raven Sword Industries,1,12,12,0.0
Raven Travel Studios,1,102,69,3.32
RavenFist Studios LLC,1,105,5,0.0
"RavenSoft, id Software",1,3001,423,2.65
Ravenhood Games,1,8945,2850,3.63
Ravinia,2,123,33,0.075
"Ravinia, HatFeather",1,20,10,0.0
"Ravn Studio, Rock Pocket Games, Invictus Games",1,184,147,0.0
Raw Lion Workshop,1,1607,156,117.83
Raw Orange Studios Limited,1,0,0,0.0
RawEgg,1,1,0,0.0
Raxasoft Games,2,454,291,4.390000000000001
Rayark International Limited,1,2826,418,8.82
"Rayhouse Productions, GameRealmMadness",1,51,39,4.08
"Raylight srl, Visual Impact",1,2,12,0.0
Rayll,1,2203,298,1.42
Raymond Doerr,1,6737,915,16.17
Raytrace Interactive,1,4,12,0.0
Raz Games,1,18,8,0.0
Razzart Visual,3,2610,229,2.1333333333333333
Re trope games,1,6,4,0.0
Re-Logic,1,1373979,35494,129.43
RePatrick21,1,290,195,4.85
ReRolled Studio,1,18,4,0.0
React Games,2,201,109,3.455
Reactive Drop Team,1,21500,1149,8.7
Reactor Studios,2,115,37,3.565
Reactor Zero,1,209,163,0.73
Read Graves,1,906,424,1.78
Ready At Dawn,1,53,119,0.67
Ready To Play,4,103,64,0.0
Ready Wolf,1,22,4,0.0
Reakktor Studios,1,4485,1326,2.98
Real Dynamics,1,1011,399,6.33
Real Game Machine,1,106,61,0.0
Real Gamer,1,1,5,0.0
Real Gamer Studio,1,2,1,0.0
Real Maxwell,1,0,1,0.0
Real Pixel Game,1,9,3,0.0
Real Stone,1,104,12,0.0
Real Welders,1,785,511,13.52
"Reality Diversions, LLC.",1,2,2,0.0
Reality Inside Ltd.,1,55,8,0.0
Reality MagiQ,1,37,5,0.0
Reality Pump,5,2609,1839,5.656000000000001
Reality Pump Studios,9,11269,5361,6.945555555555555
Reality Reflection,3,108,36,0.06666666666666667
Reality Twist GmbH,3,332,241,4.04
RealityArts Studio,1,48,17,0.0
"RealityVirtual.co, M-Theory",1,27,0,0.0
RealityZ,1,3,0,0.0
Really Interactive,1,229,14,0.0
Really Ragdoll,1,42,22,0.0
ReallyBadOldGames,1,197,177,0.0
Realm of Alters Limited,1,35,22,0.0
Realmforge Studios,8,23365,3696,4.82625
Reanimate Games,1,19,1,0.0
Reanimated Games,1,99,14,0.0
Reason Generator Inc.,1,354,159,48.42
ReaverGames,1,36,29,4.68
RebRank,1,123,3,0.0
Reb_Orn,1,140,18,0.0
"Rebel Games, Team6 Game Studios",1,181,207,0.08
Rebelephant,1,272,78,2.5
Rebelia Games,2,1538,836,3.175
Rebellion,17,172157,27290,7.678823529411765
Rebellious Software,1,257,48,0.0
Reboot Arcade,1,20,11,0.0
Reborn Entertainment,1,1149,180,3.1
Reborn Games,1,834,1620,8.13
Rebound CG,1,177,53,0.0
Rebourne Studios,1,48,8,2.38
Rebuilt Games,1,47800,6014,12.23
Rec Room,1,63756,7467,9.47
Reckoner Industries,1,497,75,3.05
Recoil Games,1,1589,141,2.95
Recompile,1,0,4,0.0
Reconnect Software,1,542,545,10.4
Recontact Games,1,12,12,0.0
Recotechnology S.L.,4,106,89,1.625
Rectangle,1,125,50,4.33
Red Abyss Software,1,341,291,5.75
"Red Android, EpiXR Games UG",2,78,16,0.0
Red Barrels,2,171896,9282,7.775
Red Beat,1,289,159,1.83
Red Blue Games,1,480,133,4.02
Red Bra,1,5,2,0.0
Red Cabin Games,1,265,34,3.67
Red Cattus,1,24,5,0.0
Red Chain Games Ltd.,2,30,10,0.0
Red Dev Studio S.A.,2,51,28,0.0
Red Diamond Games,1,0,3,0.0
Red Dot Games,3,89161,6773,23.343333333333334
"Red Dot Games, PLAY",1,70,60,0.0
"Red Duck, Inc.",1,480,479,0.0
Red Dwarf Games,2,3015,341,0.185
Red Ego Games,2,195,47,2.34
"Red Entertainment, LANTERN ROOMS",1,717,31,16.27
Red Flame Game,1,3,0,0.0
Red Fly Studio,1,29,18,1.63
Red Fox,1,1376,449,2.52
Red Fox Studios,1,54,76,0.0
Red Head Games,1,70,12,0.38
Red Hedgehog,1,59,80,0.08
Red Herring Labs,1,520,37,4.58
Red Hook Studios,1,137026,12430,45.62
Red Iron Labs,1,8,4,0.0
Red Katana,1,85,140,3.93
Red Koi Box,1,92,16,0.0
Red Limb Studio,5,1168,338,1.266
Red Meat Games,4,142,109,1.12
"Red Mount Media, Antarsoft",1,237,91,0.82
Red Mouse Games,1,104,4,0.0
Red Nettle Studio,1,486,87,1.65
Red Nexus Games Inc.,2,13387,2626,11.93
Red Obsidian Studio,1,701,133,5.97
Red Phantom Games,1,115,28,0.42
Red Phoenix Studios,3,23,43,0.29
Red Redemption,1,347,95,4.22
Red Six Development,1,0,0,3.08
Red Skald,3,357,28,0.0
Red Stage Entertainment,1,147,37,0.35
Red Starship,1,155,55,0.0
Red Storm Entertainment,4,1875,332,2.4425
"Red Storm Entertainment, Ubisoft Montreal",1,1783,161,6.38
Red Team Games,1,561,208,6.63
Red Thread Games,2,5160,1292,8.91
Red Triangle Games,3,73,20,4.82
Red Unit Studios,1,832,363,3.08
Red Vibe Studio,1,70,66,0.08
Red Wasp Design Ltd,1,132,63,0.0
Red Winter Software,1,429,138,5.45
Red Zero Games,1,107,45,0.0
Red twice potato,6,93,77,0.09999999999999999
Red × Balloon,1,177,4,0.0
Red.Soul,1,17,12,0.0
RedBedlam,1,663,215,3.02
RedBoon,1,2186,382,23.28
RedCandleGames,1,11782,2596,3.3
RedClaw Productions,1,36,18,0.0
RedEmber,1,38,14,0.0
RedHorse Studio,1,0,1,0.0
RedLeg,1,17,8,0.0
RedLynx,1,1836,1047,9.72
"RedLynx, in collaboration with  Ubisoft Shanghai, Ubisoft Kiev",1,1580,764,9.63
RedPain,1,50,9,0.0
RedRuins Softworks,1,12620,2700,10.73
RedTower,1,171,48,0.0
RedWhaleGames,1,4,9,0.0
RedZone Studios LLC,1,7,0,0.0
RedZyrro,1,1,2,0.0
Redaster Studio,2,26425,8815,1.5250000000000001
"Redaster Studio, Ember Light Games",1,2613,686,2.98
Redbeak Games,1,493,76,65.93
Redbeet Interactive,1,323198,23161,29.78
Redblack Spade,2,656,130,1.875
Redbrick Studios Ltd,1,37,17,0.0
Redcatpig Studio,1,300,291,0.0
Reddoll Srl,2,134,49,1.265
"Reddoll Srl, IV Productions, ONE-O-ONE GAMES",1,31,31,0.0
"Redemption Road, Pixel Dash Studios",1,10485,2262,4.82
Redhill Games,1,1541,1759,1.08
Redicion Studio,1,1,7,0.0
Redlock Studio,1,488,233,1.08
Redlynx,1,225,39,4.7
Redlynx Ltd,1,36,19,10.02
"Redlynx Ltd, Ubisoft  Shanghaï",1,1745,557,12.93
"Redlynx, Ubisoft Kiev",1,140,77,2.42
Redman Games,1,3,0,0.0
Rednew Games,1,4,1,0.0
Redox Entertainment Inc,1,353,65,0.0
Redpoint Games,1,36,24,3.35
Redro Games,1,470,173,3.83
Redshift Games,1,437,67,14.78
Redsquirrel Tribute Games,1,1,0,0.0
Redstone Interactive,1,4753,2707,10.33
Redwood,1,1000,254,30.05
Redwood Games,2,126,37,0.025
Reentry Games,1,800,214,1.15
Refactored Games OÜ,1,105,103,8.75
Reflect Studios,3,5824,983,2.67
"Reflections, a Ubisoft Studio",3,7973,1001,4.88
"Reflexive Entertainment, Black Isle Studios",1,131,24,0.0
Refract,1,6648,542,5.83
RefresherTowel Games,1,4,0,0.0
Regimental Chess Dev.,1,157,132,4.03
Reija Meriläinen,1,78,42,0.0
Reikon Games,1,10381,1211,4.0
Reine Works,2,193,70,0.99
Reinkout Games,1,65,30,3.47
Reiza Studios,5,14883,2160,37.215999999999994
Rejected Games,3,6115,1371,7.703333333333333
Rejet,2,1165,81,28.185
Rekall Games,1,129,77,0.0
Rekt Games,1,22,17,0.0
Reky Studios,1,18,1,0.0
RelativeBlue Games,1,2,0,0.0
Relax Minimalism,1,138,68,5.47
Relentless Software,1,92,19,0.0
Relic Entertainment,9,91793,6183,16.714444444444446
"Relic Entertainment, Feral Interactive (Mac), Feral Interactive (Linux)",6,99065,35458,10.5
"Relic Entertainment, Feral Interactive (Mac/Linux)",3,14374,1781,13.906666666666666
"Relic Entertainment, THQ Nordic",1,1648,76,5.58
Religious Studios,1,23,72,2.12
RelluRealGames,1,264,114,5.65
Reload Games Studio,2,43,31,3.76
Reloaded Studios,1,327,230,0.78
Remainder Studios,1,19,9,0.0
Remedy,1,693,68,1.6
Remedy Entertainment,6,143492,19806,6.72
"Remedy Entertainment, Mountain Sheep, Cornfox & Brothers",1,572,232,5.9
Remix Games,2,162,6,0.0
"Remix Games, Gregory Oliveira",2,80,2,0.0
Remnants of mosaic,1,20,1,0.0
Remtairy,1,446,10,13.57
RenZhai(人宅),1,5,6,0.0
Renaissance Game Studio,1,30,3,0.0
Render,1,3,7,0.0
Render Cube,1,40992,4174,50.97
Render Goblin Games,1,3,2,0.0
Render System,1,62,21,0.82
Rendercode Games,1,224,50,3.38
Renderise,2,1235,1103,1.4
Renecade,1,0,2,0.0
Renegade Sector Games,7,287,49,0.5599999999999999
Renissance Software,1,5,0,0.0
Reno GT Young,1,2,1,0.0
RepSolo,1,6,3,0.0
Repa Games,3,705,93,0.0
Reparteros.inc,1,10,8,0.0
Reperio Studios,1,3785,1382,1.55
Repixel8,1,65,25,0.0
Replay Studios,2,1559,973,0.96
Reply Game Studios,1,600,199,2.93
Reporter Zero,1,9,1,0.0
Reptoid Games,3,155,28,0.006666666666666667
Request Logic,1,10,6,0.0
Reset Games Ltd,3,71,44,0.0
Resi,1,4,3,0.02
Reside,1,5,4,0.0
Resight Studio,1,0,1,0.0
Resolution Games,3,1154,180,5.246666666666666
Resonair,1,602,36,0.75
Respawn,1,668053,326926,172.78
Respawn Entertainment,4,387339,31867,18.317500000000003
Respect Studios,2,17,5,0.0
RestfulSense,1,0,4,0.0
Resting Relic,1,332,132,1.13
Restory Studio,2,1726,576,8.855
Retora Games,1,443,129,8.03
Retraissance,1,28,31,4.15
"Retrelon Games, LLC",1,48,18,0.0
Retrific,4,1842,258,3.425
Retro Affect,1,185,68,2.55
Retro Army Limited,4,1420,283,3.8150000000000004
Retro Craftz Studio,1,100,44,0.0
Retro Dragon Games,1,1,0,0.0
Retro Dreamer,1,73,25,0.0
Retro Gears,1,12,1,0.0
Retro Reactor,1,69,8,0.0
Retro Republic LLC,1,7,10,0.0
Retro Twist Games,1,14,0,0.0
Retro Warp Gaming,1,9,4,2.52
Retro Yeti Games,1,1480,258,0.57
"Retro64, Inc.",1,18,3,8.0
RetroEpic Software,1,136,30,0.52
RetroLab,1,495,98,5.93
"RetroRave, LLC",1,4,2,0.0
RetroRevolution,1,101,45,2.22
RetroSouls,1,157,33,0.0
Retroactive Fort,1,12,0,0.0
Retrocade.net,1,31,3,4.2
Retronic Games,1,387,45,3.2
Retrosoft Studios,1,246,43,3.1
Retrospec,1,9,6,0.0
Retrotainment Games,2,51,8,0.0
Retrover Games,1,4,8,0.0
Retroware,1,5,12,0.0
Retrowax Games,1,2,1,0.0
Return First Games,1,4,0,0.0
"Return To Adventure Mountain, LLC",2,542,85,0.0
"Reuben Lewis, Elan Bustos",1,2,2,0.0
Reuben Moorhouse,1,6,0,0.0
Reum Entertainment,1,2,4,0.0
Rev21,1,2,0,0.0
RevampedPRO,1,203,73,26.1
Reverie World Studios,5,5467,2463,5.586
Reverse Impact,2,128,59,2.415
Reversed Interactive,1,4,0,0.0
Revistronic,1,39,28,0.17
"Revival Productions, LLC",2,2534,158,2.035
RevizorGameStudio,1,2,0,0.0
Revmatek,4,1699,61,7.1175
Revog Games,2,95,31,0.0
"Revolab, Ivan Zanotti's MyMadnessWorks",1,125,5,4.33
Revolt and Rebel,1,39,22,6.2
Revolution Software Ltd,6,8415,1193,10.651666666666667
Revolutionary Games Studio,1,1228,99,3.27
Revolutionary Interactive,1,5,0,0.0
Revolver Nine,1,14,2,0.0
Revox Games,1,20,0,0.0
Reward Hunters,1,152,77,4.07
Rewind Games,1,493,40,1.85
RewindApp,46,26746,3701,0.3904347826086957
Rex K.,1,15,1,0.0
RexCorp,1,19,4,0.0
Rexcellent Games,1,144,12,0.0
Rezoner,1,96,11,0.0
"Re零同人社, 二色幽紫蝶",1,154,28,1.77
Rhema Group,1,10,22,0.0
Rhema Press,1,246,110,8.57
RhinoGearz,2,216,28,0.01
Rhinotales,1,2392,684,1.63
Rhizome Games™,1,76,12,2.73
Rhombico Games,3,1146,397,2.5
Rhythmical Badass,1,35,11,0.57
Ricardo,1,5,2,0.0
Ricardo Pratas,1,39,33,0.0
Ricci Cedric Design,1,35,5,0.0
Rice Cooker Republic,1,115,37,2.93
RiceyCode Studios,1,4,0,0.0
"RichMakeGame, Colin Northway",1,40,18,4.0
Richard Borges,1,6,0,0.0
Richard Cowgill,1,34,20,0.0
Richard East,1,189,130,2.67
"Richard Fox - Development, John Gibbons - Development, Jonathan Haggard - Design, Joe Cantasano - Sound/Audio",1,19,5,0.0
Richard Haraším,1,70,8,0.0
"Richard, Stoner Games Studio",1,1,3,0.0
Ricpau Studios,1,65,4,0.0
Ridgeline Studios,1,5,1,0.0
Rifat Erdoğan,1,24,17,0.12
Riff Studios,1,493,88,3.92
RiftBreak Software,1,9,2,0.0
"Right Nice Games, Grip Digital",1,374,52,3.03
Righteous Hammer Games,1,414,125,5.53
"Righteous Weasel Games, Ignatios Prouctions LLC",1,496,204,2.55
Rigidbody,1,1692,180,36.77
Rikard Swahn,1,20,6,0.0
Riku Heikkilä,1,1,4,0.0
"Riley Sampson, Arthur O'Keefe",1,35,2,0.0
Rimlight Studios,1,31,10,0.72
Rinober,1,11,1,0.0
Rionix,3,167,35,2.4166666666666665
Riovox,1,2,0,0.0
Ripatti Software,1,123,20,2.85
Ripknot Systems,55,2663,2247,0.09418181818181817
"Riposte Games &amp; Co, Inc",1,245,153,6.58
Ripper Games,1,35,21,2.58
Ripple Studio,1,805,404,12.57
Ripstone,3,2071,813,3.8766666666666665
Rising Dragon Studio,1,8,3,0.0
Rising Fox Studio,1,14,1,0.0
Rising Moon Games,7,749,67,3.707142857142857
Rising Pixel,1,3,0,0.0
Rising Star Games,1,2958,1505,7.73
Rising Sun Interactive,2,17,17,0.0
Rising Tide,1,12,2,0.0
"Rising Win Tech. CO., LTD",2,50,14,0.0
RisingHigh,1,11,8,4.42
Rita skaf,1,2,0,0.0
Ritual Entertainment,3,2059,199,2.82
"Ritual Entertainment, Nightdive Studios",1,328,87,0.57
Ritual Games,1,85,36,0.3
Rival Games,1,154,57,4.83
Rival Games Ltd,1,489,186,2.23
River Stone Games,1,19,1,0.0
Riyko Games,1,7,0,0.0
Riz Ragent,1,1,0,0.0
Rmonak,1,6,1,0.0
RoKo0 (Roman Konyukhov),1,982,75,9.33
Roach Game Studio,1,1,1,0.0
Roach Interactive,1,20,3,4.62
Roach Team,1,21,4,0.0
Road Turtle Games,1,73,35,0.08
Roadfactory,1,66,39,2.88
Roaming Ground Studio,1,28,8,0.0
Roastery Games,2,1182,862,7.115
Rob Howland,1,1215,436,2.62
Rob Jinman,1,349,32,0.0
Rob Moore,1,4,1,0.0
RobProductions,2,34,5,0.0
RobTop Games,1,401026,28895,77.82
Robbie And James Games,1,8,0,0.0
Robert Alvarez,4,804,199,2.2575000000000003
Robert Dahlenburg,1,10,15,0.0
Robert Gammon,1,588,235,3.1
Robert Hendry Games,1,4,0,0.0
Robert J. Deutsch,1,4,1,0.0
"Robert Morgan, Jeremy Stanton",1,15,0,0.0
"Robert Raulus, Mikko Tamper, Antti Allén",1,183,6,0.0
Robert Wahler,2,567,23,1.05
Robert Weaver,1,120,82,0.43
Robert Wolff and Knut Müller,1,17,4,0.0
Robert Yang,1,2537,406,0.57
Roberto Shell,1,0,1,0.0
Roberto Trasarti,1,46,11,0.0
Robi Studios,2,2406,554,2.2249999999999996
Robin Vencel,1,201,5,0.0
"Robin, Alice, Julia and George",1,19,5,4.02
Robit Games,2,271,54,2.665
RoboDev,1,13,13,0.0
Robot Circus,1,104,10,21.05
Robot Entertainment,5,42559,5874,9.268
Robot Games,1,11,6,4.37
Robot Gentleman,3,28982,3153,4.723333333333334
Robot Invader,2,524,129,0.765
Robot Loves Kitty,2,1302,514,5.145
Robot Riot UG (haftungsbeschränkt),2,596,167,4.220000000000001
"Robot Squid, Spilt Milk Studios Ltd",1,7102,1876,2.67
RobotKSR,1,5,4,0.0
RobotPumpkin Games,1,120,58,1.87
Robotality,2,2396,776,8.684999999999999
Robotizar Games,3,41,8,0.0
Robotronic Games,1,2658,856,21.77
Robson Paiva,1,192,24,0.28
Rock Cow Productions,1,6,3,0.0
Rock Crow,1,86,139,0.33
Rock Interactive,1,9,2,0.0
Rock Nano Global,1,104,11,0.0
Rock Paper Games,1,14,115,0.0
Rock Pocket Games,2,2201,645,4.8
Rock Square Thunder,1,42,16,0.15
Rock Wale,1,438,110,1.83
"Rock Wall Games, LLC",1,267,56,1.37
Rockbee,1,132,105,7.78
Rocket Bear Games,1,2767,190,6.83
Rocket Cola Studio,1,102,65,0.63
Rocket Jump,1,253,48,3.7
Rocket Jump Technology,1,87,43,0.0
Rocket Monster Games,1,3,0,0.0
Rocket Rat Games,1,379,4,11.95
Rocket Tech,1,0,1,0.0
Rocket Tiger Studios,1,26,9,1.92
Rocket Vulture,1,152,32,3.78
RocketPunch Games,1,2168,445,4.42
"RocketSnail, SkyVu",1,289,39,0.2
RocketWerkz,4,40789,14177,35.65
Rocketcat Games,1,164,56,1.48
"Rocketcat Games, Madgarden",1,8712,673,9.05
Rocketeer Games Studio LLC,1,536,361,48.67
"Rocketeer Games Studio, LLC",4,5602,3875,1.575
Rocketship Park,1,49,5,0.0
Rockgames,1,280,84,0.0
RockingDyde!,1,2,0,0.0
Rockodile,1,422,44,3.2
Rocksoft Ltd,1,7,1,0.0
Rockstar Games,6,848583,79330,30.051666666666666
Rockstar New England,1,30730,5604,13.72
Rockstar North,3,1745417,252716,81.55
Rockstar North / Toronto,1,7524,2647,0.0
"Rockstar North, Rockstar Toronto",1,144493,30691,32.48
Rockstar San Diego,1,843,115,4.68
Rockstar Studios,1,49420,7656,14.48
Rocksteady Studios,5,264620,22121,13.76
"Rockwell Studios, LLC",1,170,68,3.15
Rocwise Entertainment,1,203,248,0.93
Rodeo Games,1,589,258,11.33
"Rodeo Games, Twistplay",1,801,368,13.22
Rodrigo Banzato,1,35,17,0.0
"Roel van Beek, Jurgen Hoogeboom, Joppe de Graaf, Jesper van den Ende",1,541,78,0.18
Roencia,1,26,2,0.0
Roenko Games,1,709,185,3.13
Roest,1,166,65,0.0
Roew Rewk,1,10,6,0.0
Rogalik,1,181,23,0.0
Roger Barton,1,81,40,0.52
Roger Kaffer,1,62,2,0.0
"Roger Kaffer, Sky Hawk Bressette",1,17,3,0.0
Rogerty,1,13,3,0.0
Rogue Earth LLC,1,48,49,0.4
Rogue Entertainment,3,1006,175,4.1466666666666665
Rogue Factor,2,7282,3656,16.605
Rogue Moon Studios,1,254,61,6.2
Rogue Planet Games,1,59598,14096,44.48
Rogue Rocket Games,1,37,7,4.88
Rogue Snail,2,6399,471,3.24
Rogue Sword: Strategy & Adventure Games,1,53,9,1.2
RogueWare,1,73,21,0.0
Rogueside,2,2964,318,2.37
"Rogueside, Claeysbrothers",2,8279,603,6.265000000000001
"Rohaan Siddiqui, Dhairya Khara",1,4,2,0.0
"Rohan Narang, Ratalaika Games S.L.",2,114,15,0.0
Rokabium Games,1,54,6,0.0
Rokas,1,52,13,0.0
Roley Games,1,0,1,0.0
Roll Mops Interactive,1,7,0,0.0
Roll7,3,3846,517,5.873333333333334
"Roll7, CE-Asia, 505 Games",1,1309,330,2.62
"Roll7, General Arcade",1,679,185,1.82
Rolling Cat Studio,2,83,10,0.0
Rolling Crown,2,315,50,0.0
RollingPangda,1,2,0,0.0
RollingStarStudios,1,1,2,0.0
Rollman team,1,6,2,0.0
Romain Bourbon,1,0,2,0.0
Romain Salha,1,6,1,0.0
Roman Chumak,1,18,2,0.0
Roman Kondratkov,1,1,1,0.0
Roman Kozhukhov,1,99,9,3.47
Roman Pak,1,45,13,0.0
Roman Shuvalov,2,151,55,0.0
Roman Uhlig,1,253,35,2.18
Romantic Room,1,152,169,1.72
"Romenics, Artaani, Riya",1,450,240,8.38
Romero Games,1,2840,3174,15.98
Romero Games Ltd.,1,233,46,7.83
Romulus,1,42,17,0.0
Roni Games,1,6,2,0.0
Ronimo Games,4,24422,4877,7.015
Ronin SoftWork,1,330,103,1.43
Roofkat,1,10,1,0.0
Rooftop Panda,1,76,9,3.43
Rookbird Games,1,2,0,0.0
Rookie Hero Games,1,3,10,0.0
Room 8 Studio,1,74,23,6.08
Room-C Games,1,252,99,3.05
Room122,1,4,3,0.0
Room710Games,5,5882,1570,2.084
RoomsForRockets,3,162,32,0.0
Roope Tamminen,2,2256,159,4.03
Roost Games,1,2491,353,8.52
Rooster Teeth Games,2,9506,2301,4.965
RootSerious,1,6,0,0.0
Rooted Concepts,1,229,76,4.08
Rootless Studio,1,1134,320,5.05
Rootpew,1,940,272,1.5
Rootton Endeavours,1,1,1,0.0
Roppy Chop Studios,3,111,24,0.5766666666666667
RororoGame,1,2,0,0.0
Rory Lambert,1,4,0,0.0
Rosa Special Studio,1,30,38,0.0
Rosario Puche,1,24,9,0.0
Rose City Games,1,263,61,3.58
RosePortal Games,5,570,295,2.212
Rosebud Games,1,537,256,2.53
Rosen Studio,1,19,44,0.0
RosenX Studios,1,2,0,0.0
Roshan Nowshad,1,108,5,0.0
Ross Edgar,1,17,13,3.88
"Ross Winters, Austin Pinzon, Adrian Lannon, Ana Beltran, David Almaguer, Ryan Rosado, Chris Perry, Emily Bannister, Nicolas Kemball-Cook, Doug Fialko, Joel Arroyo",1,9,2,0.0
"Ross Winters, Jesse McNamee, Brianne Ball, Roberto Uribe, Jonathan Tope, Connor Breeding, Ricardo Maldonado, Alexander Powell, Felipe Sanchez, Frances Rosa-Martir, Robert Dixon, Dominic Mercado, Kevin Parker",1,9,6,0.0
"Rossiya Segodnya, RIALAB",1,48,34,0.0
Rostislavs Lihacs,1,1,3,0.0
Rotateam,1,224,23,1.68
Rotatipyra,1,112,84,4.02
Rotospace Studios Inc.,1,4,1,0.0
Rotten Mage,1,43,1,0.45
Rouge Brick,1,16,5,0.0
Rouhana,1,12,4,0.0
RoundTable Games Studio,2,14,1,0.0
Route 59,1,1108,226,2.48
Rovango Studio,1,34,7,0.28
Rovio Entertainment Ltd,1,490,54,5.45
RowlesCorp Studios,1,27,6,0.0
Roxiano Creations,1,45,10,0.0
Roxy Constantine,1,188,89,0.0
Roy,1,12,7,0.0
Royal Deal Games,1,80,74,3.92
Royal Donut,1,7,3,0.0
Royal Games Studio,1,3,4,0.0
Royal Rudius Entertainment,1,2174,1909,12.2
Royal Troupe,1,753,118,0.0
Royce Charles Fernandes,1,12,1,0.0
Rpg Adventures,1,11,19,0.0
Rpics Studio,1,10,1,0.0
RuVe Game Studio,1,40,33,8.3
Ruairi,1,2,2,0.0
Ruari O'Sullivan,1,198,34,0.0
Ruaz.404,1,6,27,0.0
RubberBandGames,1,26141,799,16.17
Rubeki Games,2,109,18,0.0
Ruben Alcañiz,1,31,25,0.0
Rubicon Development,2,197,60,13.434999999999999
Rubycone,2,678,383,4.075
Rude Ghost,2,197,43,0.965
"Rudolf Kremers & Alex May, Tuna",1,725,84,3.15
Ruffian Games,1,28,11,0.0
Rukas Skirkevicius,1,16,16,3.97
RumR Design,1,565,73,0.0
Rumata Lab,1,32,17,0.0
Rumbic Inc,1,3,2,0.0
Rumbic Studio,1,20,11,0.0
Rumbora Party Games,1,186,48,2.8
Ruminant’s Whimper,1,218,26,1.98
Rumly,1,1,0,0.0
Rumme Games,1,22,2,0.0
Rumor Games,1,13,3,0.0
Rumpus,2,603,117,1.975
Run and jump games,2,46,5,0.51
RunAroundGames,1,40,32,0.0
RunServer,4,536,244,2.9975
Rune Skovbo Johansen,2,636,45,0.0
RuneHeads,2,329,227,3.015
RuneStorm,4,29571,3030,4.3725000000000005
Runeforge Game Studio,1,3230,674,18.8
Runewaker,1,580,269,9.45
Runewaker Entertainment,1,967,445,2.73
Runic Games,3,52082,4458,14.023333333333333
Runner Duck,2,15117,2535,5.715
Runnex Technology,1,189,58,0.0
Running Hoffman,1,132,8,0.0
Running With Scissors,4,136929,8736,6.035
RusWorld,1,3,1,0.0
"Rushil Reddy, Christiane Snyder",1,5,5,0.0
"Rushil Reddy, Priyam Parikh, Ken Watanabe",1,37,16,0.15
Rusimitu,1,1,0,0.0
Ruskatuli,1,348,28,0.17
Ruskija Game Experience,2,93,21,0.0
Ruskija game experience,2,40,22,0.0
"Ruskija game experience, Valkeala Software",1,11,10,0.0
Russell Variedalia,1,2,1,0.0
Russian Implant Games,1,2,0,0.0
Russian Pirates,1,21,62,0.0
RussianDEV,1,24,36,0.02
Rustic Fantastic,1,36,32,0.0
Rusty Lake,7,53444,1931,5.511428571428572
"Rusty Moyher, Shaun Inman, Matt Grimm",1,331,87,2.73
Ruxar,2,264,53,1.61
Ryan Bell,1,0,3,0.0
Ryan Bissonnette,1,2,0,0.0
Ryan Jensen,2,39,26,4.949999999999999
Ryan Laley Games,1,44,22,0.0
Ryan Olah,1,48,1,0.0
Ryan Saunders,1,154,28,5.37
Ryan Silberman,3,53,34,2.83
Ryan Wheeler,1,5,1,0.0
Ryan up in here,1,53,35,0.35
Rymentz,1,26,5,0.0
Rynder Games,1,2,0,0.0
RyseUp Studios,1,20701,988,16.43
Ryu Ga Gotoku Studio,9,164819,11012,43.465555555555554
Rémi Adriano,2,107,15,0.0
Rückert Broductions,1,208,53,1.05
S H B studio,1,6,10,0.0
"S Houben, N Tailor, A Barnett",1,29,28,0.02
S&COR Games,1,125,112,0.63
S-Game,1,119,30,0.0
S.A. DigiWorks,1,3,5,0.03
S.A. Digiworks,1,1,4,0.0
S.C. 16 BIT NIGHTS S.R.L.,2,1232,437,1.715
"S.E.R.A. STUDIO 3D, DX Gameworks LLC",1,28,5,0.0
S.T-Brothers,1,2,4,0.0
S.T.T,1,116,42,0.0
S.Y. GAMES,1,30,25,0.0
S1T2,1,37,13,0.0
S2 Games,1,3730,1142,4.27
"S2 Games, LLC",1,815,617,38.18
SAARSE,2,11,2,0.0
"SAG, SAG",1,9,1,0.0
SAGENCY,1,113,104,0.12
"SAINT-FUN INTERNATIONAL CO., LTD.",1,391,191,3.27
SANDLOT,2,19720,1097,57.06
SAT-BOX,2,74,58,0.46499999999999997
SB Games World,1,4,2,0.0
SBM Games,1,15,3,0.0
SBN3,1,6720,323,3.42
SC Games,1,1,0,0.0
SC Jogos,9,10317,2917,4.082222222222223
SC.Wu,1,1,3,0.0
SCAD Students &amp; Faculty,1,10,2,0.0
SCOREWARRIOR LIMITED,1,35,35,0.0
SCP: Escape Together development team,1,2312,1251,0.0
SCS Software,15,1025220,30886,16.299333333333333
"SCS Software, Sunstorm Interactive",1,148,22,0.38
"SCS Software, Sunstorm Interactive, Inc.",1,61,7,0.0
SCT,3,2195,1069,11.416666666666666
SD,3,632,170,1.8333333333333333
SD studio,1,64,25,0.0
SDC Ventures,1,2,2,0.0
SDEnterNET,1,494,240,757.72
SDEnterNet,1,619,771,1.08
SDF games,1,19,8,0.0
SDP Games,1,533,216,3.48
SEAStoriesStudio,1,34,30,0.0
SECRETSOF,1,10,1,0.0
SEEC Inc.,1,341,9,6.37
"SEEDGAMES Co., Ltd.",1,41,56,0.0
SEEP,5,451,73,1.844
SEGA,39,70752,16220,3.7805128205128207
SEGA Studios Australia,1,3556,365,3.42
SEKTOR GAMES,2,44,18,0.0
SEMISOFT,1,316,136,4.32
SERIALGAMES Inc.,1,12,0,0.0
SERIOUS*IMPACT WORKS,1,46,51,18.9
SEROSOO,1,1291,106,106.1
SES,1,1,2,0.0
SF DevTeam,1,2,12,0.0
SF team,1,227,333,26.63
SFB Games,3,8920,610,3.046666666666667
SG Data,1,150,72,0.57
SG+T,1,2,0,0.0
SGS Team,2,75,55,4.125
SGStudio Games,1,17,10,0.0
"SGTTB_Studios, Phanom Games",1,37,55,5.03
SHADE Inc.,2,745,183,4.285
"SHEN JIAWEI, ZHANG FAN",1,31,20,0.0
SHIBAPOWER,1,74,7,0.0
SHIBO GAMES,1,24,3,0.0
SHIFT UP Corp.,1,14,3,0.0
SHN Games,1,642,20,15.02
SHOGUN GAMES,1,17,9,0.0
SHOKIZM INTERACTIVE,1,13,0,0.0
SIEIDI Ltd,2,183,209,2.645
SIENTURE,2,2,3,0.0
SIG Publishing,1,39,31,0.55
SIGONO INC.,4,11479,696,2.1574999999999998
SIM720 LIMITED,1,100,39,0.87
SIMAGINATION,1,55,15,0.0
SIMPRA ORG,1,16,1,0.0
SIMSREALITY,1,9,14,0.0
SITER SKAIN,3,510,64,1.76
SIXNAILS,1,52,5,28.2
SK Games,1,1,0,0.0
"SKIPMORE, ESQUADRA,inc.",2,339,34,6.825
"SKIPMORE, Kan.Kikuchi",1,98,35,0.0
SKY HOUR WORKS,1,378,69,0.0
"SKY HOUR WORKS, Anarch Entertainment",1,96,16,0.0
SL,1,0,2,0.0
SLASH,1,13,0,0.0
SMAC Games,1,458,202,1.55
SMD Gaming Studio,1,16,4,0.0
SMG Studio,4,32111,8016,3.8899999999999997
"SMG Studio, Devm Games",1,1789,480,2.68
SMILE,1,1457,56,10.63
SMU Guildhall,6,1461,205,0.0
SNK CORPORATION,4,18049,3963,17.1225
"SNK CORPORATION, Abstraction Games",2,3971,950,7.22
"SNK CORPORATION, Code Mystics",7,10028,931,20.685714285714287
"SNK CORPORATION, Dotemu",8,12520,1678,3.7225
SNK Games,1,58,49,12.12
"SNK Games, Elemental Games, Katauri Interactive",1,6289,377,50.85
SOCKO! Entertainment,1,141,44,2.28
SOCO Games,1,32,29,3.45
SOEDESCO,2,121,64,7.45
SOF Studios Ltd,1,650,435,11.88
SOFF Games,1,6433,3857,11.07
SOFTON ENTERTAINMENT,2,168,186,8.25
SOFTSTAR ENTERTAINMENT,6,5475,474,7.378333333333334
SOFTSTAR TECHNOLOGY(BEIJING),4,1548,1436,5.297499999999999
SOFTSTAR TECHNOLOGY(SHANGHAI),2,1926,375,21.66
"SOFTSTAR, DOMO Studio",1,5949,3535,11.37
SOLIDS Studio,1,21,0,0.0
SOMG,1,50,39,0.32
SOMOV KIRILL,1,1,2,0.0
SONNORI Corp,2,3309,790,2.735
SOUTHPAW GAMES,1,51218,3683,39.97
SP Digital Arts Inc.,2,405,113,4.04
SP GAMES,1,54,14,0.0
SP-time,2,1619,412,4.65
SPARK Games,2,37,11,0.0
SPARSE//GameDev,2,927,28,0.75
"SPECIAL MAGIC GAMES, LLC",1,166,9,0.22
SPECTRUM GAMES,2,389,133,2.565
SPECTRUM48,1,73,13,0.0
SPG (Stuart's Pixel Games),1,24,0,0.0
SPG Mistarille,1,340,110,3.82
SPLine,1,21,12,0.4
SPS,1,5,8,0.0
SPVD,1,259,104,2.68
SPokDev,1,2,0,0.0
SQGAME,1,2,6,0.0
SQUARE PHOENIX,1,0,1,0.0
SRA Games,1,3,2,0.0
"SRCS, EDGE-GAMES",1,1,0,0.0
SRD TEAM,1,5,2,0.0
SRN Game Studio,1,12,3,0.0
SRS Games,6,850,245,0.0
SRV-game,1,17,4,0.0
SSCTEAM,1,176,89,4.78
SSP Games,2,27,9,0.0
ST.Games同人游戏社团,1,7,1,0.0
STDIO_934,1,1,1,0.0
STGamz,1,0,2,0.0
STOIC Entertainment,1,0,1,0.0
STRAIGHT ON 8,1,2,6,0.0
STUDIO EBANS,1,2,3,0.0
STUDIO HG,1,62,12,0.23
STUDIO N9,1,903,241,19.73
STUDIO WASABI,1,383,135,0.0
STWM,1,2,3,0.0
SUNCYAN studio,1,2164,217,41.33
SUNSOFT,1,23,4,0.0
SUPERCORE Games,1,40,7,0.0
SUPERHOT Team,3,53185,7855,4.3500000000000005
SUPERSCARYSNAKES,1,527,204,1.28
SUPERWAVE STUDIO,1,150,74,4.6
SUSHI TYPHOON GAMES,1,27,28,6.62
SVGames,2,109,57,0.85
SVSdGAMEs,1,8,7,0.0
SWDTech Games,1,58,24,0.0
SYNERGY,2,32,19,0.0
SZEINER,2,17,10,0.0
SaFiKiK,1,54,33,0.0
Saber Fight VR,1,114,61,0.53
Saber Interactive,9,80633,9770,13.69111111111111
Saber Interactive Inc,1,21657,4401,38.53
"Saber Interactive, Redemption Ark",1,315,202,28.32
Sabi Games,1,10,3,0.0
Sabotage,1,11059,801,11.3
Sabrina Aridi,7,200,332,0.7685714285714286
Sacada,4,468,108,108.8675
Sacit Polat,1,1,2,0.0
"Sacred Star Team, MirageV",1,3,0,0.0
SacriFACE Studio,1,101,10,0.15
Sad Doge,1,1959,232,22.77
Sad Panda Studios,2,30560,3881,76.01
Sad Productions,1,2,1,0.0
Sad Socket,1,3863,255,7.27
Sad Spaghetti Entertainment,1,658,22,3.42
Sad Viscacha Studio,1,1620,248,0.0
SadSquare Studio,1,8368,1453,5.47
Sadetta,1,426,28,1.52
Sadillac,1,2,0,0.0
Saga Planets,1,1845,60,13.95
Sageose,1,9,3,0.0
Saibot Studios,4,2913,699,2.38
Saikono,1,2072,97,1.0
"Saikono, Sokarev",1,18916,692,7.17
SailingStudio,1,2,2,0.0
Sailors Moon Studios,1,333,82,0.28
SaintHeiser,9,330,137,0.0
SaintXi,1,36,9,9.07
Saintly Games,1,3,0,0.0
Sakana Studios,1,629,43,29.07
Sakari Games,3,411,246,1.21
Sakura Mangekyou,1,138,24,2.85
Sakura River Interactive,2,125,72,7.065
Saladite Games,1,9,1,0.0
Salamandra88,4,677,95,3.92
Salangan Games,1,622,88,5.53
Sally Forth,1,12,3,0.0
Salman Shurie,1,12,3,0.0
Salmi Games,2,148,19,10.18
"Salmon Snake Games, Elmo Mustonen, Hanuli",1,25,2,0.0
Salo,1,348,240,0.0
Salsawi,4,53,82,0.037500000000000006
Salt & Pixel LLC,2,6,2,0.0
SaltyEgg Studio,1,9267,1489,132.0
Saluda Systems,1,31,20,0.0
Salvatore Cappellino,1,17,0,0.0
Sam Atlas,3,132,23,0.7000000000000001
Sam Barlow,1,8718,1014,3.4
"Sam Barlow, Half Mermaid, Furious Bee Limited",1,786,445,6.97
Sam Enright,1,97,10,0.0
Sam Ghalili,1,4,1,0.0
Sam Vallely,1,120,16,0.0
Samer Khatib (Snowconesolid Productions),2,807,193,0.265
"Sami Maaranen (creator), Erkka Lehmus (co-designer)",1,1230,83,19.53
Sammio the Hammio,1,3,2,0.0
Sammy,1,1,0,0.0
Samobee Games,2,416,181,1.0
Sample Text Studio,1,2239,242,0.0
Samu,1,388,24,0.0
Samuel Manier,1,278,28,3.93
Samuel Sales Gomes,1,5,0,0.0
Samuel Sprague,1,7,16,0.0
Samuka Gomes,1,2,3,0.0
Samurai Games,2,1668,418,124.83500000000001
"Samurai Monkeys, ESAT",1,3,1,0.0
Samurai Punk,3,2162,241,3.3466666666666662
SamuraiGames,1,16,5,0.0
Samwise Austin,1,2,0,0.0
"Sanan Ahmed, Rohan Ahmed",1,2,3,0.0
Sanctum Games,1,11658,290,4.7
Sand Sailor Studio,2,1501,497,2.435
SandVUE,1,41,27,0.13
Sandbank Studios Ltd,1,7,11,0.0
Sandbox Games,1,59,146,0.62
Sandbox Interactive GmbH,1,65583,17491,110.22
"Sandbox Network, Inc.",2,86,32,0.0
Sander Bos,2,73,18,0.0
"Sander Juss, Liisa Lvova",1,2,1,0.0
Sandlot Games,2,72,24,2.5
Sandor Berczi,1,6,1,0.0
SandorHQ,1,234,21,7.18
Sandspire Interactive,1,54,56,0.0
Sandstorm Studios Inc.,1,1562,297,3.4
SandwichStudio,1,17,2,0.0
Sang Hendrix,1,42,16,0.0
Sangwoon Jin,1,32,13,0.0
"Sansar, Inc",1,323,293,0.0
Santa Claus Games,1,5,1,0.0
Santa Goat,1,15939,425,35.18
"Santa Monica Studio, Jetpack Interactive",1,151706,6311,27.58
Santa Ragione,3,1181,454,2.0733333333333333
Santima Games,1,22,7,0.0
Sanuk Games,6,754,367,1.7283333333333333
Sanzaru Games,1,54,7,1.8
Sanzaru Games Inc.,1,331,83,0.95
Sapphire Create.,2,46,13,0.0
Sapphire Dragon Productions,10,915,354,1.6
SaraJS,1,279,40,1.23
Saradoraon,1,6,0,0.0
"Sarah Russell, Jonathan Dana",1,20,1,0.0
Sarah Werum,1,3,0,0.0
Sarah Willsteed,1,4,4,0.0
Sarbakan,1,64,19,9.17
Sardinha Studios,1,9,2,0.0
Sarepta studio,1,124,42,1.88
"Sarepta studio, Teknopilot",1,1347,83,3.97
Sargonius Games,1,24,10,0.0
Saritasa llc,1,10,2,0.0
Sarper Şoher,1,13,1,0.0
SarumXR,1,99,3,0.0
Sasasoft,1,7,1,0.0
Sascha Hartleb,1,8,7,0.0
Sascha Klenk,1,32,7,0.0
Sasha Darko,1,22,21,3.42
Sassybot,2,1642,215,8.675
"Sastrei Studios, LLC",1,6192,2531,182.47
Sat-Yuga Studios,1,6,0,0.0
Sat.Ind,1,5,4,0.0
Sateda,1,294,82,0.0
Satosha Nakamoti,1,980,508,6.32
Satria_Games,1,14,9,0.0
Satsu,1,802,60,7.85
Satur Entertainment,3,319,110,0.37666666666666665
"Saturday Development, LLC",1,16,0,0.0
Saturn VR,1,22,4,0.0
"Saturn VR, NipsApp Gaming Software ",1,83,12,0.0
"Saturn-plus, Orion",1,52,68,3.08
Saucisson,1,29,17,0.12
Sauropod Studio,2,6574,3671,5.21
Save All Studio,1,840,267,2.4
Savepoint Studios,1,16,9,0.0
SavySoda,1,2008,724,19.48
SawyerK Games,1,461,66,0.5
Sayuri Artsy,1,41,7,0.0
Sbug Games,1,13512,326,4.97
Scalding Soup Studios,1,5,1,0.0
Scalpel Softworks,1,108,54,0.0
Scarab Entertainment,1,117,39,0.0
Scarlet String Studios,1,851,112,0.42
Scarlet Whale,1,1,1,0.0
Scary Bee LLC,2,1110,360,529.895
"Scary Creepy Pasta, Anime Girl Studio",1,8,10,0.0
ScaryPotato,1,15,7,0.0
Scavengers Studio,1,14978,3410,3.97
Scenario Software,1,18,15,0.0
Schell Games,9,7937,592,1.768888888888889
Scheme Street,1,126,7,10.0
Schickmair Games,1,27,4,0.0
Schine GmbH,2,2024,956,7.14
Schirwindt,1,8,6,0.0
Schism,1,6,0,0.0
SchlawutzCo extreme gaming,1,3,0,0.0
Schmidt Workshops,4,317,63,0.5125
SchmidtGames,1,96,27,0.0
"Schoolfield Games, LLC",1,125,52,6.52
Schrolab,1,283,42,2.3
Schulenburg Software,1,139,42,0.82
Schwarz Games,1,178,276,0.73
Science: Gamed,1,7,5,0.0
Scientifically Proven,1,364,252,3.52
Sciman101,1,73,15,0.95
Scolaro Games,1,481,45,0.0
"Scorching Castle, Linno",1,54,19,0.0
Score Studios LLC,2,254,23,5.25
ScoreboardGames,1,40,12,0.0
Scoria Studios,2,20,10,0.0
Scorpiniti Bruno,3,32,2,0.0
Scorpius Games,2,169,71,0.265
Scott Cawthon,8,188714,12839,3.5
Scott Ethington,1,26,4,0.0
"Scott Grambo, Ross Grambo",1,12,10,0.0
Scott Host,1,405,155,2.22
Scott Howarth,1,13,1,0.0
Scott McClusky,1,15,0,0.0
Scraping Bottom Games,1,889,243,1.78
Scream CORP,1,6,3,0.0
Scream In To Void,1,4,0,0.0
Screaming Villains,3,223,46,0.7000000000000001
Screaming Void,1,144,29,0.0
Screenhit Studios,1,93,16,0.0
"Screeps, LLC",2,1814,267,30.365
Screwfly Studios,4,559,257,4.5575
Screwtape Studios,1,61,17,0.0
Screwy Lightbulb,2,128,48,0.96
ScrubbySquirrel,1,15,4,0.0
Scuffed Development,1,4380,447,0.0
Scumhead,3,1928,177,0.64
"Scumhead, Mengo",1,773,62,0.0
Scythe Dev Team,2,2119,177,2.13
Scythuz,1,5,10,0.82
Sdus Games,1,2,1,0.0
Sea Beast Productions,1,29,10,4.18
Sea Green Games,1,25,15,1.33
SeaPuppy Studios,1,3,0,0.0
Seaborgium Entertainment,1,11,5,3.05
Seacoxx,2,350,44,1.1
Seafloor Games LLC,1,113,11,0.0
Seafront Games,1,1117,125,63.75
SealDev,1,895,4,0.2
Sealtail Studio,1,286,30,1.82
Sean Adair Entertainment,1,1,7,0.0
Sean Arnold,1,97,7,0.0
"Sean J. Miller, Brenda J. Miller, Connor H. Miller",1,1,0,0.0
Sean Marty,2,8,1,0.0
Sean Mombourquette,1,6,0,0.0
Sean Noonan,1,19,1,0.0
Sean O'Connor,2,378,50,21.625
Sean Robbins,1,6,1,0.0
Sean Tann,1,315,11,2.23
Sean Walsh,1,4,1,0.0
Sean Young,3,15668,2293,16.646666666666665
Seared Entertainment,1,1,1,0.0
SeasonQuest,1,12,2,0.0
Seasonbean Team,1,7,6,0.0
Seasun Games,1,170,50,2.52
Seaven Studio,2,557,154,2.58
Sebastian Fitt,1,68,53,0.0
Sebastian Groll,1,58,23,5.75
"Sebastian Krzyszkowiak, Konrad Burandt, Paweł Radej",1,291,65,24.95
Second Avenue Learning,3,1,2,0.35000000000000003
Second Dimension,1,5,0,0.0
Second Order,1,182,81,1.72
Second Reality,1,39,32,0.0
Second Sky Entertainment,1,1,0,0.0
Second Variety Games,1,41,3,0.05
Second Wind Interactive,1,185,63,1.77
SecondFox,1,44,7,0.0
Secret Base,2,186,104,2.035
"Secret Base, Ratloop Asia",1,194,46,0.43
Secret Cow Level,1,121,38,0.0
Secret Exit Ltd.,2,5832,451,6.0
Secret Forest Games,1,5,0,0.0
Secret Lab 72,1,19,5,0.0
Secret Labo,4,1693,562,2.8449999999999998
Secret Level SRL,1,178,83,0.68
Secret Location Inc.,2,438,60,3.58
Secret Society Games,1,54,26,4.33
Secret Sorcery Limited,1,169,39,0.67
Secta,1,89,4,0.0
Section Studios,2,3174,1818,1.615
Sector D2,1,18028,1189,13.53
Sector3 Games,1,68,47,11.32
SeeThrough Studios,1,68,33,3.35
Seed by Seed,1,87,5,1.35
SeedBolt Studios LLC,1,60,9,0.0
SeedWall,7,4620,674,0.21857142857142858
SeekSick6,1,139,18,0.0
Seemingly Pointless,2,54,25,0.0
Seen Games,1,8916,837,3.88
"Seen in a Dream, KLURA Design",1,2,1,0.0
Seenapsis Studio,1,152,75,5.07
Seenchan Game,1,9,0,0.0
Seespace Labs,1,11,2,0.0
SegFault Games,1,35,8,0.0
SeithCG,1,4498,405,7.03
Seito Games,2,189,24,0.0
Sekai Project,1,1359,77,16.8
SekaiFrieden,1,673,112,28.25
Sekerin Productions,2,302,445,4.25
Sektan,2,62,19,0.0
Sekushi Usagi Games,1,10,2,0.0
Seldom Ludious,1,208,30,0.0
SelenaJ,1,2,18,0.0
Selenion Games,1,14,10,5.57
Self Made Miracle,1,339,64,2.62
Self-Developed,1,14,2,0.0
SelfCrop Studio,1,1415,56,5.85
Selfparadise,1,2,1,0.0
Selva Interactive,1,58,13,0.4
Semag Games,1,636,16,1.75
Semaphore,2,613,554,2.94
Semi Sağlam,2,36,30,0.01
Seminaut Game Studios,1,1,1,0.0
Semjon Uglev,1,39,24,0.0
Semka,1,13,12,0.0
Semyon Maximov,1,44,30,0.0
SenRufu Studios,1,14,11,4.78
Sengi Games,1,169,134,2.73
Senmu Studio,1,189,33,3.48
Senpai Media Group,1,4,2,0.0
Senscape,1,4957,1484,8.2
Sensei Games,1,0,3,0.0
Sensen Games,4,108,13,0.0
Senshi.Labs,1,57,39,0.0
Sensitivity Elf,1,30,16,1.7
Sensorama,1,10,4,0.0
Sentinel Studios,1,16,4,0.0
Seong Cho,1,6,1,0.0
"Sep Reds, Ageod",1,114,41,0.05
SepSlither,1,36,6,0.0
September Games,1,800,69,4.13
Septime Studios,1,53,20,0.0
Seraphim Creations,2,67,44,0.09
Serellan LLC,2,2412,3396,2.175
Serenity Forge,7,3710,1108,2.6714285714285713
Serge Kornew,1,580,165,7.65
"SergesChateau, Sergio Castillo",1,5,2,0.0
Sergey Bobrov,4,160,94,0.8475
Sergey Chernenko,1,43,15,0.0
Sergey Domashenkin,1,100,53,3.32
Sergey Dovganovskiy,1,145,159,4.9
Sergey Kalmanovich (aka Red Spot Sylphina),1,10,21,0.0
Sergey Marchenko,1,3,1,0.0
"Sergey Marchenko, Vyacheslav Ozolnieks",1,26,10,5.15
Sergey Mezhakov,1,4,2,0.0
"Sergio Castillo, SergesChateau",1,8,5,0.0
"Sergio Matsumoto, Manon 'Stripes' Potier",2,9,9,0.0
SergioPoverony,1,27,12,0.0
"SergioPoverony, Nick Urs",1,19,6,0.0
Sergiu Bucur,1,70,7,2.15
"Serhii Khramov, Dmytro Pohrebnyi, Ivan Shutko, Illia Ustenko",1,24,8,0.0
Serhii Vitukhin,1,26,12,3.08
Serious Brew,1,764,161,5.92
Serious Bros.,1,755,168,4.43
Serious Games Interactive,5,485,257,2.856
Serious Sim,1,1378,529,5.8
Serious Tangents,1,1,0,0.0
Serj INC,1,4,6,0.0
Serkan Bakar,4,655,230,1.2675
Serzhantov Aleksandr,1,102,34,0.0
Session Seven Team,1,184,26,0.0
Session Studios,1,4,2,0.0
Seth O'Dale,1,11,13,0.0
Seth van Heijster,1,10,0,0.0
Seven Sails Games,3,19,33,2.34
Seven teeth studio,1,2,3,0.0
SevenEagle,1,54,33,0.0
Seventh Heart Studios,1,775,90,0.93
Seventh rank,1,51,9,0.0
Sever,1,1954,73,2.2
"Sever, Schisma Games",1,7790,829,8.07
Sevo Tech,2,2,3,0.0
"Sewer Cat, Heavy Sheep",1,4798,184,2.53
ShaBi,1,143,70,0.08
Shadow Blade Productions,1,74,16,4.03
Shadow Development,1,3,7,0.0
Shadow Factory,1,26,8,0.0
Shadow Glass Studios LLC,1,6,0,0.0
Shadow Knights Studio,1,34,12,0.0
Shadow Masters,1,196,104,0.82
Shadow Motion,1,8,12,0.0
Shadow Planet Productions,1,754,113,2.25
Shadow Tor Studios,2,262,68,1.585
ShadowBlade Games,1,4,0,0.0
ShadowInk Designs,2,4,7,0.0
ShadowShifters,1,81,191,0.22
ShadowWolf Games,3,586,742,0.5266666666666667
Shadowmatic Labs,1,13,7,0.0
Shadowprerequisite,1,23,35,0.03
ShaganovDev,1,48,2,0.0
Shaggy Dwarf,1,9,2,0.0
Shaikonina Games,2,4380,511,1.37
Shaman Games,1,34,27,0.07
Shaman Games Studio,12,1014,414,0.41500000000000004
"Shandong Jerei Digital Technology Co.,LTD.",1,8,16,0.0
Shane Berezowski,1,30,11,0.03
Shane Hillier,1,14,0,4.42
Shane Strunk,1,5,2,0.0
Shanghai Lusion Computer Software Co. Ltd.,1,1,0,0.0
Shanghai SilverMoon Network Technology Co.Ltd,1,9717,1727,7.72
"Shanghai Superpoint Technology Co.,Ltd.",1,21,22,0.17
Shanghai XunXIn,1,68,141,20.78
Shanghai YiJun Network Info Technologies Inc.,2,1,5,0.0
Shanghai huan zhen Info Tech Ltd,1,820,686,12.32
Shangri-La Game Studios Ltd,2,160,148,1.275
Shangshi Studio,1,2426,1627,131.58
Shao Games,1,0,1,0.0
Shao Lei,1,1,0,0.0
Shape Space VR,1,49,6,0.0
SharF Co.,1,81,51,4.1
Shark Fin Games,1,41,2,0.0
Shark Punch,1,328,196,4.18
Shark and Pelican Games,1,115,3,0.0
SharkByte Studio,1,31,6,6.32
SharkFishFish,1,523,153,5.02
SharkGame,2,179,198,0.06999999999999999
SharkGames,1,3,5,0.0
Sharkbird,1,5,0,0.0
Sharkbomb Studios,1,803,317,8.57
Sharkmob AB,1,43433,13651,9.17
Sharpened Edge Studios,1,1378,297,3.37
Shatter Wing Studios,1,13,2,0.0
Shattered Pixel,1,1529,77,12.27
Shatterproof,1,6,2,0.0
"Shavaughn DaCosta, Zygobot",1,15,8,0.0
Shawn Beck,1,562,79,3.13
Shawn Hitchcock,3,38198,6195,2.5233333333333334
Shawn Kilian,1,3,3,0.0
Shawn Perolis,2,52,17,0.0
Shazard G Bansraj,1,32,20,0.0
Shedworks,1,4858,756,7.48
Sheer Studios,3,712,126,0.0
ShenTzu,2,37,3,0.0
ShenZheng,1,0,1,0.0
Shenandoah Studio,3,232,87,2.626666666666667
Shenaniganz Studio,1,13,5,0.0
"Shenzhen Huanjing Technology Co.,Ltd",1,413,178,0.0
"Shenzhen Simeng Technology Co., Ltd.",2,6,15,2.69
Shephf Games,1,29,8,2.93
Sherman3D,1,128,92,4.32
Shevchenko Technology,1,214,55,0.48
Shield Break Studios,1,243,276,4.23
Shieldom Games,1,2,0,0.0
Shifting Dragon Creative Projects,1,6,0,0.0
Shifty Chair Games,1,182,290,0.28
ShiinaYashiro,3,294,36,0.02666666666666667
Shiisanmei,1,11,6,3.75
ShilohGames,2,103,57,0.375
Shimmersoft,1,11,3,0.0
Shimobashira Workshop,1,2393,151,10.08
Shin Tomura,1,6,2,0.0
"Shin'en Multimedia, Piko Interactive",1,21,3,0.0
Shinachiku-castella,1,977,310,9.43
Shindenken,3,26,13,0.0
"Shindenken, EXTREME",1,23,25,0.0
Shine Research,3,70,59,3.0066666666666664
ShineProject,1,34,2,0.0
Shining Gate Software,1,1476,459,2.5
Shining Pixel Studios,1,2358,576,10.17
Shining Rock Software LLC,1,38173,4073,27.73
ShiningCloud Studio,1,130,15,0.0
Shinou Game Studio,1,59,38,0.0
Shinu Real Arts,1,51,10,0.0
Shiny Entertainment,3,369,123,0.35666666666666663
Shiny Shoe,1,20995,873,32.53
Shinypix,1,7,5,0.0
Shiro Games,7,103874,17303,19.09
ShiroKuroSoft,1,18,13,0.0
Shiv,2,731,59,2.76
Shiver Games,4,11070,3457,3.85
Shiying Studio,1,40672,886,4.3
Shmurdik,1,1,3,0.0
Shobhit Dhamania,1,36,2,0.0
Shock &amp; Rockets Games,1,58,3,0.0
Shocktopus Games,1,49,4,0.0
Shockwork Games,2,267,129,0.015
Shoho Games,7,100,104,0.05285714285714286
"Shokunin, Thomas M. Visser, Vincent Thiele",1,9266,539,1.18
Shoor Games,1,26,11,0.58
Shorebound Studios,4,1120,292,2.9924999999999997
ShortRound Games,1,55,22,7.4
ShortStackStudio,3,84,3,0.0
Shortbreak Studios s.c.,3,753,177,0.9766666666666667
Shotgun Surgeons,1,254,39,0.5
Shotgun with Glitters,1,80,31,0.0
Shotx,1,69,43,0.08
Shoujo City Developer,1,265,36,1.08
ShovelGames Inc.,1,5,1,0.0
Shovsoft,1,546,127,1.52
Showbag Entertainment,1,25,2,0.0
Showbit Entertainment,1,2,1,0.0
Shrimasis Rout,1,44,6,0.0
Shrimmeling Studio,1,38,19,0.0
Shrimpcave Industries,1,292,19,4.47
"Shub-Niggurath Games, ShopaLover",1,6,2,0.0
Shubham Rajanwar,1,9,1,0.0
Shugasu GmbH,2,1712,339,238.97500000000002
Shumkov Dmitriy,1,610,1281,0.73
Shun Okabe,1,8,3,0.0
Shy Pixel,1,31,4,0.0
SiBear Games,1,14,9,0.0
SiCzech Arts,2,153,37,0.0
Siactro,1,443,36,1.08
Siberian Mouse,6,728,291,0.09999999999999999
Sibling Rivalry Games,1,0,2,0.0
Sicarius,1,111,45,1.93
"Sichuan Fruit Interactive Technology Co., Ltd.",1,153,96,19.23
Sick Puppies,1,1685,191,2.47
SicklyDove games,1,10,5,0.0
Side B Gaming,1,1,1,0.0
Side Group,1,13,2,0.0
"Side Group, UBERTEAM",1,22,17,0.0
"SideKick, Cavetap",1,3,1,0.0
SideQuestNZ,2,947,161,0.0
Sideby Interactive,1,428,12,0.0
Sideless Cube Studios,1,13,6,0.0
"Sideline Amusements, Gonzo Games",1,102,63,0.0
Sidereal Studio,1,36,13,0.0
Sidhanth Mohite,1,5,15,0.0
Sidhe,1,1209,81,1.6
"Sieben De Beule (Prozilla), David De Beule",1,6,1,0.0
Siege Camp,2,38130,7648,38.875
Siege Games,1,1060,335,17.07
Sierra,7,1984,394,3.972857142857143
Sierra Lee,4,714,38,2.7424999999999997
Sierra On-Line,3,478,97,12.783333333333333
Sig (KN1053),1,1,0,0.0
Sigil Entertainment,1,15,10,0.0
Sigma Games,1,45,43,0.82
Sigma Team Inc.,11,11617,2126,4.833636363636364
SignSine,2,166,55,0.0
Signal Studios,1,1298,158,5.9
"Signal Studios, Krome Studios",1,965,248,3.82
"Signal Studios, Outer Heaven, Eden Industries",1,96,57,0.0
Sigonheart Games LLC,1,1,1,0.0
Sigtrap,1,446,66,3.47
Sigur Studio,1,913,142,3.13
Sigyaad Team,5,4315,206,0.63
Silden,5,722,1364,1.226
Silence Game,1,26,5,0.0
Sileni Studios,1,62,6,23.37
Silent Dreams,6,5993,1801,3.6200000000000006
Silent Parrot Studio,1,6,43,0.0
SilentFuture,4,152,159,1.645
Silentplaygames,1,7,3,0.0
Silesia Games Sp. z o.o.,1,57,122,2.2
Silhouette Valley Games,2,140,34,0.0
Silistre Game,2,16,17,0.0
Silken Sail Entertainment,1,259,8,0.17
Silky Sullivan,1,29,213,5.9
"Silky's Plus Wasabi, Silky’s Plus Alpha",1,155,7,0.0
Sillysoft Games,2,357,85,7.0
Silver Cow Studio,1,89,28,0.0
Silver Dollar Games,3,20365,510,3.6666666666666665
Silver Eye Studios,1,109,14,0.0
Silver Goblet Games,1,12,4,0.0
Silver Legends,1,31,7,0.0
Silver Lemur Games,4,568,98,3.5549999999999997
Silver Machine Studios,3,251,61,1.6233333333333333
Silver Moon Internet,1,33,77,1.98
"Silver Moon Internet, 银月网络",1,89,49,0.0
Silver Spook Games,1,218,37,2.73
Silver Wish Games,1,69,27,0.95
SilverForge,1,204,39,3.65
"Silverlode Interactive, Wasatch Games",1,75,59,0.13
"Silverware Games, Inc.",2,158,50,2.01
Silvestre Gore Art,1,35,10,0.0
"Silvio Mölter, Marcel Mölter",1,354,10,6.37
Sim155 Limited,1,168,179,8.63
SimBin,2,2422,439,6.325
SimBin Studios AB,4,675,102,0.625
SimDevs,1,31,8,0.0
SimProse Studios,7,531,414,3.1457142857142855
SimTex,3,2546,113,2.733333333333333
SimaGames,1,30,1,0.0
Simbryo,1,6,0,0.0
Simogo,2,9890,454,2.44
Simon Blasen,1,1791,189,9.6
"Simon Boxer, Twice Different",1,4398,407,11.78
Simon Christiansen,1,6,1,0.0
Simon Codrington,1,29,8,0.0
Simon Eriksson,1,3,1,0.0
Simon Fredholm,2,2064,492,2.86
Simon Harvey,1,2,3,0.0
"Simon Hischier, Michael Schürmann",1,132,33,0.0
Simon Kaley,1,9,2,0.0
Simon Kattler,1,6,0,0.0
Simon Prefontaine,1,48,20,4.27
Simon Roth,1,463,597,5.75
Simon Says: Play!,2,49,22,0.625
"SimonCreative, STORIA",1,417,24,4.45
Simone Del Signore,1,47,6,0.0
SimonelOfficial,1,2,0,0.0
Simpals LLC,1,19,6,0.0
Simple,1,251,47,0.0
Simple Blue,1,107,12,0.35
SimplePlan,1,92,166,2.43
SimpleWhite Games,1,7,3,0.0
Simplest,1,0,3,0.0
Simpleton,1,227,186,3.17
SimplexCode,1,12,4,0.0
SimplexGameStudio,2,4,9,0.0
SimppleGames,1,27,23,0.0
Simteract,1,976,549,49.93
Simula Games,1,1582,654,9.2
Simulators Gear,1,4,27,0.0
Simulators Live,6,155,180,2.263333333333333
Simulatte,1,9,12,0.0
Simuverse Interactive,2,2014,443,65.26
Sinclair Strange,5,797,263,1.9439999999999997
Sincopar Games,1,4,0,0.0
Sindie Games,1,70,48,0.0
Sinergia Studios,1,4,4,0.0
Singlecore Games,1,127,5,0.0
Singta inc.,2,131,54,0.0
Singularity Lab,1,9,11,0.0
Sinister,1,17,66,0.88
Sinister Cyclops Game Studio,1,17,5,0.0
Sinister Design,2,208,48,2.735
Sinister Systems,1,123,42,4.08
Sinkhole Studio,1,179,30,13.08
Sinking Sheep,1,48,15,0.0
Sinn Studio Inc.,1,463,197,2.78
Sinned Games,7,1427,762,0.24
Sinomod Studios,1,50,3,0.0
SionoiS,1,189,126,0.22
Sir Bedlam Productions,1,769,195,0.93
Sir-Tech,2,404,110,2.6999999999999997
Sir-Tech Canada,1,1005,112,13.1
"Sir-Tech, Madlab Software",1,370,100,163.15
SirGoose,2,163,267,2.79
"SirGoose, Alex",1,15,26,0.0
Siren Heart Studios,1,0,11,0.0
Sirhaian,1,7671,643,1.52
Sirius Games,1,17,2,0.0
Sirius Sam,1,87,14,0.0
Sirlin Games,2,1377,841,6.55
Sisusieni,1,19,1,0.0
Sisyphean Games,1,55,13,0.0
"Six Foot, YAGER",1,4450,2090,28.83
SixString Interactive,1,2,7,0.0
Sixteen Tons Entertainment,7,4223,893,16.38
Sixth Line Studios,1,6,4,7.17
Sixth Vowel,1,161,128,6.93
Siyuan Studio,2,22,24,0.0
Size Five Games,5,2091,547,2.516
Ska Studios,3,22254,2350,7.263333333333333
Skalden,1,2,3,0.0
Skandivania Games,1,106,25,4.28
Skatanic Studios,1,245,238,3.18
Skeleboom Project,1,168,7,23.15
Skelebun Studios,1,4,0,0.0
Skeleton Business,1,90,5,3.98
Skeleton Star Game,1,98,118,0.0
"Skeleton, GuGong",1,318,137,4.85
"Sketchbook Games, Fourth State",1,727,39,4.1
Sketchfab,1,43,19,0.15
Sketchy Logic,1,2055,113,4.5
SketchyNonsense,1,57,1,0.0
Skies Technologies,1,34,111,0.0
Skilltree Studios,1,278,63,2.08
Skinny Jean Death Studios,1,92,23,4.55
"Skinny Jean Death Studios, Porcelain Labs",1,82,17,7.7
Skip Stone Studios,1,33,9,0.0
Skip32,1,7,4,0.0
Skirmish Mode Games,1,3949,540,3.98
"Skobbejak Games, Skermunkel",2,123,149,6.13
Skonec Entertainment,1,55,21,0.0
Skookum Arts,1,5116,171,2.17
Skot Leach,1,29,0,0.0
Skrollcat Studio,1,2468,295,2.35
Skuhataagyall dev,1,78,0,0.0
Skull,1,40,27,0.73
Skull Box Games,3,43,40,0.0
Skullbot Games,1,55,19,0.0
Skullcap Studios,1,12342,4219,4.42
Skunkape Games,2,1994,122,2.3
Skunkape Interactive,1,155,46,3.62
Skunkwerks Kinetic,1,4,14,0.0
Sky Bear Games,2,11,0,0.0
Sky Chair Games,1,8,0,0.0
Sky Coder,1,31,27,0.0
Sky Drake Studios,1,230,549,2.73
Sky Fallen,1,87,67,1.52
Sky Giant Studios,1,7,9,0.0
Sky Haubrich,1,66,40,5.6
Sky Machine Studios,1,69,38,0.0
Sky Ship Studios,1,64,118,9.0
Sky Trail Ltd,1,16,11,0.0
SkyBox Labs,1,584,159,4.67
"SkyBox Labs, Big Huge Games",1,13962,782,18.25
"SkyBox Labs, Ensemble Studios, Forgotten Empires",1,32895,2413,28.83
"SkyCat Games, bumblebee.",1,159,22,7.25
SkyGoblin,4,2142,250,2.985
SkyOne Studios,1,14,0,0.0
SkyReacher Entertainment,2,100,97,0.04
SkyRiver Studios,3,506,173,6.260000000000001
SkyVu,1,122,4,1.05
Skybound Games,1,29969,1072,21.42
"Skybox Labs, Hidden Path Entertainment, Ensemble Studios, Forgotten Empires",1,97083,4268,40.18
Skyboy Games,1,43,13,3.98
Skydance Interactive,3,9161,1700,6.666666666666667
Skydash studio,1,12,11,0.0
Skydome Entertainment,1,279,108,5.77
Skydome Studios,1,41,21,0.33
Skyhook Games,1,1924,781,5.2
Skyjaz Games,2,119,63,1.335
Skyline Games,2,240,87,0.585
Skymarch Entertainment,1,305,126,0.0
Skyshine Games,1,523,357,4.48
Skywall Studios LLC,1,21717,2463,23.92
Skyward Digital,1,313,68,1.72
Skywind Games,1,207,47,0.92
Slak Games,1,675,117,1.98
Slam Productions Ltd,1,3,4,0.0
Slant Six Games,1,2224,1886,5.43
Slap Kraken,1,22,31,0.0
Slapunas and Jakayaki,1,13,7,0.0
Slashware Interactive,1,16,8,0.0
"Slav Squat Games, CyberPutin2076 Team",1,259,99,0.37
Slava Bushuev,1,89,33,0.0
Slay the Dragon!-Team,1,407,19,0.0
"Sledgehammer Games, Raven Software",2,46295,22095,9.285
SleepNinja Games,1,112,2,0.0
Sleeper Games,1,118,14,0.0
Sleeping Hero,1,45,57,5.92
Sleeping Panda Games,1,54,12,0.0
SleepingMuseum,1,192,2,0.27
Sleepwalking Potatoes,1,64,16,0.0
"Sleepwalking Potatoes, All Those Moments",1,60,12,0.23
Sleepy Duck,3,2660,293,4.05
"Sleepy Sentry, K-Project",1,366,47,0.35
Sleepy Sheep,1,8,3,0.0
Sleepy Studios,1,24,14,5.28
SlicedGames,1,2,0,0.0
Slick Entertainment Inc.,1,228,40,3.32
Slider Games Studio,1,44,0,0.0
Slightly Mad Studios,8,33401,10225,7.583749999999999
Slikey Games,2,314,95,13.06
SlimeNot,1,20,7,0.0
SlimeSmile,3,1958,79,0.0
SlinDev,1,44,15,0.12
Slipgate Ironworks™,3,1139,786,3.9899999999999998
Slipgate Studios,1,6,7,0.0
Slitherine Ltd.,4,5562,761,6.5649999999999995
Sloclap,1,10497,4039,12.58
Sloppy Joe Studios,2,8,1,0.0
Slormite Studios,1,5174,1149,27.27
Sloth Studio,1,43,12,0.03
SlothLadDev,1,3,0,0.0
Slothwerks,1,763,80,22.83
Slothzilla Games,1,33,3,2.8
Sludj Games,1,475,31,1.32
Slug Disco,1,14446,838,17.02
Sluggerfly,2,5566,1018,5.3100000000000005
Slugsoft,1,213,4,0.0
SlyBalto,1,5,0,0.0
Smack Down Productions,1,34,12,0.0
Small Room Games,1,10,5,0.0
"Small Studio by Mac Guff, Atlas V, a_BAHN",1,309,74,0.05
Small Town Studios,1,105,364,0.2
"SmallBü, Pillow Fight",1,2664,101,4.17
SmallSqurriel,1,66,10,0.65
Smart Online Games,1,98,61,0.68
Smart Studio,1,5,1,0.0
Smart Tale Games,2,450,63,10.0
SmartVR Studio,1,58,47,0.0
Smartbig Corportion,1,238,119,18.48
Smarter Games,1,171,30,5.27
Smartly Dressed Games,1,506516,48852,217.37
Smartmove,1,6,11,0.0
Smarto Club,1,892,36,1.38
Smash Game Studios,1,11,11,0.0
Smash The Code,1,64,17,0.0
SmashRiot LLC,1,10,0,0.0
Smee,4,1274,50,8.965
Smilegate Entertainment,2,785,139,0.365
Smilegate RPG,1,143481,58540,105.55
"Smiling Buddha Games, LLC",1,738,88,2.82
"Smiling Cat Entertainment, LTD",1,2,0,0.0
Smiling Dragon RPG Studios,1,2,0,0.0
"SmiteWorks USA, LLC",3,1734,408,144.5
SmokeStab,1,596,97,6.47
Smokey Moose Games,3,131,15,6.523333333333333
Smoking WOLF,1,3816,239,13.17
SmoleVN,1,902,197,1.98
Smoodlez,1,308,145,13.73
Smooth Moov Games,1,0,1,0.0
Smoothbrain Industries,1,7,0,0.0
Smudged Cat Games Ltd,3,1269,207,6.2
Smug Marmot Studios,1,249,37,2.63
Smyowl,1,46,36,24.85
Snack Games,1,9,54,0.0
SnagBox Studio,1,51,11,0.0
Snail Games,1,191,229,1.75
Snail Games USA,3,15735,9361,24.403333333333332
Snail-Ninja Studio,4,981,159,2.7025
Snails Animation,1,220,94,2.67
Snake,1,2,0,0.0
Snakebite Studios,1,31,10,0.0
Snap Finger Click,2,243,89,5.86
Snapshot Games Inc.,2,5445,2020,17.75
Sneaky Bastards,1,732,148,2.45
Sneaky Mammoth,1,50,31,3.3
Sneaky Yak Studio,1,3357,691,8.2
Snikkabo AS,1,179,36,4.03
Snipefish Entertainment,1,29,4,0.17
Snkl Studio,18,1213,620,0.3794444444444445
Snoddasmannen,1,444,42,20.12
"Snood, LLC",1,238,66,0.0
Snoozy Kazoo,1,12156,673,2.72
SnoutUp,3,17907,442,1.3266666666666667
Snow Day Software,2,32,10,0.0
Snow Girl,1,697,348,0.38
Snow Moose Entertainment,1,15,5,0.0
SnowBaby Games,2,1240,575,6.915
SnowBiteGames,1,37,9,5.53
SnowCube I/S,1,31,8,0.0
SnowEagle Entertainment,1,13,4,0.0
SnowFlame,1,6,10,0.0
"SnowFlame, Back To Basics Gaming",2,2048,526,4.11
SnowOwl,1,279,38,0.0
Snowbird Games,3,3554,1681,11.206666666666665
Snowblind Studios,1,7603,1749,8.07
Snowcastle Games,1,419,155,3.78
Snowdon Games,2,41,20,1.615
Snowed In Studios,1,411,195,5.18
"Snowfall, Night Node Software",1,8,15,0.0
Snowforged Entertainment,1,77,56,0.0
Snowhaven Studios,3,35,4,0.0
Snowhound Games,1,2027,688,7.13
Snowrunner Games,1,686,51,3.88
Snowy Ash Games,1,437,25,8.17
Snowy Productions,1,16,11,5.02
So Far So Good,1,4564,163,2.57
SoDigital,2,349,43,4.96
SoSad,1,14,3,0.0
"Soaker / 大貍, MaouCat Studio / 魔王貓工作室, MuGeNeon / 無限",1,15,4,0.0
"Soap Interactive, Lion game Lion",1,65,37,1.25
Soaphog,1,148,180,6.68
Soaring Games,1,28,13,0.0
Soaring Pixels Games,1,622,361,10.3
Sobaka Studio,2,3371,499,2.1100000000000003
Sobek Games,1,5,4,0.0
Soccer Manager Ltd,7,3368,1333,6.702857142857143
Social Loner Studios,1,20,4,1.52
"Soein Studio, ChiEn, 十六椰子",1,6,6,0.0
"SoerGame, Kazakov Studios",1,107,38,3.3
Sofa Mauve Studio Inc.,1,267,82,41.27
Soft Paw Studio,1,1,0,0.0
SoftCoder,1,65,6,0.38
SoftCowGames,1,447,131,23.28
SoftLab-NSK,1,327,233,14.3
SoftPlanet,1,675,42,141.62
SoftStar,1,323,227,0.7
SoftWarWare,1,325,130,9.4
"SoftWarWare, K-Project",1,1684,147,51.2
Softdisk Publishing,1,1,0,0.0
"Softstar Technology (Beijing) Co.,Ltd",1,7451,6871,16.48
Software Geezers,1,4,2,0.0
Softwaves,4,109,137,0.555
Softwaves Mini,7,28,71,0.0
Sogoal,1,71,36,0.0
Soil Hammer Studio,1,1,3,0.0
Soiree Games,1,1,1,0.0
Soirée Pook Studio,1,1,1,0.0
Sokaikan ltd,1,112,21,0.15
Sokolab,1,30,23,0.0
Sokolov Yaroslav Vladimirovich,1,17,9,1.05
Sokpop Collective,38,2850,699,1.1389473684210527
"Sokpop Collective, Sokpop Collective",1,81,16,2.43
"Sokpop Collective, Tom van den Boogaart",2,143,31,0.715
Sol Bot Studios,2,10,3,0.0
Solanimus Games LLC,1,11,11,1.78
Solar Powered Games,1,46,74,0.0
Solar Sail Games Ltd,1,366,120,0.33
SolarByte,1,85,27,0.17
SolarLance,1,100,32,1.43
Solare Games,1,2,6,0.0
Soldak Entertainment,6,1147,217,2.276666666666667
Sole,1,1,1,0.0
Sole Survivor Games,1,1279,453,5.15
Solecismic Software,2,350,70,348.04
Soleil Ltd.,3,48552,9301,9.63
Solest Games,1,290,79,2.6
Solid Core,1,55,10,0.0
Solid Patterns,1,43,65,0.43
Solid Water Studios,1,17,2,0.0
Solid9 Studio,1,46,21,0.0
Solitaire Forever,1,337,46,0.0
Solkitte,1,120,15,0.62
Solo Dev,1,5,5,0.0
Solocub Entertainment,1,6,3,0.0
"Soloweb Studios, Ravens Eye Studio",1,57,40,3.5
Soma Games,3,37,5,0.0
SomaSim,3,5197,1174,11.94
Somber Dawn Studios,1,19,1,0.0
Somber Pixel,2,551,30,0.0
Sombr Studio,1,458,70,2.03
Somer Games,11,488,184,2.1
Something Classic Games LLC,1,224,25,0.18
Something Dark Studios,1,224,324,0.18
Something Edgy,1,80,22,0.0
Something We Made,1,8319,66,4.75
Sometimes You,6,1507,1515,4.498333333333334
Somewhat Software,1,34,7,0.0
Somi,4,3786,770,3.37
Somnium Games d.o.o.,1,197,36,0.18
Somnium Space Ltd.,2,45,51,1.915
Somnova Studios,1,96,35,0.0
Sonalysts,4,953,216,3.8175000000000003
Sonejo Studios,1,28,0,0.0
Sonera Game Studio,1,7,16,4.55
Song Qiang Sheng,1,0,1,0.0
Songquito UG,1,39,42,0.0
Sonic Shield,1,85,64,0.0
Sonic Sloth,1,53,8,6.18
Sonic Team,2,3764,2033,14.935
"Sonic Team, Bitbaboon",1,4654,865,23.22
"Sonic Team, Hardlight",1,4733,3217,4.7
Sonic-Alpha,13,111,59,0.0
Sonoshee,3,1522,120,1.3166666666666667
Sons of Welder,1,22,5,0.0
"Sons of Welder, FM Simple Games Studio",1,21,3,0.0
"Sons of welder, FM Simple Games Studio",1,5,2,0.0
Sonya Fung,1,24,30,0.0
Sonzai Games,1,139,25,0.0
Soobmarinno Games,1,14,4,0.0
Soomi Games,1,6,4,0.0
Sophie Houlden,1,127,1,4.47
SoraPrayer,1,251,76,75.47
Sorath,1,8641,427,6.07
Sos Sosowski,1,3295,621,3.23
SosiskaGames,1,17,4,0.0
Soul Catapult,1,96,105,4.6
Soul Forge,1,99,18,2.75
SoulGame Studio,1,5047,363,14.47
SoulShared Games LLC,1,12,2,0.0
Soulflee,1,162,21,0.0
Souluted Games,1,6,6,0.0
Soulven Games,1,69,30,0.0
Souly Games,1,9,8,0.0
Sound Slide Team,1,400,121,0.0
SoundAndFuryGames,1,1289,175,0.0
"Sounding Stone / 老奉毊, MaouCat Studio / 魔王貓工作室",1,36,1,0.0
"Sounding Stone / 老奉毊, Meijin Zhu / 五月梅花落",1,69,16,0.0
Sourabh P Hamigi,1,16,10,0.0
Source Byte Sp. z o.o.,1,12,7,0.0
"Source Byte Sp. z o.o., Nikodem Świder",1,2,2,0.0
"Source Byte Sp. z o.o., ROOM505, Blacer Studio",1,7,9,0.0
Source Studio Ltd.,1,40,25,1.1
SourceIn Games,1,458,271,2.78
Sourena Game Studio,2,63,162,1.635
South East Games,2,28535,1431,9.47
SouthEdge Studios,1,3,0,0.0
Southend,1,806,365,1.18
Soverance Studios,1,6,18,3.87
Soviet Games,1,71592,3922,28.42
SoyeR,1,51,4,3.48
Soyhan Yazgan,1,26,6,0.0
Space Banana Studio,1,10,8,0.0
Space Boat Studios,3,2059,1533,7.050000000000001
Space Budgie,2,1216,286,0.85
Space Bullet Dynamics Corporation,2,1152,176,1.69
Space Cadet Interactive,1,5,0,0.0
Space Cat Studios,1,199,327,4.67
"Space Cat Studios, SnowFlame, Back To Basics Gaming",1,3029,316,3.58
Space Dog,1,2,0,0.0
Space Dog XR,1,22,5,0.0
Space Fractal,2,56,25,1.86
"Space Fractal, Spitoufs",1,6,1,0.0
"Space Fractal, TempleTiger",1,86,19,3.65
Space Lizard Studio LTD,1,25,3,7.22
Space Mace,1,116,18,2.33
Space Monkey International,4,87,157,4.390000000000001
"Space Mouse, LLC",1,13,0,0.0
Space Onigiri Game LLC,1,1796,182,37.68
Space Plunge,1,140,5,0.0
Space River,1,1,1,0.0
Space Telescope Science Institute,1,61,7,0.0
Space Toast Games,1,26,13,0.0
Space Wagon Games,1,16,1,0.0
"Space Wedgie, LLC",2,528,216,1.69
Space and Frogs,1,0,2,0.0
SpaceCan,1,3177,443,6.27
SpaceMyFriend,1,21,5,0.02
SpaceOwl Games,1,834,68,12.47
Spacebot Interactive,1,2,2,0.0
Spaceboy Games,1,169,82,4.92
Spaced Toad Studio,1,1,0,0.0
Spacefarer Games Limited,1,2,2,0.0
Spacefish Games,1,11,6,0.0
Spacelight Studio,1,7981,440,7.72
Spaces of Play UG,1,175,83,2.45
Spacetronaut Ltd Co,1,55,6,0.0
Spaghetti Code,1,11,3,0.0
Spaghetti Code Ltd,3,31,14,0.0
Spaghetti Yeti Studios,1,2,0,0.0
Spare Parts Oasis,2,357,33,0.375
Spark Plug Games,2,279,388,0.3
"Spark Plug Games, LLC",1,29,8,0.0
Spark Unlimited,2,3771,2539,3.585
"Spark Unlimited, comcept Inc., Team NINJA",1,580,320,1.97
Spark5,1,3,0,0.0
SparkLightGames,1,1,0,0.0
Sparks Games,1,619,176,42.57
Sparky Studios,1,323,19,0.0
Sparkypants Studios LLC,1,604,266,4.25
"Sparkypants Studios, LLC",1,8267,2776,25.35
"Sparpweed, Codeglue",1,5959,664,4.25
Spasman Games,2,4911,668,4.49
Spatiality LLC,1,5,0,0.0
Spawn Point OSK,1,38,7,0.02
Spearhead Games,4,8199,1408,3.815
Special Bit,3,29,25,0.0
Specialbit Studio,4,791,209,2.385
Specter Game Studios,1,123,39,0.57
Spectral Games,2,236,246,2.415
Spectral Illusions,2,369,70,0.6
Spectrum Holobyte,1,7,8,0.0
"Spectrum Nox, Team Wizard Prison",1,32,4,0.0
Specular Interactive,1,6,10,0.0
SpeedLittleFox,1,32,7,0.0
SpeedTutor,1,481,161,2.63
Spelkraft,1,207,33,0.33
Spell Helix,2,1119,434,0.84
Spell Loop,1,31,0,0.0
Spellbind Studios,1,192,56,2.02
Spellbook,5,410,265,18.19
Spellbook Creations,1,186,272,2.92
Spellbound,8,5896,2972,3.6225
"Sphere, Inc.",3,54,17,0.6833333333333332
SpherianGames,1,9,2,0.0
Spicy Gyro Games,1,118,33,2.05
"Spicy Gyro Games, Shiny Dolphin Games LLC",1,83,5,0.0
Spicy Horse,1,131,237,1.1
Spicy Horse Games,2,21870,2451,4.425
Spicy Tails,4,1383,179,6.08
SpicyTails,1,1077,85,1.7
Spicyhorse Games,1,10338,925,29.28
Spider Key Games,1,43,21,4.37
Spider Lily Studios LLC,1,35,3,0.0
Spider Nest Games,1,2538,196,16.65
Spiderling Studios,1,47491,2263,12.77
Spidermonk Entertainment,1,267,69,1.55
Spiders,5,22694,7728,9.664
Spiderweb Software,16,3709,475,17.405625
Spiderwork Games,2,54,29,2.725
Spiele-Palast GmbH,1,164,79,2.82
"Spieleentwicklungskombinat GmbH, General Arcade",1,535,66,15.85
"SpielmannSpiel, bison",2,34,4,0.0
SpiffyBit,2,1179,324,4.5
Spike Chunsoft Co. Ltd.,1,985,892,11.53
"Spike Chunsoft Co., Ltd.",12,63962,13894,16.013333333333332
"Spike Chunsoft Co., Ltd., Abstraction Games",3,57640,2344,19.226666666666667
Spike Nail Studio,1,8,3,0.0
Spike Studio,1,3,0,0.0
Spiky Caterpillar,1,107,54,0.0
SpikySnail,1,128,43,13.73
Spilt Milk Studios Ltd,2,56,50,1.625
SpinTop Games,7,557,161,3.3628571428571425
SpinVR.ca,1,36,9,0.0
Spinning Clocks Games,1,0,1,0.0
Spiral House Ltd.,1,14,26,0.0
Spire Interactive,3,59,86,0.0
Spire Studio,1,51,4,0.0
Spirit Games,1,5,2,0.0
SpiritElder,1,19,11,0.0
SpirkopGames,1,28,4,0.0
Spiro Spero Games,1,1,3,0.0
Spitoufs,1,9,1,0.0
Splash Damage,2,51463,13657,9.275
"Splash Damage, The Coalition",1,5455,1813,15.07
Splashteam,1,1038,81,6.47
Splendortek,1,16,4,0.0
"Splendy Interactive, Wales Interactive",1,1226,532,1.62
Spline Games,1,10,8,0.0
Splint Games,1,28,25,0.0
Split Light Studio,1,210,82,0.13
Split Polygon,1,1125,502,10.25
SplitSide Games,1,1086,170,3.2
Splout Ltd.,1,11,9,0.0
Spooky Buns,1,127,15,0.0
Spooky Cat,1,50,18,0.0
Spooky Doorway,1,4464,260,2.95
Spooky House Studios UG haftungsbeschraenkt,1,7,2,0.0
Spooky Squid Games Inc.,1,2102,421,2.85
Spoon Network,1,85,43,0.0
Spoony Bard Productions,1,5,0,0.0
Sport1 GmbH,1,3,9,0.08
Sports Interactive,11,91138,13198,206.9709090909091
"Sports Mogul, Inc.",1,42,13,0.02
Spotted Kiwi Interactive,1,5185,2589,61.8
Spotted Zebra Software LLC,2,66,25,0.0
Springloaded,4,3563,614,6.205
SpriteStudio,1,20,4,0.0
Spritewrench,1,12,18,3.22
Sproing,4,711,300,2.2975
Sproubbit Studio,1,12,4,0.0
Sprovieri Games,4,76,8,0.0
Spry Fox LLC,6,9472,1272,10.23
Sprytosaur Games,1,6,2,0.0
Spyridon Thalassinos,1,337,44,44.12
Spytihněv,3,5667,192,2.36
Squad,1,121084,6078,64.83
"Squanch Games, Inc.",1,2783,276,2.6
Square Enix,40,281421,47520,33.88675
Square Enix Montréal,2,5380,594,3.19
"Square Enix, ACQUIRE Corp.",1,13070,2118,31.62
"Square Enix, ArtePiazza",2,593,208,13.965
"Square Enix, Bullets",1,543,44,26.15
"Square Enix, Claytechworks",1,1474,319,25.85
"Square Enix, D4Enterprise Co.,Ltd.",1,1336,839,9.92
"Square Enix, DotEmu SAS.",1,2479,470,11.3
"Square Enix, Human Head Studios",1,251,418,11.6
"Square Enix, KOEI TECMO GAMES CO., LTD.",3,8807,2772,25.540000000000003
"Square Enix, M2 Co., Ltd.",1,902,250,3.98
"Square Enix, PlatinumGames Inc.",2,122216,18436,12.125
"Square Enix, PopCap Games, Inc.",1,170,157,6.95
"Square Enix, Sonic Powered",1,515,174,18.72
"Square Enix, Team ARCANA",1,256,57,2.03
"Square Enix, Toylogic Inc.",1,22534,3008,23.7
"Square Enix, tri-Ace",1,1121,471,15.77
Square Gem Software,2,20,12,0.0
SquareHusky,1,384,53,2.37
SquarePlay Games,1,1380,313,2.95
Squeaky Wheel,1,130,53,3.53
Squeaky Wheel Studio Inc,1,2471,414,20.68
Squid Developer,1,92,74,0.0
Squid In A Box Ltd,2,1722,99,1.125
Squid Monkey Studios,2,24,9,0.0
Squid Related Games,1,7,6,0.0
Squiddershins,2,404,22,0.0
Squidlit Ink.,1,398,38,1.77
"Squidnow, Ooftroop",1,2,0,0.0
"Squidpunch Studios, Vincent Ltd",1,401,87,1.72
Squiggly Games,1,6,4,0.0
Squinkifer Productions,1,360,108,4.98
Squirrel Brain Games,1,26,24,0.0
Squirrelbot Games,1,46,47,3.75
Squish-Fish Games,1,139,78,0.0
Squishy Games,1,58,5,0.0
Sssjim7,1,1,3,0.0
St. Michael's Girls School,1,1545,113,2.35
StFP Studios,1,12,1,0.0
Stage Clear Studios,3,127,82,2.14
Stainless Games,4,7562,3455,14.8375
Stainless Games Ltd,4,5065,1045,7.6375
Stainless Games Ltd.,1,16916,6928,18.73
Stairfall Institute,1,165,4,0.0
StalkerAlex,2,479,722,1.59
StalkerAlex..,2,6,8,0.0
Stamina-Games,1,528,119,0.0
Stand Off Software,2,34,5,0.0
StandArts,1,18,14,0.0
Standby,1,56,16,0.0
Standing Stone Games,2,22239,5986,62.33
Stanislaw Truchowski,6,2533,723,1.2266666666666666
Stanley Lam,2,209,59,2.875
Staples VR,1,31,5,0.0
StaplesVR,2,101,87,0.0
Stapleton,1,21,8,0.0
Star Dragon,1,11,3,0.0
Star Drifters,1,1407,523,6.93
Star Game Studios,1,13,5,0.0
Star Gem Inc.,1,10879,3974,30.5
Star Losvice,1,24,10,0.0
Star Maid Games,2,704,637,0.46
Star Shell,1,13,2,0.0
Star Studios,1,4,5,0.0
Star Vault AB,4,9581,6643,53.8175
StarByte,1,67,6,0.0
StarCruiser Studio S.L.,1,2,4,0.0
StarInfidel,2,45,15,0.0
StarK Software,1,8,6,0.0
StarQuail Games,1,201,46,10.72
StarSystemStudios,1,6,1,0.0
StarWraith 3D Games LLC,2,680,173,6.3
Starbit Light,1,18,4,0.0
Starbreeze,1,5068,1312,3.9
Starbreeze Studios,1,106,9,0.0
Starbreeze Studios AB,1,38721,2274,2.47
"Starbreeze Studios, Grab Games, GamecoStudios, Big Red Button",1,169,94,0.47
Stardock Entertainment,11,15255,4937,7.74909090909091
"Stardock Entertainment, Oxide Games",1,3548,1224,8.25
Stardust Smithy,1,14,0,0.0
Starfield Gaming,1,273,24,2.4
Starfish-SD Inc,1,131,62,0.0
"Starfish-SD Inc, mebius",1,61,12,0.0
Starfish-SD Inc.,1,16,7,0.0
"Stark.H, OnioNoinO",1,5,0,0.0
StarlightTree Games,1,29,6,0.0
Starlike Inc.,1,1327,122,1.82
"Starloop Studios SL, Kukouri",1,75,14,0.0
"Starloop Studios, Craneballs Studio",1,198,76,1.92
Starmops,1,10,33,0.05
Starmyth,1,32,11,0.0
Starni Games,3,888,281,8.266666666666667
Starodymov,3,88,95,0.0
Starside Studios LLC,1,7,2,0.0
Starstrike Studios,1,5,1,0.0
Start VR,1,34,10,0.0
Start Warp,2,40,13,0.0
"Startale Games, Petersen Games",1,22,14,0.0
Startreming Games,1,171,98,52.6
Starwind Games,4,223,63,3.975
StarworkGC,1,67,35,0.65
Stas Paty9mkin,4,40,39,0.0
Stas Shostak,3,1013,290,2.033333333333333
State of Play,3,2591,502,1.5899999999999999
Stately Snail,4,1016,265,2.4375
Static City Games,1,16,13,0.0
StaticSpring,1,18,6,0.0
StationGames,2,96,13,0.0
Statto Software,1,3,6,0.0
Stay Awake Games,1,1,0,0.0
Stay Small Studios,1,233,31,0.0
"Ste Curran, Twistplay",1,109,43,6.43
Ste's Project,1,8,1,0.0
Stealthygolem,1,7,1,0.0
Steam Blade Games,1,2,1,0.0
Steamberry Studio,1,154,9,1.0
"Steambot, Fishing Cactus",1,5,9,0.0
Steamy Buns Games,1,427,19,0.0
Steedie,2,16,14,0.0
SteefMakesGames,1,5,3,0.0
Steel Arts,2,216,219,1.22
Steel Crate Games,1,15346,401,4.65
Steel Mantis,2,3761,1105,2.04
Steel Monkeys,2,1373,301,2.86
Steel Peak Games,1,41,5,0.0
"Steel Sky Productions, Tin Man Games",1,1008,607,7.02
Steel Wool Games,1,32,5,2.03
Steel Wool Studios,4,68137,9345,5.4575000000000005
Steel and Bone Team,1,26,6,0.0
SteelRaven7,1,71341,2264,50.5
SteelSeed,1,12,6,0.0
Steelcore Games,1,1,1,0.0
Steelehouse VR Studios,1,86,34,0.12
Steelpan Interactive,1,1515,45,16.55
SteelySam,1,1,0,0.0
"Stefan Bauwens, Cindy Ho",1,105,23,0.0
Stefan Kelnberger,1,107,96,2.68
Stefan Ortelbach,1,8,2,0.0
Stefan Preuss,5,15,8,0.0
Stefan Pulfer,1,2,0,0.0
Stefounix,1,6,3,0.0
StegTech LLC,1,11,0,0.0
Stegalosaurus Game Development,16,134,69,0.224375
Stegersaurus Software Inc.,2,7687,411,2.13
Stegobubbles,1,1,1,0.0
Stegosoft Games,2,2490,185,6.85
Stein Bock Games,2,18,37,0.0
Stelex Software,2,56,16,0.115
Stellar Entertainment Limited,1,9296,2219,8.32
"Stellar Entertainment, Criterion Games",1,4592,2795,9.87
"Stellar Jockeys, Gausswerks",1,5127,335,7.18
Stellar Oasis,1,14,9,0.0
StellarXiela,1,105,4,0.0
Stem Tech,1,6,15,0.08
"Stenner Studios, Killbox Graphics",1,15,8,0.0
Step Dad Productions,1,16,4,2.38
Stepan Vakhtin,1,37,13,0.0
Stepanov Dmitriy,1,9,1,0.0
Stephan Venhryn,1,32,17,0.0
Stephane Bottin,1,178,110,0.47
Stephane Valverde,1,30,11,0.0
"Stephane Valverde, Leslie Valverde",2,71,61,3.375
Stephen Crabb,2,124,56,2.56
Stephen Damm Boeaas,1,61,18,0.0
Stephen Long,1,157,50,0.22
Stephen Miller,1,19,5,0.0
"Stephen Rich, Anthony Rietkerk, Ryan, Jiwon Suh, Jason Maiser, Pallav Sharda, Nuvya Dutt Sharda",1,3,0,0.0
Stephen Walton,1,30,14,0.0
StephenAllen,1,319,218,2.4
Steppe Games,1,41,60,0.0
Steppe Hare Studio,4,2805,371,1.4100000000000001
Stereo7 Games,3,146,109,4.760000000000001
Steth Games,1,11,4,0.0
"Steve ""Khad"" Grant",1,536,30,0.0
Steve Fox,1,0,2,0.0
Steve Gal,3,797,229,2.2066666666666666
Steve Jarman,1,74,52,0.0
Steve Suetterlin,1,2,5,0.0
Steve Welz,1,101,3,0.0
Steve Wynn,1,2,0,0.0
SteveClay,2,14,9,0.0
Steven Colling,1,149,29,2.92
Steven Eric Boyette,1,33,12,0.0
Steven Krupski,1,2,1,0.0
Steven Ragan,1,3,0,0.0
Steven Taylor,1,27,29,0.0
StevenHarmonGames,2,2858,609,2.14
"Steventus, This is the Glasshouse",1,10,0,0.0
StewardMelvinTang,1,21,18,0.0
Stickmen Studios,1,87,93,0.27
Sticks &amp; Stones,1,114,60,0.0
"Sticky Rice Games, Zoo Corporation",1,29,15,0.0
Sticky Studios,1,51,19,2.5
Stijn Van Cauter,1,78,14,32.57
Still Games,1,18,28,0.0
Still Not Sure,1,87,10,0.0
Still Pending Games,1,1,0,0.0
Still Running,3,2159,475,2.03
Stinky Puppy,1,5,2,0.0
Stirfire Studios,1,354,32,4.6
Stitch Heads Entertainment,1,2265,228,1.33
Stochastic Lints,1,18,1,0.0
Stoic,4,19965,2852,8.4
Stolen Couch Games,3,976,276,3.1233333333333335
Stolpskott Studios,1,26,11,5.67
Stone Baked Games,1,19,0,0.0
Stone Blade Entertainment,1,785,419,11.9
Stone Giant,1,5,0,0.0
Stone Lantern Games,2,209,24,0.065
Stone/Spark Games,1,93,20,2.02
Stonebay Games,1,17,8,0.0
Stonebrick Studios,1,999,102,2.3
Stoner Tomohito,2,411,48,0.115
Stonewheat & Sons,1,1686,174,7.02
Stoneworks Games,1,30,45,0.73
Stop-TussiN,2,81,76,0.0
Storm Sharks Production,1,136,29,3.88
Storm Studio,1,99,58,0.67
Storm in a Teacup,3,1090,431,2.9166666666666665
StormBorn Studio,2,92,19,0.0
StormBrewers,1,162,15,0.72
StormBringer Studios OU,1,164,72,0.52
StormCube Games,3,444,322,1.57
StormZ Entertainement,1,2,2,0.0
Stormcloud Games,1,117,39,2.52
Stormcloud Games Limited,1,3414,164,6.27
"Stormcrest Games, Pizia, Sureksu Games",1,32,10,0.0
Stormee Games,1,1,0,0.0
Stormfront Studios,1,33,3,0.68
"Stormfront Studios, Strategic Simulations",1,197,24,0.08
Stormind Games,2,2198,950,4.88
Storming Tech,2,128,67,0.775
Stormling Studios,4,2490,830,5.0125
Stormlord Games,1,46,27,1.98
Stormregion,1,152,22,13.12
"Stormregion, THQ Nordic",2,646,61,7.57
Stormseeker Games,1,116,10,0.0
Story Fort LLC,1,48,7,0.0
Storyan teaM,2,47,17,1.69
Storybird,2,1032,276,1.6400000000000001
Storybird Studio,1,74,48,0.02
"Storybird, Julien Rocca",1,3,1,0.0
Storyline Team.,1,89,97,5.22
Storytale,1,546,103,14.52
Storyyeller Games,1,83,26,0.0
Stout Games,1,459,379,0.22
Stove Studio,1,1980,537,40.38
"Stovetop, LLC",1,2281,155,2.12
Strafing Forward,1,19,0,0.0
Straight Back Games,2,75422,7578,4.7250000000000005
Straight Right,1,1840,1031,6.95
Straitlace Studios,1,7,1,0.0
Stranga,2,1165,210,4.08
Stranga Games,2,229,35,0.26
"Stranga, TommahGames",1,682,432,1.15
Strange Company,1,103,20,0.0
Strange Creatures Studio LLC,1,293,34,0.0
Strange Fire,3,3107,2102,5.963333333333334
Strange Journey,1,171,19,1.93
Strange Loop Games,2,11443,2565,39.075
Strange Matter Studios,1,2368,1634,9.17
Strange Scaffold,2,905,91,5.315
StrangeLight Games,1,204,113,7.07
Strange_Indie_Team,1,180,69,0.0
Strangely Interactive Ltd,1,2229,485,8.23
Strategiae,1,168,36,0.0
Strategic Designs Ltd.,3,211,59,0.0
Strategic Simulations,1,51,6,0.17
"Strategic Simulations, MicroMagic",1,98,6,0.13
Strategic Thinking LLC,1,14,5,0.0
Strategy 3 Tactics,3,200,61,25.266666666666666
Strategy First,6,3009,616,6.920000000000001
Strategy Forge S.A.,1,69,44,0.35
Strategy Game Studio,1,65,16,0.0
Strategy Labs,1,2982,1121,0.0
"Strategy Mill, BL-Logic, Scribble Pad Studios, Polywickstudio",1,47,19,0.0
Stratera Games,1,246,37,0.0
Stratton Studios,1,2,1,0.0
Strawberry Game Studios,1,3,5,0.02
"Strawberry Game Studios, LLC",1,10,11,4.6
Stray Bombay,1,857,978,1.68
Stray Fawn Studio,3,6232,1132,5.113333333333333
Straylight Entertainment,1,1221,225,6.15
Street Gaming Inc,1,13,1,0.0
Street Lamp Games,1,34,15,4.22
Streko Graphics,1,127,84,0.8
StrelitziaGames,1,5,12,0.0
Stress Level Zero,4,35645,3368,5.96
Streum On Studio,4,21703,9110,6.1775
Strides Interactive Game Studio,1,36,9,4.33
Strife AI,1,6,0,0.0
Strike Games,1,67,80,13.95
Stroboskop,2,162,59,0.0
Strodio,1,60,22,0.0
Stroe Andrei,1,11,8,0.0
Strok applications,1,8,1,0.0
Strong Cube,3,43,37,4.263333333333333
Strongbow,1,5,65,0.0
Strongbox3d,1,9,2,0.0
Strongshell Software,1,45,8,0.0
Struckd AG,1,195,175,0.58
Strudio Company,1,165,89,4.85
Struggling Ball,1,3,1,0.0
Stryde Games,1,160,6,0.0
Stuart Foley,1,7,0,0.0
Stuart Mackereth,1,13,5,0.0
Stubborn Horse Studios,1,16,3,0.0
Stuck In Attic,1,1953,224,6.08
"Student team of Korea Vocational College of Information and Technology (Republic of Korea), 한국IT전문학교 학생팀",1,36,10,0.0
Students of FH Salzburg,1,16,3,0.0
Studio 369,1,227,202,0.0
Studio 397,1,6766,1774,34.42
Studio 4D,1,482,77,9.87
Studio 8,1,1075,549,44.1
Studio Aesthesia,1,223,8,0.0
Studio Amateur,2,793,103,0.705
Studio Attic Salt,1,226,39,4.53
Studio Aurum,1,573,408,3.65
Studio Bean,5,1356,198,9.772
Studio Biest,1,71,14,0.0
Studio Binokle,1,193,25,3.98
Studio Burning Eyes,1,38,8,0.0
Studio Chahut,1,106,20,1.17
Studio Chili,1,69,61,0.0
Studio Clangore,3,285,64,1.6866666666666668
Studio Don Quixote,1,2,2,0.0
Studio Dragonet,1,20,1,0.0
Studio Egg Roll,1,80,16,0.0
Studio Elfriede,1,85,4,0.0
Studio Eres,1,177,28,13.47
Studio Evil,3,1115,205,1.1166666666666665
"Studio FANACCI Co., Ltd.",1,19,1,0.0
Studio Fawn,2,12,9,0.0
Studio Fizbin,5,4431,681,2.8600000000000003
Studio Floris Kaayk,1,282,47,48.4
Studio Gamaii,1,248,21,4.72
Studio Ganzheit,1,64,6,0.0
Studio Gier,1,43,5,0.0
Studio Goya,7,1169,94,6.894285714285714
Studio HK,1,25,7,0.0
Studio Halabi,1,8,1,0.0
Studio Hazy,1,12,3,0.0
Studio Heart Engine,1,119,31,0.0
Studio II,2,6234,1450,12.469999999999999
Studio Inkyfox,1,2288,185,2.48
Studio Jimothy,1,12,0,0.0
Studio Kit,1,459,42,2.98
Studio Klondike Australia,1,222,50,11.05
"Studio Klondike, Team Nekojishi",1,3835,299,3.9
Studio Koprol,1,345,163,0.0
Studio Kumiho,1,3,0,0.0
Studio Loregard,1,1,1,0.0
Studio MDHR Entertainment Inc.,1,179894,6941,13.88
Studio Mori,1,34,10,0.0
Studio Namaapa,2,162,44,12.010000000000002
Studio Nanafushi,1,2336,433,4.42
Studio Nightcap,2,13,2,0.0
Studio Nihilominus,1,48,10,0.0
Studio Nisse LLC,1,20,2,0.0
"Studio Noir, LLC",1,1,1,0.0
Studio Nyx,1,22,22,0.28
Studio Oleomingus,2,236,63,0.06
Studio Paint,1,165,57,2.38
Studio Pakira,1,8,0,0.0
Studio Pixel,3,2928,236,3.1366666666666667
Studio Pixel Punk,1,1767,132,6.58
Studio Saizensen,6,1071,287,3.1999999999999997
Studio Seufz,1,6266,522,27.02
Studio Seven,1,5,1,0.0
Studio SiestA,2,348,61,8.665
Studio Six,1,74,46,0.0
Studio Snizix LLC,1,0,1,0.0
Studio Sott,1,544,24,0.75
Studio Spektar,1,59,6,0.0
Studio Sterneck,1,65,32,3.8
Studio Stobie,1,68,16,0.0
Studio TeamShuriken,1,391,71,1.93
Studio Thug Life,1,3,6,0.0
Studio Thunderhorse,1,576,100,4.85
"Studio V, VLG",1,400,93,1.05
Studio Wasabi,1,198,66,1.68
Studio Whip,1,881,62,0.0
Studio Whisky Tango Inc.,1,706,67,8.33
"Studio Wildcard, Instinct Games, Efecto Studios, Virtual Basement LLC",2,619943,121919,89.61999999999999
Studio Z 3D,2,85,36,0.0
Studio idiot,1,6,5,0.0
"Studio spektar, Porcupine Parkour",1,56,2,0.0
Studio Élan,4,3627,220,2.3575
Studio4,1,21,22,1.95
Studio48,2,114,60,1.935
"Studio48, Turykin Nikolay",1,5,8,0.0
StudioDobby,1,74,65,2.72
StudioGIW,3,87,50,0.5499999999999999
StudioNAZE,1,53,30,1.88
StudioQi,1,23,13,0.43
StudioS,2,142,52,2.085
Studwell,1,16,12,0.0
"Stuffed Wombat, Beethoven",1,37,1,0.0
"Stuffed Wombat, Britt Brady, Miroko, Clovelt",1,468,15,1.2
Stuido Studios,1,14,3,0.0
Stuka Games Inc,1,57,103,0.42
Stumphead Games LLC,2,76,6,0.0
Stumpy,1,6244,819,28.75
Stunlock Studios,3,57739,11502,30.826666666666664
Stupid Stupid Games,2,93,36,0.51
StupidSimulators,1,22,4,0.0
Stusse Games,1,11,1,0.0
Stygian Software,1,5614,823,22.08
SuQing,1,341,57,2.4
Sub Orbital Software,5,84,37,0.9879999999999999
SubZero Development Ltd,1,4,0,0.0
Subatomic Studios LLC,2,641,186,5.36
Subdream Studios,2,83,32,0.0
Subjective Software UG,1,57,5,3.37
Sublemonal,1,0,1,0.0
Submersivo Game Studio,1,580,144,2.68
Subscience Studios,1,174,48,4.8
Subset Games,2,90687,4581,24.21
Subsoap,2,2535,346,6.165
Subspace Studios,1,1,0,0.0
Substance Games,1,219,22,9.28
Substantial,1,25,5,0.0
Subtle Games,1,250,111,48.55
Subversion Squad Studio,1,17,4,0.0
"Subvert Games, Polygon Moon",1,3697,631,3.43
Subworld,1,8798,517,27.22
Succubella Games,3,15,45,0.0
Succubus Diary,1,1085,101,3.97
SuckerFree Games,2,187,115,2.04
"Sue Bean Studios, LLC",1,0,2,0.0
SugGames,2,10,12,0.0
Sugar Bush Studios Inc.,1,1,0,0.0
Sugar Games,1,84,42,0.0
Sugar Rush Studios,1,35,7,0.0
SugarHyped,1,110,14,0.0
Sugoi Yellow,3,55,34,0.0
Suits & Sandals,1,271,7,12.93
Suits &amp; Sandals,2,1368,65,1.275
"Sujin Ri, Marcos Arroyo, Seona Lee, Somi Lee, Sohyeon Jeon",1,663,107,8.23
"Sujin Ri, Yunjeong Yun, Hyein Go, Minsu Ock, Marcos Arroyo, Seona Lee, Sohyeon Jeon",1,698,53,27.17
Sukeban Games,1,35526,936,9.93
SukeraSomero,1,3356,541,3.57
SukeraSparo,2,840,21,0.55
Sultan.emr,1,42,17,0.0
Sulton,1,116,22,0.0
Sum Co.,1,4,1,0.0
Sumalab,2,478,114,0.64
Suminell Studios,1,48,5,0.02
Summitsphere,1,803,29,0.93
Sumo Digital,6,27478,7052,6.486666666666667
Sumo Digital Ltd,1,202,278,3.25
"Sumo Digital Ltd, Lucky Mountain Games",1,1661,520,2.05
Sumom Games,1,39,24,0.0
Sun Bay Games,1,37,17,2.37
Sun Labyrinth LLC,1,5,0,0.0
Sun-Studios,1,450,66,1.82
SunRay Games,2,86,33,3.615
Suncats,1,16,4,0.0
Suncrash,2,2223,570,8.209999999999999
Sundae Month,3,1326,306,2.013333333333333
Sunday Akor,1,20,19,0.0
Sunfleck Software,1,89,40,0.25
Sunflo Labs,1,93,17,0.0
Sungift Games,2,151,81,7.015000000000001
Sunhead Games,1,8247,294,5.17
Sunland Estudios de Entretenimento Ltda,1,5,2,0.0
Sunlight Games,6,392,816,3.908333333333333
Sunlight Studio - Davi Valentim,1,4,1,0.0
Sunny Show,1,843,324,29.02
Sunny Valley | 晴天谷,2,44,8,0.0
Sunnyview,1,23,6,0.8
Sunrise9,2,28,15,0.0
Sunset Arctic Games,1,11,1,0.0
Sunset Dreamland,1,15,2,0.0
Sunshine Games,1,13,10,0.0
SunshineOvercast,2,21,18,0.0
"Sunstone Games, LLC.",1,37,70,0.0
Sunward Games,13,2658,496,4.103076923076923
Super Awesome Hyper Dimensional Mega Team,1,41,11,0.0
Super Bit Machine,1,585,103,5.12
Super Evil Megacorp,1,2734,1435,336.7
Super Fighter Team,1,2,4,0.0
Super Games Studio,1,5,6,0.0
Super Icon Ltd,1,299,78,4.12
Super Mega Team,1,625,278,2.48
Super Pixel Games,1,783,108,11.35
Super Punk Games,1,362,209,2.25
Super Puzzle Studios,1,8,12,0.0
Super Sexy Software,1,273,42,3.48
Super Soul LLC,1,2,0,0.0
Super Spin Digital,1,3929,114,7.52
Super Suite Studios,1,33,11,0.0
Super Trampers Studio,1,977,556,4.7
Super Walrus Games,2,112,7,3.2
Super X Studios LLC,1,143,64,0.72
Super funny game,1,2,1,0.0
Super16bits,2,11,1,0.0
SuperChop Games,1,205,17,0.0
SuperPAC,1,244,110,15.83
SuperSane Games,1,16,6,0.0
SuperTry Studios,1,138,23,4.33
SuperVillain Studios,2,2399,1260,7.54
"Superacid, Manlev Games",1,186,114,0.08
Superboss Games,1,5956,627,10.88
"Supercombo, Inc.",1,656,148,18.07
Supergalactiс Gamedev,1,52,4,0.0
Supergiant Games,4,347454,9309,11.78
Supermassive Games,3,23131,6175,6.036666666666666
Supernature Studio,1,30,7,0.0
Supernice,1,26,8,0.0
Supernova Game Studio,1,1,0,0.0
Supernova Games,2,132,7,0.0
Superpow,1,1,3,0.0
Supersonic Software,1,434,108,1.77
Superstatic,1,389,67,2.33
Superstring,1,20,15,5.27
Superstruct,2,65,29,0.0
Supertype,1,99,25,0.0
Superwyh,1,4,1,0.0
Supine,1,47,84,0.03
Suppressive Fire Games,1,30,17,3.93
Supra Games,3,18396,1494,13.533333333333333
Supreme Gauntlet Games,1,48,10,0.0
Sure Games,1,3,0,0.0
"Surf Monster Studio, Kinn Chen, Vicky, Chih-Hsuan Huang",1,102,8,0.0
Suricate Software,2,80,10,0.0
Surreal Games,2,52,36,0.36
Surrealscape Studios,1,25,43,0.0
Survios,7,5187,1935,1.2128571428571429
SurvivalMyths,1,8,5,0.0
Sushee,1,576,167,2.1
Sushi_soft,2,435,543,0.5
Suspension Games,1,7,3,0.0
Suspicious Box,1,40,26,0.0
Suspicious Developments,3,20039,760,5.63
Suzaku,1,452,118,0.0
"Suzhou DaYu Network Technology Co., Ltd., 蘇州大禹網絡科技有限公司, 苏州大禹网络科技有限公司",1,114,81,0.0
Svajūnas Žemaitis,1,368,757,2.55
Svantech Studios,2,680,245,2.2
Svarog Studios,1,135,105,4.03
Svavelstickan,1,6965,195,1.87
Sven Co-op team,1,29316,2000,10.93
Sven Kröber,1,27,9,0.0
Sven Möhring,1,3,0,0.0
Swan,1,14267,1252,0.0
Swarog Games,1,18,24,0.0
SwayBoo,1,2,0,0.0
Sweet & Tea,1,309,24,1.55
Sweet Dog Studios,1,625,196,16.12
Sweet Dreams Studio,1,13,1,0.0
Swell Games LLC,1,589,226,53.5
SwiftKraft,1,12,2,0.0
"Swimming Scorpions, MMEU",1,15,9,0.0
Swing Swing Submarine,3,3534,771,3.623333333333333
Switchblade Monkeys Entertainment,1,928,385,4.2
Switchpilot,1,7,2,0.0
SwizZzle,1,5,6,0.0
Sword & Axe LLC,1,1995,758,19.35
Sword Garden Studios,1,5,1,0.0
Swordtales,1,852,492,4.08
Syberstudio,1,34,34,16.93
Syed Abdullah Shah,1,1,4,0.0
Sylph,1,323,39,6.5
Sylphe Labs,1,40,21,0.0
Sylvain Harlaut,1,256,51,1.43
Sylvain Seccia,3,111,79,0.0
Sylvestrina,1,1,0,0.0
Sylvie,1,71,4,0.0
Sylwester Osik,2,224,74,1.135
Symbol Games,1,2,0,0.0
Symmetric Games,1,413,427,3.97
SynAtria Studios,1,17,1,0.0
Synapse Games,1,289,167,125.38
"Synapse Games, Chinzilla",1,2976,1005,7.93
Synaptic Response,1,19,5,0.0
"SynapticSwitch, LLC",1,24,8,0.0
SyndicateAlphaGameStudio,1,0,1,0.0
"Syndrome interactive, Cat God Studio",1,66,20,0.0
Synetic,2,581,135,1.5250000000000001
Synnergy Circle Games,1,181,23,6.63
Synodic Arc,1,7,0,0.0
Synset,1,462,90,3.87
Synter Games,1,18,22,0.0
Synthetic Domain,2,643,83,3.51
Synthetic Games,2,35,4,0.0
SypherZent,1,4,0,0.0
"Syrin Studios, Small Impact Games",1,1162,1056,7.98
Sysreb Games,1,15,8,0.0
System 3,4,1235,277,4.2575
System Era Softworks,1,118817,10139,32.25
System Erasure,1,1744,75,7.87
System Prisma,1,104,58,1.85
SystemSoft Alpha Cooperation,1,21,13,0.0
Systemic Games,1,390,60,0.0
Systemic Reaction™,2,32852,13967,16.16
"Systemsoft beta, Inc.",1,36,70,0.0
Syun-kan Flowlighter,1,76,27,0.53
Sólfar Studios,1,820,159,4.67
"Sólfar Studios, RVX",1,162,157,0.75
Sørb,2,149,6,0.0
Søren Trautner Madsen,1,24,5,2.85
SЁLO,1,7,1,0.0
T-Bull,5,945,565,3.35
T-Hex,1,14,7,0.0
T.D,1,171,49,0.0
"T.F. Wright, Volkenfox",1,296,33,0.0
T.H.L Games,1,7,11,0.0
T19 Games,1,1256,253,1.43
T3 Entertainment,1,959,620,5.8
T3Entertainment,1,1259,947,3.55
T4 Interactive,1,79,116,0.15
"TABOT, inc., Natsume Inc.",1,842,255,30.28
TACS Games,1,14,2,0.0
TAD Productions AB,1,312,240,3.98
TAITO CORP.,3,1335,562,2.0766666666666667
TALEROCK,1,102,40,0.0
"TALESSHOP Co., Ltd.",7,7059,514,3.13
"TALLBOYS, tinyBuild",1,2661,1836,2.35
TAMSOFT CORPORATION,1,4058,1705,11.25
TANTANMEN,1,48,2,0.0
TARO,1,3421,606,14.82
TAS Systems,1,17,27,0.0
TAS Systems Corp,2,23,30,0.0
TATSUMI ELECTRONICS,1,3,2,0.0
TB Games,4,7628,5116,8.442499999999999
TBD,1,226,55,40.02
TC Games,1,6,1,0.0
TCHOW,1,3,1,0.0
TCP Studios,1,13,1,0.0
TCR,1,82,31,0.0
TCS Production,1,19,16,0.0
TD Games,1,25,4,0.0
"TDZ Games, Gamecraft Studios",1,55,26,1.6
TEAM Black Hat Robot,2,194,21,0.04
TEAM HORAY,1,8672,621,32.47
TEAM TANDS PLUS,1,32,29,0.62
TEAM101,1,152,112,0.67
TEAPOT Creation,1,12,5,0.0
TEASOFT,1,5,3,0.0
TECOPARK,2,26974,3038,16.245
TEN TIULENYA team,1,63,7,0.97
TENTACLE SOFT,1,25,6,0.0
TERARIN GAMES,2,60,8,0.0
TERNOX,4,702,137,2.8375
TFGame,1,1,5,0.0
"TFR Team - Heiden, aMira, Debbie, and more, Heiden, Alicia Mira Kim (AliMira), Debbie Trader (RyeTaran), Mike Morton, Liam, Many other kind helpers!!!",1,65,13,0.0
TG Nord,1,42,46,0.42
TGA Company LLC,1,191,77,5.62
TGM,2,62,18,0.0
THE BROTHERHOOD,3,3800,900,7.343333333333334
THQ Nordic Barcelona,1,10607,4457,2.57
"THQ Nordic, Mind Over Matter Studios",1,168,171,9.27
THREE ONE ZERO,1,1007,816,1.35
TIAN DA HAI,1,5,1,0.0
TIKIPOD,2,119,14,1.6
"TIKIPOD, Electric Cafe",1,415,65,2.12
TK Studio,1,27,21,0.0
TLM Partners,1,96499,46264,21.3
TMA Games LLC,1,364,34,1.02
TML-Studios,12,15013,5826,14.362499999999999
"TML-Studios, PEDEPE",1,2241,1125,36.55
TMN | SGR,1,10,2,0.0
TNT Team,1,196,79,0.83
"TOEI ANIMATION CO., LTD., Plus 81",1,16,7,0.0
TOKYOTOON,3,7141,211,21.53
"TOM CREATE CO.,LTD.",1,3,2,0.0
"TOM CREATE, 株式会社トムクリエイト",1,6572,1294,50.42
TOMAGameStudio,1,30,4,0.0
TORaIKI,2,271,185,1.12
TOTATO,1,126,14,0.0
TOWA Software,1,4,0,0.0
TOYURO,1,3,1,0.0
TPP Studio,2,11121,1809,34.68
TRAGsoft,1,5703,979,10.88
TREASURE,1,2104,119,3.77
TREBUCHET,1,309,47,3.07
"TREND, Soft Pro",1,24,26,0.0
TREON Games,1,247,40,0.18
TRI.G,1,54,104,2.43
TRIANGLE SERVICE,5,201,40,0.368
TRU FUN Entertainment,1,59,7,7.2
TRUEFX GAMES ,1,89,37,1.07
TRYLIGHT GAME STUDIO,1,201,16,0.0
TSGS,1,10,11,6.08
TSN Entertainment,1,0,2,0.0
TSW_Han,1,4,0,0.0
"TT Fusion, Traveller's Tales",1,4571,693,13.73
TT Games,3,55684,5753,12.42
TT Games Ltd,2,16539,1693,19.66
"TT Games, Feral Interactive (Mac)",3,15962,2013,13.683333333333335
"TT Games, Feral interactive (Mac)",1,868,479,5.35
"TT Games, Traveller's Tales",1,11995,3308,15.03
TTCX Inc.,1,61,86,1.58
TTK,1,7,3,0.0
TTLCIC,1,1,1,0.0
TUNIC Team,1,13921,1260,11.8
TUNNEL No.73,1,549,74,9.48
TUNNEL no.73,1,94,48,0.08
TURBOGUN,1,303,80,2.28
TW Gamedev,1,16,9,0.0
TW Potato,1,56,42,0.0
TWOODY PRODUCTIONS,1,114,35,0.0
TYB Publishing,1,5,0,0.0
TYSoft,1,0,1,0.0
"Table 9 Studio, LLC",1,43,17,0.0
Tabletopia,1,998,592,5.57
Tabula Rasa Game Studio,1,0,1,0.0
TacByte,1,200,72,0.0
"Tachi, Vaka Game Magazine",1,218,27,0.0
"Tachyon Inc., Natsume Inc.",1,8,5,0.0
Taco Sushi Games,1,6,1,0.0
Taco Truck Games,1,32,15,1.33
Tactic Studios Inc.,1,221,85,2.53
Tactical Adventures,1,17785,2608,32.3
Tad &amp; Ice Productions,1,134,29,0.0
Tad Cordle,1,206,18,6.07
Tadeusz Lorkowski,1,9,1,0.0
Taggrin,1,3,0,0.0
Tahoe Games,2,361,51,0.7849999999999999
Taichi Games,1,148,12,1.27
Tails Games,1,24,8,0.0
Tailwind Games,1,35,6,0.0
Taishido Games,1,3,2,0.0
Taito,1,103,66,2.55
"Takahito Ito, Cesar Hidalgo, et al.",1,8,9,0.0
Take IT Studio!,1,1502,358,0.87
Take Toad,3,382,34,0.0
TakeThem.Games,1,17,7,0.0
TakeThem.Games (Creative),1,5,14,0.0
Talawa Games,1,426,36,2.6
Tale of Tales,6,1712,826,0.39666666666666667
TaleHammer,3,132,8,0.0
TaleWorlds Entertainment,4,412887,37915,79.835
Talecore Studios,1,77,12,1.97
Talentless Person Games,1,19,1,0.0
Talentplace,4,2142,1216,3.145
Talgin Studio,1,1,1,0.0
"Talha Kaya, Kayabros",1,263,41,1.57
"Talha Kaya, Seyma Hatip, Kayabros",1,106,15,0.0
"Talia bob Mair, Angad Matharoo",1,3419,246,0.0
"Talia bob Mair, Nicolás Delgado",1,2243,57,0.0
Talismanic Entertainment,1,44,10,0.15
Taliyah Pottruff,1,190,74,0.45
Tall Guy Productions,1,32,16,0.0
Tall Story Games Ltd,1,99,2,0.0
Tall Story Studios,1,248,193,5.52
"Tall Story Studios, Prey Interactive",1,40,25,0.0
TallRoad Studio,1,194,84,2.82
TallTech studio,1,151,98,6.95
"Talon Baker, Dustin Halsey, Salvador Galindo, Josh Clouse, Jeremy Lafond, Zack Lawrence, Reed Scriven, Sandra Tiu Latt, Nichole Wilkinson, Terence So, Herman Wu, Taylor Reyland",1,29,8,0.0
"Talpa Games, Undercoders",1,183,19,0.13
Talpel Games,1,51,97,0.0
Talvisota Team,1,956,126,1.17
Tamamo Studio,1,156,56,4.07
Tamasenco,1,530,253,10.63
Tamashii,5,12,10,0.0
Tamationgames,1,611,59,1.07
"Tambouille, Géraud Zucchini",1,127,3,1.5
Tamerlan Satualdypov,3,468,69,0.0
Tamsoft,9,17376,2286,5.843333333333333
Tangent Arc,1,3,1,0.0
Tango Gameworks,3,67868,10005,14.586666666666666
Tangrin Entertainment,1,91,64,0.87
TankCatGames,2,5,2,0.0
Tanks2.DE,1,59,31,0.0
Tanuki Creative Studio,1,244,41,2.03
Tanuki-sama Studios,1,90,3,0.08
Tanukitsune,1,4,0,0.0
TaoJeruen,1,2,1,0.0
TaosX,1,339,92,2.02
Taotie Industries,1,0,1,0.0
Tap It Games,2,2209,229,3.5999999999999996
Tap To Win,1,20,11,0.0
Tap by Tap,4,31,51,0.1325
TapBlaze,1,5074,645,9.12
"Tapinator, Max Ignatyev",1,66,17,0.0
Taploft Sp. z o.o.,1,43,23,0.0
Taptroise,1,7,1,0.0
Taranasus,1,2728,93,0.0
Targem Games,12,54445,17556,10.155
Targon Studios,1,29,15,3.55
Tarsier Studios,2,144966,8272,10.870000000000001
Tartle Games,1,9,3,0.0
Tasharen Entertainment Inc.,2,3251,871,12.71
Tasty Delicious Games,1,567,68,1.17
Tasty Poison,1,68,15,0.0
Tasty Stewdios LLC,1,541,58,7.23
Tatamibeya 畳部屋,2,165,48,0.135
Tatarabani,1,77,8,0.0
Tate Multimedia,3,9499,1372,6.503333333333334
"Tate Multimedia, Teyon",1,82,41,0.02
Tater Games,1,21,5,0.0
"TatriX, Nanalli",1,365,160,1.1
Tau Ceti Labs,1,5,1,0.0
Taueon,1,25,1,0.0
Taure Games,1,1,1,0.0
Tauron Glyph,1,6,2,0.0
Tavern Entertainment,1,10,0,0.0
Tavern Games,1,23,26,0.0
TavroxGames,1,158,101,3.63
TawStudio Entertainment,1,195,36,3.77
Taxsoft,1,1,0,0.0
Tayanna Studios,2,128,78,0.0
Tayfun Tuna,2,124,34,0.0
Tayfun Zeytun,1,69,29,0.0
Tayler Tolman,1,4,1,0.0
Taylor Marsh,1,54,71,0.0
Taylor McCue,1,86,42,0.0
Taylor Stapleton,1,490,17,0.75
Tazigen Clock,1,43,27,10.07
Tazzo,1,1,0,0.0
Tbjbu2 Originals,1,6,10,0.0
Tchagata Games,1,19,8,0.0
Tea & Cake Games,1,269,177,9.2
Tea Leaf Studios,1,9,3,0.0
"Tea Monster Games, PsychicParrot",2,24,2,0.0
TeaForTwo,1,720,456,2.65
Teagher Studio,1,28,2,0.0
Teal Fire,1,459,136,18.03
TealDev,1,3,0,0.0
TealRocks Studio,1,18,3,0.0
Team 33,1,90,8,1.28
Team 6 Studios,6,1135,4033,0.3383333333333333
Team Actors,1,74,17,0.0
Team Amorous,1,5608,1265,6.22
Team Andres,1,117,12,0.0
Team Arcana,1,325,58,4.45
Team Atma,1,541,64,0.0
Team B Laboratory,1,24,18,0.0
Team B.R.O.S.,1,44,38,0.25
Team Bapy,1,43,7,0.0
Team BlueBacon,1,27,1,0.0
"Team Bondi, Rockstar Leeds",1,29214,4812,14.78
Team Cherry,1,403641,12305,36.8
"Team Chex Quest HD, Flight School Studio",1,1612,400,0.0
Team Clam,1,136,7,1.22
Team Cobblestone,1,222,122,0.0
Team Colorblind,1,159,40,0.0
Team Curiosity ✦,1,6085,233,22.22
Team Cursed Image,1,9,3,0.0
Team D-13,1,2783,94,6.62
Team DOTS,1,426,136,0.22
"Team DYO, Josia Roncancio",1,1571,52,1.25
Team DigitalMind,1,48,8,0.0
Team Dreamstate,1,21,15,0.0
"Team ERROR, Tiny Colossus",1,30,7,0.0
Team Eleven,2,907,72,13.84
Team Entropy,1,200,28,0.0
Team Flow,1,144,26,1.8
Team Forbidden,1,1988,239,0.0
Team Fractal Alligator,2,23535,1607,2.825
Team Frizz,1,13,8,0.03
Team Fugl,1,521,94,1.68
"Team Fusion Simulations, 1C: Maddox Games",1,1166,476,1.07
Team Future LLC,1,59,20,1.52
Team Gizmoid,1,7,1,0.0
Team Good Knight,1,111,6,0.08
Team Grappling Hook,1,6,0,0.0
Team Grybanser Fox,4,271,50,0.625
Team HalfBeard,1,2171,335,3.77
Team Hamtrol,1,5,1,0.0
Team Indev,1,292,147,2.7
Team Isolation,1,90,25,2.55
Team Jolly Roger,3,1789,355,14.223333333333334
Team Jungle,1,4,2,0.0
Team Junkfish,3,4018,857,5.716666666666666
Team KARPETTI,1,39,7,0.0
Team Kryll,1,93,12,0.0
Team L.U.R.Id Glow,1,1265,240,3.12
"Team Ladybug, WSS playground",2,19930,810,9.385
Team Lantern LLC,1,45,13,0.0
Team League,1,30,15,0.0
Team Lucid Dream,1,2,3,0.0
Team Magic Forest,1,4,1,0.0
Team Major League Gladiators,1,30,5,0.27
Team Maniax,1,294,58,2.63
Team Mariupolis,1,65,15,1.13
Team Meat,2,34470,2628,3.3150000000000004
Team Metroshock,1,11,15,0.0
Team Modernator,1,15,2,0.0
Team Monad,2,10,5,0.0
Team Monkey,1,67,9,0.0
Team Morbid,1,368,53,0.0
Team Möns,1,8,1,0.0
"Team NINJA, KOEI TECMO GAMES CO., LTD.",1,6884,3128,16.43
Team Navigator,1,213,8,0.0
Team Ninja Thumbs,1,244,27,0.28
Team Nomad,1,22,11,0.0
Team Overloaded,1,18,1,0.0
Team Panoptes,1,305,12,1.23
Team Psykskallar,1,65852,8556,5.73
Team RUVN,1,26,12,0.0
Team Rat Vibes,1,12,4,0.0
Team Replay,1,44,5,4.35
Team Reptile,3,12924,665,6.890000000000001
Team Reset,1,15,10,0.0
Team Rez,1,55,59,0.0
Team SNEED,2,4160,275,1.4949999999999999
Team Salvato,2,229927,8329,19.75
Team Samoyed,1,4843,728,14.83
Team Seven,1,38,2,0.0
Team Shifty,1,1485,200,6.8
Team Shuriken,1,215,94,0.25
Team SolEtude,1,13,0,0.0
Team Sorcerobe,1,1362,110,1.07
Team Spikkeee,10,19,11,0.0
Team Summer Nightmare,1,295,241,0.88
Team Syukino,8,206,64,0.00875
Team Sämst,1,4,3,0.0
Team TatoTaco,1,7,0,0.0
Team Teal,1,189,60,0.0
Team Thieves,1,146,29,0.0
Team Toaster,1,1,4,0.0
Team Train Frontier,1,195,26,0.67
Team WIBY,1,1831,391,7.75
Team Wood Block,1,6,7,0.0
Team Woodsalt,1,4,1,0.0
Team Zandarkan,1,30,17,0.0
Team Zimno,1,162,14,0.0
Team Zom Nom,1,135,10,0.0
Team in Time,1,28,10,0.0
Team of Light Media LLC,1,3,4,0.0
Team-K,1,8,1,0.0
Team-Tactical Nexus,1,186,6,5.82
Team.balance,1,4,6,0.0
Team17,2,17912,3966,7.445
Team17 Digital,1,1367,998,0.82
Team17 Digital Ltd,14,33305,5968,4.595
"Team17 Digital, Ghost Town Games",1,4457,1684,20.13
Team17 Software Ltd.,1,1334,455,1.95
"Team17, Mouldy Toof Studios",1,28948,3000,18.93
Team2Bit,2,239,90,2.8550000000000004
Team6 Game Studios,2,55,58,6.340000000000001
Team6 Games,1,36,38,0.0
Team6 game studios B.V.,1,58,68,0.73
Team8 Studio,1,62,37,0.0
Team9,2,10091,419,2.9800000000000004
TeamB,1,4,8,0.0
TeamCrew,1,158,32,3.1
TeamDAB,1,29,13,0.0
TeamKRAMA,2,2724,554,6.945
TeamNova,1,1219,329,17.05
TeamSuneat,1,1680,558,5.6
TeamTOCH,1,87,27,0.0
TeamTinyCrack,1,5,0,0.0
TeamTop Games,1,61,65,2.25
TeamWaterFly,1,24,44,5.47
Teamomega,1,4,7,0.0
Teatime Research Ltd.,1,157,19,0.0
TeatimeStrategy,1,2,0,0.0
Teawork Dev,1,46,13,5.68
Tech Warrior-Dylan Dugan,1,0,2,0.0
TechDev,1,2,0,0.0
Techland,12,669355,75585,11.246666666666668
Technetium Games,1,44,84,0.43
Technicat LLC,1,59,9,0.0
TechnoBrake,2,263,142,0.69
TechnoCat Games,1,59,14,0.0
Technocrat Games,1,1464,88,4.95
Technologies&Simulators,2,2,5,0.0
Technolomics,2,7,0,0.0
Technomancy Studios,3,1150,222,2.3266666666666667
Technopop,1,49,14,0.0
Techone Game Studio,1,8,4,0.0
Techpack,1,2,0,0.0
Techway,1,63,28,0.4
"Tecsi Aron, Szocs Robert",1,2,0,0.0
Tectonic VR,1,69,105,0.37
Tedia Kim,1,0,1,0.0
TeePee Studios,1,71,45,0.0
Teemo Soft,1,14,23,3.23
Teeworlds Team,1,3869,507,3.15
Tegridy Made Games,8,333,89,0.0
Tehawar,2,2,1,0.0
Teku Studios,1,893,249,3.98
Telehorse,2,45,45,0.0
Telepaths Tree,1,269,291,1.32
Teleport Games,1,30,5,0.0
Teleporter Realities,1,8,5,0.0
Telestic Studios,1,9,7,0.0
Teletower Studios,1,71,70,2.02
Televisor,1,4,0,0.0
Telltale,14,62722,4467,4.654285714285714
Telltale Games,30,196180,17449,5.291666666666667
Tellurion Mobile,1,37,11,0.0
"Telophase Studios, LLC",1,50,11,4.13
Teltamo,1,3,0,0.0
Temel KIRCI,1,5,9,0.0
Temple Gates Games,4,1927,310,14.102500000000001
"TenGu Games Productions, JDWasabi",1,10,2,0.0
Tenami,1,23,8,0.0
Tenco,2,1010,138,15.425
Tender Claws,1,591,53,1.35
"Tendershoot, A Jolly Corpse",1,1887,146,0.9
"Tendershoot, Michael Lasch, ThatWhichIs Media",1,4633,148,5.28
Tendo,1,6,0,0.0
"TendoGames Co., Ltd.",1,1066,333,4.53
Teneke Kafalar,2,5383,609,2.875
Tengukaze Studio,1,19,0,0.0
Tennen-sozai,2,834,85,3.025
Tense Games,1,314,53,2.45
TensionSplice,2,12,5,0.0
Tentacle Games,2,4611,1156,6.47
Tenth&Hess Games,3,374,206,2.3066666666666666
Teotl Studios,1,827,287,2.23
TephraSPB,1,3,10,0.0
Tequila Works,1,73,20,0.0
"Tequila Works, Abstraction Games",1,1063,431,1.6
"Tequila Works, QLOC",1,4585,494,4.75
"Tequila Works, S.L.",1,9944,2685,3.27
Tequilabyte Studio,2,950,288,6.035
Teradile,1,25,1,0.0
Terafall: Survival,1,14,19,0.0
Terafox Studio,1,1,0,0.0
Terapoly,1,555,270,1.72
Tereza Preislerová,1,3,1,0.0
"Termeno, s.r.o.",1,13,5,0.0
Terminal Core Games,1,2,0,0.0
Terminal Press,1,257,82,4.07
Terminal Reality,5,2966,617,4.504
TernGame,1,35,74,0.22
Tero Lunkka,13,353,423,0.7846153846153846
"Tero Lunkka, BlackThug",3,172,78,0.0
"Tero Lunkka, Gangsta Studios, BlackThug",1,43,36,0.0
"Tero Lunkka, Gangsta Studios, StreetDog",1,18,19,0.0
"Tero Lunkka, Jacob Clevenger",1,29,29,0.0
"Tero Lunkka, Mikko Seppälä",2,453,147,2.1550000000000002
"Tero Lunkka, Valkeala Software",7,275,149,0.06714285714285714
"Tero Lunkka, Valkeala Software, Black Thug",1,144,16,0.0
"Tero Lunkka, Valkeala Software, BlackThug",1,26,30,0.0
"Tero Lunkka, Valkeala Software, Blackthug, NTStudios",1,53,16,0.0
"Tero Lunkka, Valkeala Software, Blackthug, Ruskija game experience",1,16,6,0.0
TerpySauceStudios,1,1,0,0.0
"Terri Vellmann, Doseone",3,7030,919,2.723333333333333
Terrible Posture Games,1,982,238,4.48
"Terrible Posture Games, Grip Digital",1,1185,372,4.18
Terrible Toybox,2,4209,338,267.625
Terrifying Jellyfish,1,111,32,1.8
Terry Cavanagh,3,43578,2309,7.933333333333334
Tesondo,1,1,0,0.0
Tessera Studios,1,235,97,0.0
Tesseract Interactive,1,17,12,2.68
Test3 Projects,1,2434,435,2.52
Testing Grounds Team,1,4,4,0.0
Texel Raptor,1,7142,418,35.1
Texelworks,2,61,46,0.0
Texic,1,433,51,4.88
Teyon,7,16256,1976,4.238571428571428
ThankCreate Studio,1,3963,370,2.32
ThankGame.com,2,46,46,0.0
Thap Tam,1,9,9,0.0
That Auzzie,1,3,10,0.0
"That Fish, That Other Fish",1,2445,277,2.88
That Indie Studio,1,173,39,0.0
That One Game Studio,1,6,2,0.0
That Table Games,1,7,5,0.0
ThatGame Pty Ltd,2,19,8,0.01
ThatMadProgrammer,1,197,32,0.0
The 3DO Company,4,312,128,0.17
"The Abbot's Book, LLC",1,184,25,0.22
"The Acceleration Agency, FarCade",1,18,2,0.0
The Alekon Company,1,152,8,0.0
The Architects Republic,1,66,32,0.0
The Archotek Project Team,1,528,438,44.98
The Artistocrats,1,2350,652,4.2
"The Assembly Line, Image Works",1,2,0,0.0
The Astronauts,1,7805,1026,3.03
The Balance Inc,1,632,184,2.97
The Bane Of Asphodel Team,1,60,30,0.28
The Barberians Game Studio,1,50,5,0.18
The Battle Grounds Game Development Team,1,3404,543,0.0
The Battle for Wesnoth Project,1,5041,315,14.8
The Bearded Ladies,1,18032,1896,10.23
The Behemoth,3,197803,7432,9.763333333333334
The Binary Mill,4,1436,464,1.545
The Bitfather,1,432,139,5.18
The Body VR LLC,1,247,22,0.33
The Burning Red Design,1,6,3,0.0
The Cable Center,1,15,3,0.0
The Cat Hive Developers,1,966,56,0.0
The Chair Studios,1,3,1,0.0
The Chinese Room,2,9190,4054,2.41
"The Chinese Room, Robert Briscoe",2,9741,3230,12.41
The Coalition,1,16400,6909,21.58
"The Collective, General Arcade",1,1919,237,6.08
The Conjurer's Tower,1,5,12,0.02
The Creative Assembly,1,658,210,12.92
"The Creative Assembly, Feral Interactive (Mac), Feral Interactive (Linux)",1,599,31,0.0
"The Creator Workgroup, SakuraGaming Studio Michigan",1,16,3,0.0
The Crow Studios,1,30,35,0.0
The Cyber Prophet,1,101,71,0.0
The Dashing Crate,1,41,5,0.0
The Deep End Games,1,441,167,3.42
The Dept of Silly Stuff,1,20,4,0.0
The Digital Village,1,91,20,2.32
"The Dirigiballers, LLC",1,113,13,3.72
The Domaginarium,3,127,72,1.89
The Dragonloft,1,35,15,0.0
The Dreamers Guild,2,2613,298,10.735000000000001
The Drone Racing League,1,3407,640,10.42
The Elephant Crew,1,4592,242,0.0
The EpicLore,2,157,199,0.9
The Exact Co.,1,3,2,0.0
The Farm 51,6,19844,5299,4.861666666666667
The Foregone Syndicate,1,402,98,2.85
The Fun Pimps,1,327889,42157,105.43
The Future Of Videogames,1,158,56,1.47
The Game Bakers,2,15650,1591,6.244999999999999
The Game Bakery,1,151,54,0.22
The Game Brewery,1,30,10,0.0
The Game Forger,2,101,23,0.0
The Game Kitchen,3,49462,5271,6.546666666666667
The Game Species,1,23,31,0.0
The Gentlebros,2,15317,774,7.2
"The Gentlebros, General Arcade",1,38,5,0.0
The Geometry Boxers,1,49,23,0.4
"The Glitch Factory, Seize Studios",1,35,17,1.27
The Gunseed Collab,1,61,18,0.0
The Hideout,1,2,6,0.0
The House of Fables,8,1804,296,3.36375
"The House of Fables, Gogii Games",1,241,128,3.43
The Human Beings,1,569,68,0.0
The Hyper Carries!,1,63,14,0.0
The Impatient Gaming,1,3,1,0.0
The Indie Forge,1,87,115,4.25
The Indie Stone,1,355171,21892,69.88
The Knights of Unity,3,8573,1389,6.52
The Lab grab,1,11,2,0.0
The Last Developer,1,90,49,0.0
The Lazy Summer,1,5,3,0.0
The Learning Company,1,84,27,4.28
The Light Sword Team,2,31,36,5.215
The Lordz Games Studio,2,244,68,8.09
The Lunatic Tilemaps,1,0,3,0.0
The Magician (Jason Gale),1,1,0,0.0
The Malachi Studio,1,6,0,0.0
The Men Who Wear Many Hats,3,4990,596,8.983333333333334
The Mill,2,50,10,0.0
The Molasses Flood,2,6788,2104,5.415
The Moon Pirates,1,69,36,4.65
The Moonwalls,1,131,76,2.23
The Munky,2,881,277,1.485
The Mustard Corporation,1,143,156,4.07
The N Main Shop,1,177,13,14.9
The NR,1,62,40,0.0
The Net Champs,1,4,2,0.0
The Odd Gentlemen,2,2990,342,4.985
The Overall Angle,1,4,2,0.0
The Pack Studios,1,50,46,0.0
The Paper Robot,1,61,17,6.65
The Periodic Group,1,6,0,0.0
"The Pixel Hunt, ARTE France, FIGS",1,108,51,0.0
"The Pixel Hunt, IKO, ARTE France",1,72,5,0.0
The Pixel Mine Ltd,1,249,36,0.92
The Planar Danse,1,28,2,0.0
The Pleasure Warlock,1,1,5,0.0
The Pompous Pixel,2,107,31,1.65
The Provision Games,1,5,0,0.0
The Pulse,1,47,20,0.17
The Quadsphere,1,1910,386,15.7
"The Quinnspiracy, Patrick Lindsey, Isaac Schankler",1,2387,1587,0.97
The Revera Corporation,1,16,9,0.0
The Revills Games,4,299,39,4.2525
The Rock Studio,1,48,28,4.75
The Rooster's Chess,1,4,4,0.0
The Scholastics,1,572,132,1.7
The Secret Experiment,1,110,43,0.02
The Secret Games Company,2,117,39,4.380000000000001
The Secret Location,1,20,5,0.0
The Secret Pie,2,79,38,4.41
The Shady Gentlemen,1,101,19,1.05
The Sheep's Meow,1,91,15,0.0
"The Sims Studio, Maxis",1,28544,4366,71.63
The Simutrans Team,1,468,154,3.38
The Singleton Foundation,1,30,22,0.0
The Snarktopus,1,317,38,5.35
The Socially Awkward Studio,1,5,1,0.0
"The Software Farm, Sunlight Games, Sierra Entertainment",1,293,114,4.43
The Station Game ltd,1,912,151,2.42
"The Stonebot Studio, Ludus Games",1,119,14,0.33
The Stork Burnt Down,1,154,70,3.43
The Story Mechanics,1,1205,386,3.95
The Strangers,1,2092,141,0.0
The Strategy Game Studio,2,40,18,0.0
"The Studio of Secret6, Inc.",1,96,36,0.0
The Sun Will Rise Team,1,41,33,1.2
The Taco Heaven,1,24,16,0.0
The Tambourine,1,16,70,0.0
"The Third Floor, Inc, The Virtual Reality Company",1,13,37,0.0
The Tiniest Shark,1,164,228,5.45
The Toolshed LLC,1,1,0,0.0
The Truthtellers,1,77,33,0.0
"The Unconditional Love of 400,000 Little Birds",1,0,1,0.0
The Vanir Project,1,5,1,0.0
The Vectromirror Initiative,2,416,76,0.0
The Voices Games,1,5,7,0.0
The Voxel Agents,1,2521,168,1.57
"The Wall Productions Inc., Meridian4",1,934,515,2.8
The Wandering Band LLC,1,1878,283,4.25
The Wilburnness,1,3,0,0.0
The Wild Games,1,1,1,0.0
The Wild Gentlemen,1,2199,115,5.57
The Work Club,1,125,21,0.0
The Working Parts,1,1079,204,3.32
The World Outside,1,32,6,0.0
The Young Socratics,1,229,75,1.18
The-Mark Entertainment,2,423,140,2.135
TheAmanStudios,1,81,38,0.0
TheBeamer LLC,1,2,0,0.0
"TheBoys, 430Games, Lunacle",1,167,53,0.05
TheDollarGameStore,1,4,3,0.0
TheDreik,1,11,14,0.0
"TheDreik, DarkDes Labs",1,5,1,0.0
"TheDreik, Xeneder",2,83,51,0.0
TheElvenTale Games,1,1,2,0.0
TheGoo,1,3,2,0.0
TheGrandestine,1,666,58,0.0
TheMasterGames,1,6,7,0.0
TheMiddleGray,1,214,24,2.08
TheNilusss,1,7,1,0.0
TheRealDan,1,2,0,0.0
TheShortAndTheTall,1,42,15,4.27
TheTallJS,1,5,1,0.0
TheWzzard,1,8,1,0.0
The_Kiddy,2,240,336,3.635
Theago Liddell,1,7,8,0.0
Thedox Games,2,189,10,0.0
Thejamiryu,1,2,4,0.0
"Thekla, Inc.",1,16069,2868,10.52
Themes_Daly,1,5,2,0.0
Themis digital entertainment Co.,2,141,53,0.0
Themisian,1,32,3,0.0
TheoNeo Games,1,3,0,0.0
Theodor Niklas,2,1,12,0.0
Theodore Palser,1,14,2,0.0
Theory Georgiou,1,109,123,0.7
Therefore Games,1,950,254,142.13
"Theresa Duringer, Pete Andstadt",1,728,70,7.03
Theta Division,1,884,180,4.83
Thetis Games,1,17,15,0.0
Thetis Games and Simulators,1,9,37,0.0
Thiago Fernandes,1,1,1,0.0
Thial,1,9,1,0.0
Thibaud Michaud,1,818,261,134.2
Thick & Thin,1,92,10,0.02
Thief Shop Team,1,0,1,0.0
ThiefCat,1,2,0,0.0
"Thiemo Bolder, ONEMANGAMES",1,174,37,4.37
ThinMatrix,1,2731,218,14.37
Thing Trunk,1,9539,2413,7.85
Things For Humans,1,29,3,0.0
Thinice Games,1,12,0,0.0
Think Arcade,1,3234,176,0.0
Think Inside The Box,1,75,17,0.0
ThinkOfGames,5,1688,363,4.16
"ThinkOfGames, The Storytelling Studio",1,78,66,3.87
ThinkingStars,1,4839,1145,6.18
Third Impression,2,21,15,3.375
Third Wire Productions,1,66,54,1.38
"Thirdverse, Co., Ltd.",1,198,131,0.7
ThirtyThree,1,273,44,2.67
This Game Studio,1,179,68,15.78
Tholus Games,1,695,124,8.35
"Thomas Biskup, Jochen Terstiege, Krzysztof Dycha, Lucas Dieguez, Bastian von Gostomski, Carola Sochiera, Björn Loesing",1,245,246,7.35
"Thomas Biskup, Jochen Terstiege, Zeno Rogue, Krzysztof Dycha, Lucas Dieguez",1,1297,233,16.22
Thomas Bowker,1,7825,355,7.0
Thomas Chia,1,10,4,0.0
"Thomas Christof, Giovanni Rotondo, Thomas S.",1,18,65,0.0
Thomas Evenson,1,8,0,0.0
Thomas Happ Games LLC,1,5515,549,6.53
Thomas Höfer,1,5,0,0.0
Thomas JC Ironmonger,1,27,2,0.0
Thomas K. Young,1,233,15,0.0
Thomas Mackinnon,1,2955,175,0.82
Thomas Meduri,1,120,13,0.48
Thomas Moon Kang,1,6940,495,13.22
Thomas Murphy,1,0,2,0.0
Thomas Pettus,1,35,7,0.0
Thomas Watson,1,3,0,0.0
Thorium,1,8280,778,26.73
Thorium Games,1,4,3,0.0
Thorne Games,3,383,105,2.9899999999999998
Thorsten Schleinzer,1,53,20,1.97
"ThoughtSTEM, LLC",1,101,157,2.25
Thoughtshelter Games,1,81,29,1.27
Thousand Games,1,23,55,0.0
Threaks,3,972,309,1.5099999999999998
ThreatGEN,1,70,7,0.0
Three Bees,1,248,5,0.28
Three Dots,1,38,14,0.0
Three Eyed Games,1,18,0,0.0
Three Fields Entertainment,4,637,478,3.1925
Three Gates,2,82,215,0.935
Three Guys Game Studio,1,26,8,0.0
"Three Headed Eagle, Cateia Games, Goldfinch Studios",1,6,9,0.0
Three Phase Interactive Pty Ltd,1,42,15,33.23
Three Prong Productions,1,5,2,0.0
Three Rings Inc.,1,1742,727,9.05
Three Sea Rocks,1,14,0,0.0
Three-Sixty Pacific,1,1,0,0.0
Threebeak,1,7,1,0.0
Threevol,1,149,29,5.13
ThroneLab,3,40,45,0.02666666666666667
Through Tunnel,1,73,9,0.0
Throughline Games,1,1687,189,5.95
Throw the warped code out,1,88,44,1.62
Throwback Entertainment,1,40,19,4.07
Thunder Clap,1,59,18,0.0
Thunder Devs.,1,914,579,11.93
Thunder Lotus,3,54795,5020,9.163333333333332
Thunder Road Game Studios,1,4,1,0.0
ThunderLime,1,948,183,0.0
Thunderbox Entertainment,2,201,25,1.15
Thylacine Studios,5,3479,246,10.876000000000001
Théo Fazion dos Santos,1,13,1,0.0
Ti-Max & Mat,1,3,2,0.0
TiGames,1,5700,803,9.27
TiStar Game,2,10,5,0.0
Tiago Portella,1,5,1,0.0
Tianyu Cao,1,481,44,0.0
Tianyu Studio,1,44,30,2.63
Tibbers,1,9,17,0.0
Tibith,1,46,11,4.17
Tiburon,1,3856,3395,58.15
Tic Toc Games,1,236,33,2.08
TickTacTic,1,8,1,0.0
TickTock Games,3,1533,564,3.4166666666666665
Tie-1000,1,0,1,0.0
Tier 9 Game Studios,1,60,25,0.92
Tiesoft,1,0,8,0.0
Tiger Style,2,1153,149,1.085
"Tiger and Squid, Team17 Digital Ltd",1,1072,512,2.78
TigerQiuQiu,11,49,51,0.0
Tigerish Games,1,1278,257,0.58
Tiina Rahm,1,9,1,0.0
TikGames,1,59,31,0.23
Tilenauts,1,2,1,0.0
"Tilted Mill Entertainment, Inc.",4,1258,371,13.3775
Tilting Point,1,938,492,43.97
Tim Conkling,1,715,98,6.38
Tim Cornish,1,20,9,0.0
Tim Kashani,1,192,15,2.77
"Tim Kirkhope, Artavazd Manukyan",1,0,4,0.0
Tim Rachor,4,25,16,0.0
"Tim van Kan, Tom Raudys",1,181,58,2.63
Tim-Jannick Hopp,1,21,5,0.0
Timberline Studio,1,828,173,1.57
Timberwolf Studios,3,185,90,3.0733333333333337
Time Stealers Studio,1,18,8,0.0
Time To Kill,1,262,43,0.0
TimeGate Studios,4,1295,280,2.5675
TimeSink Inc.,1,39,2,0.0
TimeSymmetry,1,353,381,39.0
TimeWastingGames,1,62,44,0.0
Timedrop Studios,1,102,22,2.52
Timesink,1,16,5,0.0
Timeslip Softworks,1,241,53,0.4
"Timespace Studios, Mitchelson Brooks, Jonathan Rosato, Ana Beltran, Tony Cuni, Dylan Rodrigues, Christopher Couto, Dylan Burke, Mary Ellis, Luis-Miguel Gonzalez, Thi Tran, Dillon Williams, Ramsey Lee, Nicolas Kemball-Cook",1,10,3,0.0
Timewind LLC,1,38,16,3.13
Timofei Usikov,1,2,2,0.0
Timon Softa,1,4,1,0.0
Timothy Findling,1,22,6,0.0
"Timothy Ichiyasu, Joshua Rice",1,108,23,0.0
Timothy van der Hoeven,1,134,8,0.0
"Timushev Vladimir, Composer-Motorin Dmitry (Djinotan)",1,236,45,4.12
Timuz Games,1,3,6,0.0
Tin Can Studio,1,1015,183,2.28
Tin Man Games,9,1621,412,1.7377777777777779
"Tin Man Games, Zero One Studio",1,95,19,0.68
Tinarastic Game Studio,1,7,5,0.0
Tindalos Interactive,4,12126,5289,10.9425
"Tingly, LLC",1,4,1,0.0
Tinimations,1,87,38,7.02
Tinkertainment,1,50,11,0.42
"Tinkr, Inc.",1,16,38,0.0
Tinogames Inc.,1,3155,588,6.77
"Tiny Colossus, Ciro Continisio",1,29,4,2.03
Tiny Game Fort,1,19,49,3.68
Tiny Goblin Productions,1,12,1,0.0
Tiny Lab Productions,1,306,103,0.33
Tiny Lions,1,56,9,0.0
Tiny Mold,1,274,217,2.45
Tiny RTS,1,62,1,0.0
"Tiny Rebel Games, Seed Studio",1,42,32,10.55
Tiny Roach s.r.l.,1,5,0,0.0
Tiny Roar,1,544,103,0.0
Tiny Shiny Things,1,315,146,0.0
Tiny Titan Studios,1,75,34,0.0
Tiny Trinket Games,2,416,95,0.525
Tiny Utopia,1,4,3,0.0
Tiny Warrior Games,2,427,13,0.0
Tiny devbox,1,31,7,0.27
TinyAtomGames,1,54,15,4.78
TinyMob Games,1,38,21,0.0
Tinycorp,2,2,4,0.0
TipsWorks,1,895,380,14.95
TipsyDuck,1,27,19,0.0
Tired Turtle Games,1,24,2,0.0
Tisnart,2,63,18,2.2800000000000002
Titan Deep Space Company,1,0,1,0.0
Titan Forge Games,1,94368,25428,112.27
Titan Forged Games,1,14,10,3.98
Titanforged Entertainment,1,179,86,7.92
Titanomachy Studios,1,4,1,0.0
Titans,1,689,407,2.05
Titmouse,1,137,4,0.35
Titouan Millet,1,202,26,1.15
Titulum Enterprises Limited,1,2068,767,51.25
Titus Interactive,2,80,10,0.0
Tize Game Studio,1,9,9,0.0
Tkium,1,4,1,0.0
Tly,1,0,3,0.0
Tlön Industries,1,4163,1321,14.55
"Tlön Studios, Ilex Games",1,940,304,3.9
Tninja1337,1,6,1,0.0
Toadman Interactive,1,576,287,5.85
"Toadman Interactive, Artplant",1,11944,3237,18.0
"Toadman Interactive, Fatshark",1,513,143,4.72
Toast Interactive,1,499,121,4.42
ToastieLabs,3,9974,585,27.123333333333335
Toasty,1,97,22,0.0
Toasty Games,1,130,26,0.97
Toasty Leaf AB,1,390,372,2.57
Tobias Springer,3,13975,685,7.716666666666668
Toblue,1,1,0,0.0
Tobop Productions,1,10,6,0.0
TocadoVision,1,7,1,0.0
TocanaDev,1,16,13,0.0
ToccGames,1,1,0,0.0
Toco Games,1,189,48,1.08
ToddMakesGames,1,8,2,0.0
Toffee Games,1,1385,108,5.28
Tofubeef,1,5,2,0.0
Toge Productions,3,12380,1126,4.3933333333333335
Together Games,1,164,24,1.37
Toka Loka Games,1,24,7,0.0
Tokyo RPG Factory,3,1580,693,11.959999999999999
Tolga Ay,1,563,77,1.9
"Tom Brinton, Alex Morris, Nathan Thomson, Christian Walter",1,30,3,0.0
Tom De Roeck,1,19,127,0.58
Tom Johnson,1,419,115,0.9
Tom Kingston,1,55,23,0.0
Tom Kitchen,1,97,42,0.25
"Tom Mason, Tim Fowers",1,17,5,0.1
Tom Simpson,2,71,7,0.0
Tom Wagner - Dubya Studios,1,5,2,0.0
TomAda Games ltd,1,35,3,0.0
Tomary,1,200,44,0.0
Tomas Daugela,3,21,3,0.0
Tomas Gomez,1,7,2,0.0
"Tomas Gonzalez, Martin Pilaszek",1,20,17,5.25
Tomas Sala,1,367,111,1.75
Tomasz Wacławek,1,1667,723,3.4
Tomatenquark Team,1,36,10,0.0
Tomato Fantasy Games,1,173,36,2.18
Tomato Soup Games,1,27,7,0.0
Tomb Team,1,30,19,0.0
"Tombas Tomáš Basovnik, Martin Hoferek",1,89,28,0.25
"Tomi Maarela, Elias Viglione",1,2815,555,3.57
Tomimar,1,10,8,0.0
Tomkorp Computer Solutions Inc.,1,296,95,7.73
Tomlab Games,1,1325,43,59.7
Tommy Gun Walrus,1,3,4,0.0
TomoToro,1,47,8,0.0
Tomoaki Sugeno,1,1993,858,3.22
Tomorrow Arts,1,49,99,0.17
Tomorrow Corporation,3,18182,1062,5.24
Tomorrow Games,1,315,32,5.23
Tomoyuki Mizuma,1,2,0,0.0
TomyHorst,1,36,2,0.0
Tonee Ltd,1,1,1,0.0
Tonguç Bodur,15,3042,1541,1.7280000000000002
Toni Domínguez,1,111,34,0.0
"Tonia Sanzo, Charles Chiasson, Ethan Schwabe",1,49,8,0.0
Tony,1,8,11,0.0
Tony Chan,1,3,2,0.0
"Tony Chan, Hugo Fu",1,4,0,0.0
"Tony Muñoz, Dario Carnelutti",1,60,161,0.0
Tony Wang,1,8,3,0.0
Tonye Amienyo,1,4,1,0.0
Too Kind Studio,1,816,435,2.12
TooIzzi Games,2,23,5,0.0
Toolkitz Games,1,1,0,0.0
ToonTRAXX Studios,1,632,300,4.65
Toontraxx Studios,1,445,202,5.23
Top Hat Curios,1,4,2,0.0
Top Right Corner,1,55,9,0.6
"Top Right Corner, Yarvo Productions, Paper Crane Games",1,577,93,0.63
Top Shelf Studios,1,36,36,0.35
Top-Down Games,4,49,35,0.0
Top3Line s.r.o.,1,84,30,0.33
TopArcadeApps,2,71,46,2.645
TopCog,1,357,110,51.6
TopSkyGames,1,80,28,0.0
Topstitch Games,1,161,23,0.72
Topware Interactive,1,3949,714,5.07
Torch60,2,96,5,0.54
"TorchEntertainment, SimonCreative",1,118,31,3.28
Torched Hill,1,368,51,0.77
Torchlight Games,1,1,0,0.0
Torii-Games,1,3,22,0.0
TorksGame,1,3,0,0.0
Tormentor Games,1,1,2,0.0
Torn Banner Studios,2,54017,11428,6.415
Tornado Games,2,65,20,0.0
Torni Games,1,3,3,0.0
Torpor Games,1,8658,608,15.05
Torque Studios,1,5,20,0.0
Torreng Labs,1,107,17,0.0
Torrey Daniel,1,163,15,0.0
Torrunt,1,1252,179,10.18
Tort,4,312,140,4.0625
Tortishka,1,18,33,0.0
Torto Racoon,1,2,0,0.0
Tortuga Team,3,3235,767,9.01
Toruko Games,1,55,14,0.0
Torus Games,5,1079,348,6.659999999999999
"Torus Games, Pyro Studios",1,900,85,10.03
Toshihiko Kikuchi,1,38,32,0.0
Toster12D3,1,16,0,0.0
Total,1,43,8,0.0
Total ArKade Software,1,15,3,0.0
Total Eclipse,1,50,37,4.93
Total Eclipse P.C.,1,50,29,3.4
Total Mayhem Games,3,48311,7540,3.7133333333333334
Totally Games,3,1099,261,1.0833333333333333
Totally Normal Creature,1,223,21,1.17
TotallyNotReptillian,1,112,52,8.77
Totem Entertainment,1,138,50,2.5
Totem Games,11,148,137,0.3681818181818182
Totem Studio,1,35,18,3.9
Totem games,1,11,22,0.27
Toto World Games,1,23,2,0.0
Touch Dimensions Interactive,1,202,33,13.32
Touch Times Studio,1,187,95,26.4
Toukana Interactive,1,26639,958,9.27
Tourism Infinity,1,10,7,0.0
Touwaku Studio,1,93,32,0.75
Touz,1,351,586,2.43
Tower Games,2,701,192,5.515
Tower Up Studios,3,277,79,1.0933333333333333
Toxic Dog,2,29204,7220,7.6
Toxic Games,2,2941,583,3.085
Toxic Studio,1,76,32,0.0
Toy Box Lab,1,26,21,0.0
Toy Soldier Studios,1,96,115,0.72
Toydea Inc.,1,127,46,3.22
"Toydea, Degica",1,51,43,0.0
Toyman,1,8,2,0.0
Toyman Interactive,1,51,5,8.58
"Toyman Interactive, Alawar Entertainment",1,59,15,7.38
"Toyman, Creobit",1,46,8,0.37
Toys for Bob,1,123,31,6.07
"Toys for Bob, Iron Galaxy Studios",1,19266,1240,10.62
"Tozai Games, Inc., ESQUADRA,inc.",1,260,38,0.47
"Tozai Games, Inc., O-TWO inc.",1,70,10,3.77
"Tozai Games, Inc., O-TWO inc., ESQUADRA,inc.",1,134,31,23.97
TposeSoftware,1,9,1,0.0
Tradosoft,1,2,1,0.0
"Tradosoft, Michiel Pater",1,3,0,0.0
Tragnarion Studios,1,372,207,4.75
Trailblazer Games,1,8,11,0.0
Trainwreck Studios,1,135,22,3.75
TrampolineTales,1,9928,702,14.05
Transcendent Games,1,189,51,3.07
Transhuman Design,2,4749,868,2.6399999999999997
"Transhuman Design, Soldat Team",1,1640,94,1.27
"Transitional Forms, National Film Board of Canada",1,13,9,0.0
Transmind,1,25,9,0.0
Transolar Games,1,470,38,0.48
"Trapdoor Games, Hot Cross Games",1,114,11,2.72
Trapdoor Inc.,1,271,127,1.48
Trapped in Despair,1,8,17,0.0
Traptics,1,103,61,4.6
"Trashmasters, Zoom Platform",1,2389,2907,2.95
Trauma,1,75,59,3.75
Trav Nash,1,257,46,1.13
Traveller's Tales,10,100946,7562,11.041
"Traveller's Tales, Feral Interactive (Mac)",1,7895,1882,6.37
"Traveller's Tales, TT Games",1,6151,1028,33.82
"Traveller's Tales, TT Games, Feral Interactive (Mac)",2,12556,2014,15.34
Travian Games GmbH,1,96,64,0.45
"Travis Forkner, Will Nations, Hailee Ammons",1,45,9,0.18
Traxmaster Software,1,50,2,0.0
Treadsoft,1,8,4,0.0
Trebuchet Entertainment LLC,1,435,42,1.45
Trederia,1,7,2,0.0
Tree Branch Games,1,72,17,0.0
Tree Men Games,1,141,45,3.92
TreeFall Studios L.L.C.,1,4,1,0.0
TreeFortress Games,2,1735,221,5.3500000000000005
Treehouse,1,13,10,0.0
Trent Kaniuga,1,101,42,0.0
Treplacon Studio,1,35,10,0.0
Trese Brothers,4,4200,730,7.680000000000001
"Trevor Alex, Nianqiu Cao, Mingxi Zou, Gaopeng Chen, Huang Dun, Jieyi Na, Jingyi Li, Jingyi Zhang, Qingqi Gao, Xingnan Chen, Xiubo Zhao, 99 Game Studio",1,15,1,0.0
"Trevor Jones, Trevor Jones",1,67,71,1.67
Trevor Kellogg,1,48,2,0.0
"Trey Sherman, Jonathan Hall, Dean Cruz, Zachary ZumTobel, David Burns",1,14,3,0.0
Treyarch,3,123758,14033,23.459999999999997
"Treyarch, Aspyr (Mac)",1,181306,33720,73.58
TriBit Studio,1,3,1,0.0
TriScale,1,28,0,0.0
Triadne,2,11,4,0.0
"Trialis Studios, Ruken Games",1,2,0,0.0
Triangle Studios,2,689,196,3.3550000000000004
Triangle!,1,420,125,1.32
Tribal Dreams,1,2,2,0.0
Triband,1,4007,271,5.42
Tribe Games,1,32,5,0.0
Tribe Studios,1,1064,704,1.17
"Tribe Tea, Stas Shostak, Evgeniy Yudin, Alexzander Protasenya, Ruslan Viter",1,324,103,4.53
Tribetoy,1,55,8,1.58
Tribus Games Indie,1,11,0,0.0
Tribute Games Inc.,6,3618,1465,4.448333333333333
Trichotomy,1,720,67,8.88
Trick27 Studios Limited,1,79,43,0.0
TrickeySoft LLC,1,277,65,0.0
Trickjump Games,1,711,267,4.17
Trickjump Games Ltd,1,947,705,7.9
Trickstar Games,1,141,256,4.58
Trickster Arts,2,464,112,1.25
Trickster Face,1,38,46,0.0
Trickster Games,1,47,18,0.0
Tricktale,1,368,130,3.42
"Tricol Co., Ltd.",1,183,39,0.8
Triconn Games,1,229,19,0.27
Trident Game Studio,3,178,165,1.5999999999999999
Triger Mountain,1,36,9,0.0
Trigger Happy Interactive,1,6161,325,5.58
Triggered Studios,1,28,4,0.0
Trilix34,1,1,2,0.0
Trilobyte Games,2,431,298,7.914999999999999
Trilum Studios,1,2503,167,0.0
Trimatra Interactive,1,35,31,0.0
"Trine Studios, G3 Community Patch Team, Mad Vulture Games",1,616,623,7.07
Trinity Project,3,7,19,0.0
Trinity Team,2,3363,434,1.95
TrinityBJ,1,398,186,5.95
Trinket Studios,1,2506,119,5.2
Trion Worlds,3,15203,5004,14.076666666666668
Triority Interactive Novels,7,93,36,0.0
Triple Eh? Ltd,1,83,33,4.45
Triple Rush Games,1,9,10,4.05
Triple Topping,1,57,4,0.0
Triple Tree Studio,1,24,6,0.0
Triple-I Games,1,17,8,0.0
Triple-S,1,172,55,1.15
Triple.B.Titles,2,1444,387,3.395
TripleBrick,1,66,50,1.5
TripleSky,1,18,15,0.0
Triplot Studio,1,82,28,0.0
Trippin Bears,1,164,40,7.62
Tripwire Interactive,6,228260,24624,24.506666666666664
"Tripwire Interactive, Anti Matter Games",1,106,1,0.0
TrisPix Studio,1,51,29,4.58
Triseum,1,11,7,0.0
Triskell Interactive,1,810,376,5.82
Tristan Begin Games,1,33,2,0.0
"Tristan Begin, Caleb Klomparens",1,21,14,0.57
TristanDeanGames,1,8,4,0.0
Trite Games,1,74,31,0.07
Triternion,1,90102,22098,64.03
Triumph Studios,8,29096,5204,11.2225
Triverske,2,851,238,5.83
"Triverske, Mirror Queen",1,77,15,0.0
Triyo,1,4,3,0.0
Troglobytes Games,2,565,92,0.99
Troika Games,2,14750,922,6.85
TrolleyBuzz LLC,1,3,0,0.0
Trophy Games,2,535,174,6.735
Trophy Games ApS,2,319,115,101.49000000000001
Troy Parlee,1,1,2,0.0
TroyHolman,1,5481,891,0.0
"Truant Pixel, LLC",1,118,13,0.0
True Legacy Games,1,1,0,0.0
True Seria,1,23,26,0.0
TrueThought,1,425,7,15.93
Trumbus,1,956,251,0.0
Trunka,1,170,39,1.55
Try This At Home,1,9,12,0.0
TrymenT,1,597,62,7.38
Tryzna83,1,56,23,16.38
Träumendes Mädchen,2,664,186,1.07
Tsukinowa App.,2,12,14,0.0
Tsvetomir Georgiev,1,190,33,0.0
Tuatara Games,1,1102,195,1.73
Tubby Turtle Studios,1,52,5,0.0
TubbyKiD UG (haftungsbeschränkt),1,50,60,1.43
Tuckfard Games,1,37,12,0.0
Tudou Game,1,9,3,0.0
Tudou Games,3,16,9,0.0
Tuesday Quest,2,66,33,0.0
Tuesday Society,1,302,32,4.18
Tuga Studios,2,2,4,0.0
Tukata Mayakon,1,9,0,0.0
Tumico Studio,1,5,3,0.0
Tunaic Games,1,57,10,0.0
"Tunermaxx Media GmbH, Muikkumedia Oy",1,96,7,0.07
Tungsten Games,1,91,41,0.2
Tuning Mania,1,31,21,0.0
Tunnel Vision Games,1,2505,235,2.12
Tunnel Vision Studio,1,773,384,3.87
Tuomo Laine,6,279,129,0.5366666666666667
Tupã Games,1,557,198,5.35
Tuque Games,2,2991,2558,8.615
Turbo Button,2,225,62,0.135
Turbo Chimp,1,96,14,0.0
Turbo Pixel Studios,1,1315,237,25.2
Turbo Tape Games,1,24,6,0.0
Turbowizard Studios,1,15,2,0.0
Turbulon Interactive,1,8,17,4.2
Turcan Research Systems,1,5,1,0.0
"Turcan Research Systems, PSS",1,2,1,0.0
Turmoil Games,1,460,107,1.03
Turnfollow,1,264,13,0.0
Turning Wheel LLC,1,9725,786,14.0
Turnopia,3,387,76,8.706666666666667
Turquoise Revival Games,5,1194,414,1.3059999999999998
Turtle Cream,1,143,54,2.67
"Turtle Cream, PokPoong Games",1,452,44,1.78
Turtle Juice,1,234,158,0.7
Turtle Rock Studios,2,80677,36126,19.795
TurtleBlaze,1,446,116,2.23
TushaWorks,1,18,13,0.0
Tuxedo Labs,1,104653,4809,31.93
Tvee Games,1,2,2,0.0
Tvr Games,1,252,200,0.0
Twelve Games,2,27,46,0.01
Twelve Tiles,1,29,1,0.0
Twenty Dolz Production,1,0,4,0.0
Twerk Games®,1,4038,951,2.98
Twice Circled,2,4667,590,12.184999999999999
"Twilight -日月之境-, 觀象草圖 Astrolabe Draft",1,389,2,5.62
Twilight Sonata Studio,4,2700,918,1.8325
"Twin Hearts, Secret Level Studios",1,1090,423,8.02
"Twin Petes, Fuchs+Dachs",1,359,73,1.35
Twin Sails Interactive,1,415,249,4.48
"Twin Sails Interactive, Playsoft",1,640,201,5.8
Twin Stone Studio,1,13,6,0.0
Twin Sword Studio,1,67,34,0.0
TwinDrills,1,200,98,2.43
"Twinbeard, Inc.",1,2454,132,2.25
Twintertainment,1,3,2,0.0
Twirlbound,1,1326,472,4.72
Twisted II Studio,1,1121,210,0.0
Twisted Jenius,1,33,27,3.93
Twisted Pixel Games,3,834,190,0.9133333333333334
Twistplay,1,32,24,6.43
Two Clusters,1,7,8,0.0
Two Desperados,2,117,57,0.96
Two Inc,1,127,41,0.0
Two Mammoths,1,242,17,4.1
Two More Games,1,80,26,3.92
Two Point Studios,1,30563,2711,27.37
Two Scoop Studio,1,7,0,0.0
Two Star Games,3,4261,424,1.83
Two Taters,1,17,5,0.0
Two Tiny Dice,1,552,91,6.32
Two Tribes,5,6730,877,4.362
Two and a Half Studios,2,502,39,0.0
"Two-Eyed Cyclops Games SRL, Alexandru Nae, Alexandru Nechita",1,5,0,0.0
TwoWizards,1,1383,213,139.15
Tx 工作室,1,9,2,0.0
Ty Kennington,1,2,0,0.0
"Ty Taylor, Spotted Zebra, Justin Nafziger, Vega Castañeda",1,1427,443,7.82
"Ty Taylor, Vega Castañeda",1,3747,557,2.68
Tydecon Games,2,11,8,0.01
Tyler Borg,1,2,0,0.0
"Tyler Devine, Luis Schmitz, Matt Schostek",1,11,19,0.0
Tyler Hamilton,1,1,0,0.0
Tyler Hurd,1,134,9,0.6
Tyler M Richardson,1,12,0,0.0
"Tyler Myers, Justin Wolf",1,103,34,0.0
"Tyler Paulley, Devin Rataiczak",1,2,0,0.0
"Tyler Rogers, David Colson",1,87,59,0.8
Tyler Stansfield Jaggers,1,22,8,0.0
Tyluk,1,2,8,0.0
Tymon Zgainski,1,173,100,0.65
Typhoon,1,5422,795,5.13
Tyrone Anderson,1,12,2,0.0
Tzahi Games,1,1,0,0.0
Tzar Leonardi,1,151,24,1.28
U-Play Online,1,107,96,5.67
U-ROOM,1,223,121,4.3
U-Secret Studio,1,2206,1193,2.42
U.S. Army,2,10369,3042,46.62
U24 Solutions,1,40,4,1.63
U7 committee,1,321,15,9.03
UA Games,1,5,9,0.0
UAA Software,1,41,6,0.0
UAB Detis,1,410,113,0.0
UD,1,36,109,0.3
"UDX Interactive Inc., Game Pill Inc.",1,44,13,0.0
"UG Virtual Reality Technology Co.,Ltd.",1,2,1,0.0
UKZ Arts,1,18,13,0.0
ULTRA ULTRA,1,1323,389,3.58
UMEO Studios,2,4929,1770,15.05
UMURO,1,73,14,0.0
UNBALANCE Corporation,1,3,1,0.0
UNDEAD,1,30,57,4.58
"UNDEFEATED Games, Indie-us Games",1,6046,867,0.0
UNGame Productor,2,4,3,0.0
UNICORE Games Studio,2,38,30,0.0
UNIOCS,2,187,83,0.9650000000000001
UNITED COMMAND ®,1,5,3,0.0
"UNKNOWN GAMES, M2 Co.,LTD",2,412,58,5.19
UPLAY Basketball,1,190,30,12.25
UPLAY Online,4,14042,4391,11.42
UPandQ,2,85,42,0.0
URDevTeam,1,6,27,0.0
URSE Games,4,534,171,4.685
URUS GAMES,1,83,27,4.0
"USERJOY Technology Co.,Ltd.",14,15129,7929,14.93642857142857
UTW Team,1,18,32,0.0
Uber Entertainment,1,934,250,9.32
Uberbax Gaming,1,8,5,0.0
Ubisoft,15,203659,48475,12.239333333333333
Ubisoft  Shanghaï,2,2663,1067,4.975
Ubisoft - San Francisco,2,1377,410,7.53
"Ubisoft - San Francisco, Ubisoft - Osaka",1,21217,2633,68.17
"Ubisoft Annecy, Ubisoft Montpellier, Ubisoft Kiev",1,25437,5447,10.22
Ubisoft Blue Byte,3,1713,614,15.356666666666667
"Ubisoft Bulgaria, Ubisoft Montpellier",1,1442,274,1.83
Ubisoft Entertainment,2,44876,19226,9.32
Ubisoft Mainz,2,22852,5287,36.765
Ubisoft Montpellier,5,43589,3931,8.209999999999999
Ubisoft Montreal,20,1497610,281701,24.75
"Ubisoft Montreal, Massive Entertainment, and Ubisoft Shanghai",1,101914,12105,24.5
"Ubisoft Montreal, Red Storm, Shanghai, Toronto, Kiev",1,51618,9649,28.85
"Ubisoft Montreal, Red Storm, Ubisoft Shanghai, Ubisoft Toronto, Ubisoft Kiev",1,140377,33100,38.25
"Ubisoft Montreal, Ubisoft Kiev, Ubisoft Shanghai",1,24362,7819,20.95
"Ubisoft Montreal, Ubisoft Quebec, Ubisoft Toronto, Blue Byte",1,104468,45788,48.12
Ubisoft Montréal,1,12122,1098,4.88
Ubisoft Paris Studio,1,2107,250,7.97
"Ubisoft Paris, Red Storm Entertainment",1,3912,1702,11.75
"Ubisoft Paris, Ubisoft Annecy, Ubisoft Bucharest, Ubisoft Montpellier, Ubisoft Milan, Reflections, Ubisoft Belgrade",1,77138,19439,46.72
"Ubisoft Paris, Ubisoft Pune",1,1601,418,8.53
Ubisoft Pune,1,6919,9432,7.88
"Ubisoft Quebec, Ubisoft Montreal, Ubisoft Bucharest, Ubisoft Singapore, Ubisoft Montpellier, Ubisoft Kiev, Ubisoft Shanghai",1,153091,19102,72.2
"Ubisoft Quebec, in collaboration with Ubisoft Annecy, Bucharest, Kiev, Montreal, Montpellier, Shanghai, Singapore, Sofia, Toronto studios",1,23779,5900,23.98
Ubisoft Reflections,1,1221,138,6.23
Ubisoft Romania,3,2077,1756,5.016666666666667
Ubisoft San Francisco,1,24764,4520,18.55
Ubisoft Sofia,1,1596,1374,6.5
"Ubisoft Sofia, Ubisoft Kiev",1,15451,2611,17.78
Ubisoft Toronto,2,16094,4087,11.275
"Ugly Beard Games, LLC",2,72,19,0.9550000000000001
Ugly Duckling Games,1,3,0,0.0
UglyBaby Games,1,6,1,0.0
"Uki Uki Lab, Concrete Games",2,231,24,1.4649999999999999
Ukioq,1,7,0,0.0
"Ukuza, Inc.",1,80,47,0.0
Ulbe,1,977,70,0.0
Ulon,1,45,6,0.0
Ultaan Games,1,16,3,0.0
Ultima Games,2,110,168,2.775
UltimaCJ Productions,1,4,1,0.0
UltimaMaxima,1,20,2,0.0
Ultimate Walrus,1,7,1,0.0
Ultimo Games,2,313,13,0.0
Ultra Runaway Games,1,502,132,2.48
"UltraShock Gaming LLC, Killbox Graphics",1,68,72,3.43
Ultrabit,1,205,156,0.98
Ultravision Interactive,1,157,79,3.03
Ulysses Games,1,67,49,6.0
Umbriel Studio,1,0,5,0.0
Umbu Games,1,68,28,2.88
Umix Studios,2,69,101,0.0
"Umix Studios, Cyanide Studio",1,23,39,0.0
Umnyasha Games,2,28,29,0.0
Umut Ay(00iblis00),1,7,6,0.0
Un Pas Fragile Team,1,176,16,0.0
UnChild Games,1,3,8,0.0
UnamedPixel,1,2,5,0.0
Unbossed Games,1,32,6,0.0
Unbound Creations,4,1716,413,2.7199999999999998
Unboxed Games LLC,1,4,4,0.0
Uncaged Studios,1,33,48,0.0
Uncasual Games,1,1243,710,21.73
Uncle Frost Team,2,127,63,2.0
Uncle Wang,1,2,0,0.0
Uncorporeal Systems,2,46,22,0.0
Undaunted Games,1,5991,3711,5.13
Undead Labs,3,76929,15638,22.013333333333332
Undead Yeti Software,1,9,37,0.15
Under Three,1,14,8,0.0
Underbite Games,2,313,98,3.685
Undercoders,1,71,7,7.58
Underdog Games,1,1102,149,0.53
"Underdog Interactive, Squadron Interactive, DreamInCode B.V.",1,132,457,2.93
Underflow Studios,1,69,24,0.0
Undermax Games,1,30,28,0.17
Underway Gaming Studio,1,1,0,0.0
UnexEvo,2,76,138,0.8
Unexpected,2,1874,619,4.835
Unfinished Games,1,35,22,0.0
Unfinished Pixel,5,579,110,1.9100000000000001
Unfold Games,1,3770,241,2.23
Unfrozen,1,6694,1116,10.37
Unhinged LLC,1,6,3,0.0
Unibear Studio,1,4,0,0.0
Unico Game Studio,1,16,1,0.0
Unicorn Games Studio,3,212,187,2.3933333333333335
Unicube,1,958,1119,31.82
"Unicube, Team 17 Digital Ltd",1,4972,1120,14.88
Uniday Studio,1,18,4,0.0
UnieWare,1,2,1,0.0
Unigine Corp.,1,293,217,1.28
Unikgame,1,17,1,0.0
Unique Development Studios AB,1,204,32,0.4
Unique Media,1,1109,192,1.32
Unison Shift: Blossom,2,94,6,0.01
Unit Zero Studio,1,56,17,0.0
"United Digital Group GmbH, Nerdindustries GmbH",1,20,11,0.0
United Front Games,1,16134,950,18.83
"United Front Games, Feral Interactive (Mac)",1,64644,4385,15.88
United Independent Entertainment,16,356,1043,0.159375
United Independent Entertainment GmbH,1,27,111,0.22
"United Independent Entertainment GmbH, Crafty Studios",1,135,52,5.72
"United Independent Entertainment, Crafty Studios",1,239,203,3.15
UnitedIndie,1,41,15,1.88
Unity Council Studios LLC,1,3,0,0.0
Universal Everything,1,82,15,0.0
Universe,1,2,25,0.0
Universe Zero,1,11,1,0.0
University of Cambridge Engineering Department,1,99,7,0.0
University of Texas at Austin SAGA Lab,1,18,4,0.0
Uniworlds Game Studios,1,94,63,5.68
Unknown Indie Devs,1,12,35,1.68
Unknown Origin Games Inc,1,818,136,1.67
Unknown Studio,1,8,2,0.0
Unknown Team,1,2,2,0.0
Unknown Worlds Entertainment,4,403566,20278,25.205
Unknown sol3 worker,1,90,2,0.0
Unlimina Software,1,409,75,0.0
Unlimited Fly Games,2,685,121,6.9
"Unlimited_Deer_, ASSM",1,2,0,0.0
Unlok,1,1124,181,3.9
Unorganized Games,1,29,19,0.0
Unorthodox Studio,1,211,74,9.45
Unosquare,1,17,10,0.0
"Unphysical Machinery, Demir Leylek",1,4,12,0.0
Unreal Software,1,8950,987,6.95
Unseen Interactive,1,173,42,0.98
"Unsin Studio, EJRGames",1,0,4,0.0
Unstoppable Pug Studio,1,8,5,0.0
Untame,1,570,106,4.38
Unterrainer Informatik OG,1,32,11,0.0
Untitled Studio,1,10464,868,10.43
Ununennium Games,1,2,0,0.0
Unusual Meaning,1,32,10,0.0
Unusualsoft,4,9538,1833,7.1
Unwonted Studios,3,1714,488,5.533333333333334
Up Multimedia,2,127,49,2.06
Up Your Arcade Team,1,19,4,0.0
UpRoom Games,1,14,3,0.0
Upper Byte,1,73,63,1.75
"Upper One Games, E-Line Media",1,6833,1626,3.37
Uppercut Games Pty Ltd,3,4370,1352,2.483333333333333
Uprising Studios,1,238,66,11.6
UpsilonGames,1,253,6,0.0
Upstream Arcade,3,2250,645,3.9633333333333334
Upturn Games,2,646,151,9.285
Urban Games,3,36145,5706,58.89666666666667
Urban Giraffe Games Inc.,1,593,139,5.6
Urban Goose Games,1,88,9,0.0
"Urban Weaponry, Will Lingard",1,81,30,0.0
Urban Wolf Games Inc.,1,2181,695,16.82
Urban ghosts,1,7,8,0.13
Urbanscan,2,13,12,0.0
Uri Games,4,1691,167,1.5825
"Uridium, Scott A. Cooke",1,75,13,0.0
Urnique Studio,1,2277,141,2.78
UroboroStudio,1,12,8,0.0
Urodela Games,1,3,2,0.0
Urse Games,1,15,15,0.0
Uruca Game Studio,2,84,28,1.065
"Urvogel Games, LLC",1,1064,689,2.33
Useless Machines,1,51,49,4.4
Usurpator AB,1,1726,199,5.57
Utopia Dream Entertainment Alliance (Pty) Ltd - South Africa,1,95,86,0.85
Utopian World of Sandwiches,1,391,170,4.13
Uu,1,510,66,3.07
Uuvana Studios,1,4789,2202,21.28
Uvarov Andrei,1,10,3,0.0
UziGames,1,12,2,0.0
V. Chuvilin,2,23,12,0.0
V. N.,1,3,0,0.0
V1 Interactive,1,360,346,3.82
"V34D4R, Egor Magurin",1,9,24,0.02
"V34D4R, YELTYSH",1,26,21,0.0
V5 Play,1,25,44,1.78
V7 Entertainment Inc.,1,175,84,0.18
VALOFE,4,25707,19630,23.0425
"VALOFE, NEXON",3,3513,2353,54.89000000000001
"VALOFE, NS STUDIO",1,62042,19672,37.3
"VALOFE, Webzen",1,1006,403,34.13
VAR LIVE International Ltd,1,23,11,0.0
VARSAV Game Studios,2,1082,427,0.65
VArtStyleGames,1,2,0,0.0
VD Games,1,39,20,0.0
VDApps,1,6,1,0.0
VDO Games,3,686,178,1.4766666666666666
VDimension,1,5808,257,3.93
VECTORINTERACTIVE STUDIOS PRIVATE LIMITED,1,3,3,0.0
VEWO Interactive Inc.,2,4445,473,9.219999999999999
VGstudio,6,1351,582,4.845
VHornet Games,2,14,4,0.0
VI GAMES LLC,3,66,163,4.166666666666667
VICO Game Studio,2,158,46,1.79
VINE,1,150,70,2.98
"VINE, Yacht Club Games",1,460,45,2.35
VIRTUAL REALITY LABORATORY DV,1,10,1,0.0
VIS - Visual Imagination Software,1,360,227,2.07
VIS Interactive,1,58,65,0.3
VIS-Games,12,2045,1357,1.105
VISR,1,17,11,0.13
VITALII HOLIEV,1,12,1,0.0
VKGame,1,106,55,0.0
VLADIMIR GUSSAKOV,1,81,26,0.0
VM Gaming,1,72,79,1.4
VM Gaming ltd.,1,88,53,0.0
VM World Studio,1,81,81,0.72
VN House,1,12,6,0.0
VOID Interactive,1,210654,25542,23.93
VOIGON,1,63,9,0.0
VOLTECH,1,14,4,0.0
VOS Gaming,1,29,98,0.35
VR Designs,6,1887,274,8.32
VR Factory,1,101,69,1.58
VR Features,1,26,6,6.53
VR Nerds,1,265,29,0.2
VR RPG INC.,1,15,1,0.0
VR Triber,1,11,16,0.0
VR-CONNECTED,1,60,26,0.0
VR-HERE LTD,1,1,0,0.0
VRANI inc.,1,12,0,0.0
VRChat Inc.,1,181623,58732,101.93
VREAL INC,1,25,10,0.0
VRESKI,1,1243,428,1.28
VRIDGE INC.,1,8,2,0.0
VRKiwi,3,422,115,2.7466666666666666
VRMonkey,2,35,24,0.535
"VRROOM, ART OF DANCE",1,24,9,0.0
VRSoft.Co.Ltd,1,2,0,0.0
VRT,1,14,17,0.0
VRWERX,1,544,222,1.7
VRX,2,90,17,0.0
VRillAR,1,43,7,0.0
VRisch,1,41,21,0.0
VRobot,2,25,4,0.0
VRotein,1,44,16,0.0
VS Entertaiment,1,1,2,0.0
VS Resolution,6,187,111,0.0
VStep,1,1150,1112,9.52
VTree LLC,1,2,0,0.0
VVAI社,1,33,10,0.0
VaNyuHa,2,105,73,2.925
Vacation Game Studio,1,16,0,0.0
Vaclav Hudec,1,4195,790,0.93
Vadd Games,1,36,20,0.0
Vadd games,2,85,37,0.0
Vadim Silver,2,12,9,0.0
Vadim Slyusarev,1,476,83,0.0
Vadjra,1,8,4,0.0
Vae Victis Games,1,677,656,3.23
Vagabond,1,46,1,0.0
Vagabond Dog,3,1879,637,2.733333333333333
VagoGames,1,38,1,0.0
Vais,1,5,6,0.0
"Vaka Game Magazine, ImCyan",2,427,166,2.71
"Vaka Game Magazine, Makoto Sanada",2,5104,300,4.7
Valentin Supiot,1,140,71,0.0
Valera Entertainment,2,1086,216,2.71
Valga Games Studio,1,80,168,0.05
Valhalla Cats,1,1373,283,2.7
"Valhalla Universe, Inc.",1,12,26,0.3
"Valkeala Software, Tero Lunkka, Blackthug",1,19,20,0.0
Valko Game Studios,1,13842,2416,7.88
Valkyria Games,7,151,64,0.7114285714285715
Valkyrie,1,8,41,0.0
"Valkyrie Entertainment, LLC",1,4993,1679,42.93
Vallynne,1,86,34,1.7
Valorware,2,156,33,0.315
Valravn Games,1,212,39,4.03
Valsar,2,2800,183,47.475
ValuSoft,1,2,22,0.65
Valut,1,14,10,0.0
Valve,27,11476896,1400481,61.944074074074074
"Valve, NEXON",1,28373,14329,19.37
Valynx Studio,1,56,23,0.13
Valyutechnik,1,3,1,0.0
VanGame,1,130,30,14.15
Vanadial,1,24,14,0.0
Vanguard Games,2,611,103,2.815
"Vanguard Games, 343 Industries",1,3675,1012,3.03
Vanimals,2,1681,424,8.205
Vankrupt Games,1,35512,4160,16.53
Vanl,1,93,15,0.0
Vantan Game Academy,4,75,26,0.1
Vanwong,1,59,55,0.0
Vany,1,1,11,0.0
VaragtP,5,7531,1455,5.144
Varia Games,1,8,6,0.0
Variable State,2,2347,1238,5.574999999999999
VarnGameDev,1,118,20,0.0
Varoi games,1,84,23,0.0
Varstep Studios,1,132,64,0.0
Vashta Entertainment,1,79,8,0.2
Vasiliy Kotik,1,6,2,0.0
"Vasily Voronkov, Ryan Joseph, Peter Kosyh",1,202,42,0.25
Vasona Studios,1,26,1,0.0
Vaulted Sky Games,1,5712,1727,5.75
"Vblank Entertainment, Inc.",2,2602,348,2.795
VeaTryzLon-ZeGod,1,52,14,0.0
VecFour Digital,1,854,656,2.95
Vectmatica,1,53,5,0.0
Vector Game,1,38,4,0.0
Vector Games,1,31,109,0.72
Vector Hat,2,61,20,0.01
Vector Interactive,1,1018,122,1.63
Vector Unit,3,1422,148,5.5633333333333335
Vector bundle,1,103,211,0.4
VectorStorm Pty Ltd,1,2466,395,5.47
Vectorpark,2,1136,100,0.275
Vectura Games,1,19,13,0.0
Vedanta Team,2,41,27,0.0
Veelhoek Studios,1,266,102,6.53
Veewo Games,2,20145,3222,12.225
Velan Studios,1,7196,1224,9.17
Velaris Studio,1,1,0,0.0
Velikan,1,27,9,0.0
Vellescian Games,1,13,2,0.0
Venalith,1,22,10,0.0
Vencious Games,2,452,129,3.39
Venezem,1,8,5,0.0
"Venineth Team, mort-art",1,201,41,0.03
Vennril,1,49,25,2.57
Venture Moon Industries,1,193,33,1.32
Venturous,1,139,24,0.0
Ventus Games,1,9,2,0.0
Verbal Chambers,2,184,33,0.0
"Vercidium, Rocket Skeleton",1,2680,586,0.0
Verde,2,137,32,15.415
Verediana Games,1,16,0,0.0
Vergiu,1,37,4,0.0
Verily Fine,1,8,0,0.0
Verlumino Studios LLC,1,1829,79,6.43
Vermillion Digital,1,3386,483,16.23
Vernacular Games,1,17,8,4.18
Vernon E. Slayton III,1,1,2,0.0
Verran,1,5,0,0.0
Verrua Giuseppe,1,10,3,0.0
Verterial Flur,4,788,304,97.475
"Vertex Games, S.C.",1,31,24,2.57
Vertex Pop,1,27,0,0.0
Vertical Reach,1,60,10,0.0
Vertical Robot,1,1001,107,2.47
Vertical Skull Games,1,172,43,8.18
Vertices Software,1,486,94,33.22
Vertigo Games,5,3227,1341,3.158
Vertigo Games America,1,1640,1387,10.83
"Vertigo Games, Jaywalkers Interactive",1,7354,1911,4.48
"Vertigo Games, Wolfdog Interactive",1,208,57,5.88
Vertigo Gaming Inc.,7,10043,878,4.075714285714286
Verto Studio LLC,1,1,0,0.0
Very Simple Idea Studios,1,90,87,8.12
Very Very LITTLE Studio,2,979,49,1.095
Vesite,1,2,0,0.0
Veslo Games,2,196,44,0.47
Vestaria Project,1,831,141,12.35
Vethergen,1,409,143,15.8
Vexan Studio,1,215,118,147.25
Veyeral Games,1,1645,13,10.33
Veysel Çınar,1,83,41,0.0
ViART Games,1,23,2,0.0
ViJuDa,1,298,38,16.87
ViRmode,1,0,1,0.0
ViVa Games,1,367,67,0.0
ViWo Games,1,85,46,0.0
Viacom NEXT,1,47,6,0.15
"Viacom NEXT, Viacom, Isobar",1,26,2,0.0
Vibrant Core,1,57,16,0.0
"Vicarious Visions, Iron Galaxy Studios",1,16702,1332,9.02
Vice Age,1,4,4,0.0
Vicente Rosell Roig,2,140,41,0.0
Vicious Cycle Software,1,62,32,0.0
"Vicious Cycle Software, Inc.",1,964,137,9.65
Victim Cache,1,1,1,0.0
Victor Corradi,3,32,80,1.6733333333333331
Victor Frankenstein,1,3,4,0.0
Victor Game Studio,1,103,37,0.0
Victor Games,1,3,2,0.0
Victor Gheno de Souza,1,9,0,0.0
"Victor Solodilov, Denis Novikov",1,2376,246,2.3
Victorian Clambake,2,481,30,3.775
Victory Lap Games,1,522,390,0.0
Vidak Mijanovic,1,3,0,0.0
Vidama Software LLC,1,104,5,0.0
Vidas Salavejus,5,398,208,1.8039999999999998
Videocult,1,39787,2490,13.52
Videojuegos Fermín,2,81,15,2.26
Vidmancer,1,14,2,0.0
ViewApp,1,1515,476,74.67
Vifth Floor,1,247,93,4.32
Vigil Games,1,11074,1328,7.48
Vigilant Addiction Studios,1,343,227,3.83
Viistopro,1,6,3,0.0
Vijuda,1,24,4,0.0
VikTor,8,201,263,0.0
Viking Game Studio,1,2867,267,57.6
Viking Group Inc.,1,14,2,0.0
Viking Tao,1,531,225,1.0
VikingVRStudio,1,228,47,1.78
Vikintor,2,484,33,0.24
Vikong,1,11,11,0.0
Vile Monarch,6,9004,1268,7.735
Villa Gorilla,1,4640,184,4.02
Villain Role,1,35,16,0.0
Villainous  Games,1,692,42,2.88
Villainous Games Studio,1,26,12,0.0
"Ville Helin, Jyri Luukkonen",1,10,0,0.0
"Ville Mönkkönen, Anne Mönkkönen",1,245,29,3.6
"Ville Mönkkönen, Michael Quigley",1,68,4,7.08
Vimes Entertainment,2,87,18,0.275
VinLia Games,1,92,13,1.95
Vincent Lade,1,246,54,1.57
Vinci Games,2,768,205,1.21
"Vintage Digital Revival, LLC",1,724,80,1.3
Violet Feature,2,411,109,2.0100000000000002
VipaGames,1,128,243,0.7
Viperante,2,292,110,1.675
VirZOOM,1,28,7,0.0
Vireont,1,6,6,0.0
"Virgin Interactive Entertainment, PriitK",1,530,69,0.42
Virgula Leal,1,1169,28,3.92
Viridino Studios,4,1045,25,0.4075
Virtex Edge Design,1,1,0,0.0
VirtexUniverse,3,5,4,0.0
Virtual Arts Studio,3,483,35,0.023333333333333334
Virtual Basement LLC,1,3715,2533,11.52
"Virtual Basement LLC, Code Headquarters LLC",1,8332,1879,12.73
Virtual Classic Studio,1,8,3,0.0
Virtual Dor,1,10,1,0.0
Virtual Edition,1,2,4,0.0
Virtual Guys,1,20,3,0.0
Virtual Heroes,1,21,3,0.0
"Virtual Heroes, Army Game Studio",1,11622,1216,2.23
Virtual Light VR,1,36,33,0.0
Virtual Play,1,8,7,0.0
Virtual Rabbit Studio,1,0,1,0.0
Virtual Racing Industries Ltd.,1,754,111,14.72
Virtual Sky Interactive,2,197,21,0.0
Virtual Turtle Games,1,34,0,0.0
"Virtual Uppercut Studios, Yahya Danboos",1,29,12,0.0
Virtual Voyagers,1,7,7,0.0
Virtual and Physical Media Integration Association of Taiwan,1,47,11,0.0
VirtualAge,2,468,125,1.6199999999999999
"VirtualCast, Inc.",1,76,22,0.0
VirtualGo,1,2,0,0.0
"Virtually Competent, LLC",1,6,0,3.03
Virtuaport,1,380,77,7.0
Virtuos,2,33,52,0.765
Virtys,1,385,156,20.62
VirusSea,1,1018,251,3.43
Visceral Games,2,33749,4899,8.475
ViserionStudio,1,2,8,0.0
Vishwakarma studios,1,6,22,0.0
Visigames,1,92,13,0.0
Vision Reelle,1,438,65,0.0
Vision Riders Entertainment,1,55,4,2.88
Visper Games,1,28,3,0.0
Visual Concepts,8,79203,94095,112.13375
"Visual Concepts, Yuke's Co., LTD",4,6834,3552,60.582499999999996
Visual Engineering,2,9,9,0.0
Visual Entertainment And Technologies,1,1249,152,10.37
Visual Imagination Software GbR,1,118,125,0.0
Visual Interactive,1,73,11,0.0
Visual Light,2,38,8,0.0
"Visual Wordplay, Godline",1,47,52,0.43
VisualArts/Key,8,21268,437,10.57375
VisualTech48,2,141,49,5.375
"Visualistic Studios, LLC.",1,61,74,0.0
Visualnoveler,2,596,125,0.935
Visumeca Games,2,53,11,0.0
"Viswanath Atlu, Laurie Banks, Rohan Bhukan, Nick Burnham, Avinash Kalapala, Yash Kapani, Katharine Marsh, Ankur Rathore, Hardit Singh, Anoop Nihar Srinivas, Ryan Guanyuhao Jiang, Robert Zhu",1,764,698,1.23
Vitali Kirpu,2,5183,2797,8.38
Vitaliy Tyschenko,1,10,3,0.0
Vitaly Rekubratskiy,1,5,10,0.0
Vitaly Titov,1,1,2,0.0
Vitamin Games,1,2300,101,4.17
Vitok,1,2,9,0.0
Vitor Pêgas,1,111,89,0.27
VitruviusVR,1,418,118,2.72
Vittgen Inc.,1,215,37,0.0
Vittorio Romeo,1,430,14,1.98
Viva Games,1,74,28,0.0
Viva Media,1,15,13,0.28
Vivid Games S.A.,1,903,506,5.58
Vixa Games,2,103,11,0.0
Vizek,1,2,0,0.0
VladEv1L,1,7,19,0.0
Vladimir Kudelka,1,131,97,2.25
Vladimir Maslov,6,1643,597,2.0316666666666667
Vladimir Shlapak,1,132,73,4.92
"Vladimir Slav, Coldwild Games",1,17,10,3.62
Vladislav Castillo Gonzalez,1,87,38,0.0
Vladislav Khorev,1,383,60,0.0
Vlambeer,4,27694,1908,7.7675
"Vlambeer, Croteam",1,391,406,0.55
Vogelfänger,2,284,104,3.6449999999999996
Vogelsap,1,122,179,0.42
Void Descent,1,4,0,0.0
Void Games,1,9,4,0.0
Void Studios,1,76,141,5.57
Void5 Ltd,1,1,1,0.0
"VoidByte, VBG",1,32,6,0.0
VoidDev,1,344,56,3.2
VoidFiller Studios,1,78,54,0.0
VoidStudio,1,5,7,0.0
"Voidpoint, LLC",1,7029,695,7.3
Volcanic Giraffe,1,391,63,3.17
VolcanoBytes,1,30,4,0.0
Volcanoid,1,7404,1511,14.8
VolcanolordGames,1,5,1,0.0
VoleR Creative,1,41,14,0.0
Volens Games,1,63,3,0.0
Volens Nolens Games,22,4579,1409,4.493636363636363
Volfson Studios,1,6,1,0.0
Volga Studios,1,444,121,0.0
Volha,2,118,59,0.185
Volition,6,88065,10343,9.295
Volition Inc,1,240,65,0.07
Volition Inc.,1,183,52,3.08
"Volition, KAIKO",1,3257,817,4.58
"Volition, Reactor Zero, THQ Nordic",1,6859,765,10.1
"Volkan Dagdelen, Fatih Turan",1,1,0,0.0
Volker Elzner,1,3,0,0.0
Vona Soft,1,731,256,3.85
VooFoo Studios,4,711,485,1.7850000000000001
Vorobiov Vadym,1,88,65,4.27
Vortex Games,1,1190,312,7.58
Vostok Games,2,15415,13480,25.785
Vovoid Media Technologies AB,1,141,90,2.92
Vox Studios,1,2,15,0.0
Voxel Tycoon,1,1340,339,13.08
"VoxelStorm, Armchair Software",1,48,43,4.47
Voxelblade Studio,1,83,25,0.0
Voxeled Studios,1,6,10,0.0
Voxler,1,19,38,0.0
Voxler Games,2,115,114,0.375
Voxowl Inc,1,63,16,0.0
VoyagerVR,1,63,37,2.57
Vrai,1,6,6,0.0
Vroom Vroom,1,30,3,0.0
VuVuu,1,34,3,0.0
Vulcron,1,9310,3293,2.77
Vulgat,1,298,14,3.8
Vulkano Forge,1,29,8,6.67
Vutune,1,11,2,0.0
"Vyacheslav Ozolnieks, Andrey Omelchenko, Andrey Kashin",1,14,14,5.97
"Vyacheslav Ozolnieks, Georgy Studenikin",1,5,5,0.0
Vyacheslav Shilikhin,3,139,228,0.08333333333333333
Vypur,1,2,0,0.0
W,1,3,18,0.0
W&H Game Systems,1,4,1,0.0
W0nnaFight,1,41,11,0.0
W2DK,1,7,2,0.0
WAFFLE GAMES,1,219,17,2.28
WAGNER ROCHA,1,58,29,0.0
WANDV.INC,1,26,6,0.0
"WANIN International, JERA",1,629,111,11.07
WANZUNGDEV,1,60,14,0.0
WAO Studio,1,17,21,0.0
WARP,1,117,17,1.98
WASD Games,1,34,8,0.0
WATU,2,1,0,0.0
WAW STUDIO,1,15,6,0.0
"WB Games Montreal, Splash Damage",1,51192,6071,18.68
WBStudios Games,1,6,7,0.0
"WEB Gaming Entertainment, Dream Vision Games",1,9,44,0.0
WEBZEN Inc.,1,10212,4355,27.18
WEBZEN ONNET,1,65,39,0.0
WERDERA SRL,1,2,0,0.0
"WFS, Inc.",1,1290,575,29.83
WHIRLLAXY LIMITED,1,0,0,0.45
WHM工作室,1,0,1,0.0
WILDGRIP,1,5,3,0.0
WILLSH,1,12,15,0.0
WINGED SAKURA GAMES,2,219,62,4.085
WINGLAY,1,3,2,0.0
WIP studios,1,19,15,0.0
WISECAT,2,77,62,1.465
"WIZNWAR, FLARB LLC",1,866,51,2.43
WMY Studio,1,4996,389,7.33
WOLCEN Studio,1,37846,29831,40.25
WOWOH CAT,1,90,7,0.0
WOWWOW,1,0,1,0.0
WR-VRG,1,472,189,0.22
WRF Studios,5,502,122,1.0219999999999998
WRGenesis,1,1,6,3.12
WS net,1,10,0,0.0
WSG Entertainment,1,10,1,0.0
"WSS playground, tea_basira",1,3473,1093,1.95
"WSS playground, xemono",1,44718,2487,14.47
WT Studio,1,103,19,1.03
WTFOMGames,5,283,254,2.75
WTao,1,5,17,0.0
WVV Games,1,42,17,0.0
WWO Partners Ltd,1,265,669,13.83
"WXP Games, LLC",1,135,49,1.88
WZL Game Design,1,1,2,0.0
WZOGI,2,548,170,2.8499999999999996
WaVR,1,27,17,0.0
Wabisabi Play,1,171,20,2.97
Wacha,1,122,32,0.38
Wadjet Eye Games,8,7240,457,4.39875
Wadup Games,2,141,65,4.045
Wafflesoft,1,37,21,0.0
WaifuMada Games,1,19,1,0.0
Wakagana,1,41,35,0.0
Wako Factory,1,56,17,1.48
Walaber Entertainment LLC,1,117,12,0.15
Waldemar Umaniz,1,31,2,0.0
Waleles,1,1,0,0.0
Wales Interactive,7,3259,1080,2.1
"Wales Interactive, Good Gate Media",2,2703,551,3.175
"Wales Interactive, Good Gate Media, Little Jade Productions",1,2542,728,2.85
"Wales Interactive, Good Gate Media, Wayout Pictures, Posterity Entertainment",1,580,242,1.72
Walhalancs,1,44,6,0.0
Walk Home Games,1,10,0,0.0
Walk Thru Walls Studios,1,432,69,0.53
Walk Without Rhythm Games,1,244,18,0.33
Walk with Kings,1,492,159,5.35
WalkBoy Studio,1,10,7,0.28
WallRus Group,1,107,44,0.0
Wallace Lovecraft,4,121,36,0.0
Wallflower Games,1,943,150,0.52
Walnut LLC,2,2694,641,1.975
"Walnut LLC, Last Level",1,3270,665,4.85
Walter Machado,16,5484,696,2.366875
Waltteri,1,37,8,0.0
Wampy,1,9,2,0.0
WanadevStudio,2,8127,482,3.4000000000000004
Wanako Games,1,87,40,0.52
Wandering Wonder Studio,1,22,1,0.0
Wanech,1,2,0,0.0
Wang Liwen,1,97,55,6.62
Wang Wenxi,1,165,56,1.83
"Wang, Zhen",1,11,17,0.0
"WangJianWei, KuangXiang",1,18,16,0.25
"Wangyuan Shengtang Entertainment Technology CO., 上海烛龙信息科技有限公司",1,3878,1944,20.47
WantGameStudio,1,12,2,0.0
Waqudoo,2,3,2,0.0
War Frogs Studio,1,571,23,8.25
War game studio,1,11,8,0.0
WarGirl Games,1,175,30,0.0
WarMachine,1,18,0,0.0
WarWolfWorks,1,6,4,0.0
Waraní Studios,3,118,58,2.2433333333333336
Warballoon,1,213,271,0.93
Warcave,1,132,71,0.87
Ward Dehairs,2,19,6,1.225
"Ward Mahadin, Aaram Mahadin, Nehaia Halabeieh",1,7,7,0.0
Warfare Studios,33,1958,1062,3.02
WarfareSims,2,542,116,57.61
Warforged,1,2,3,0.0
Wargaming Group Limited,4,305510,82145,146.63500000000002
Wargaming.net,3,536,188,1.6766666666666665
Warhorse Studios,1,136446,25760,44.63
Warlock Arts,1,13,34,0.62
Warp Turtle,1,184,59,0.0
WarpFrog,1,55566,1919,21.68
Warped Tales,1,14,12,0.0
Warpfish Games,1,34,13,0.0
Warptear Entertainment,2,71,71,24.72
Warpzone Studios,1,1447,1071,11.8
Warrior,1,7,10,0.0
"Warrior General Games, LLC",1,231,24,0.6
WarriorsStudio,2,35,27,0.0
Warshark Games,1,0,1,0.0
Warthog Studio,1,25,28,0.0
WasabiSushiStudio,1,46,22,0.0
Washbear Studio,1,2819,201,7.48
Wastelands Interactive,8,915,847,6.1225000000000005
Water Phoenix,1,141,2,7.0
WaterMelon,1,71,54,1.38
Watercolor Games,2,170,145,2.15
Watercress,3,489,38,0.0
Waterlily Games,2,959,154,3.4450000000000003
Wathitdew Record,1,19,7,0.0
Wave Light Games Inc.,3,288,84,0.0
"WaveVR, Inc.",1,535,45,1.18
"Wavedash Games, Vortex Games",1,414,568,2.88
Waveor,1,108,59,0.0
Waving Bear Studio,1,305,78,1.03
Wax Lyrical Games,1,9,3,0.2
Waxycorn Studio.,1,6,2,0.0
"Way York, SilverBlade",1,1082,289,10.88
WayForward,12,18598,2646,4.969166666666666
"WayForward, Abstraction Games",1,1909,568,4.57
WayToYaatra Company,1,146,9,0.0
WayUpGames,1,69,110,4.12
Waygetter Electronics,1,4170,243,5.15
"Wayne Jackson, Jason Mallett, Colin Wren",1,7,14,203.73
Waynetron,1,62,2,3.17
Wayward Design,1,66,17,0.08
Wayward Prophet,2,974,189,6.89
Wayway Studio,2,22,3,0.0
Waz,2,634,77,4.69
Wazen,1,887,73,1.8
We Are Fuzzy,1,59,9,1.83
We Create Stuff,1,5535,277,5.6
We Three Nouns,1,15,2,0.0
We're Five Games,2,4576,800,1.75
WeGameIndie,1,0,1,0.0
"WeMade, VALOFE",1,7083,3643,37.7
WeRock,1,4,0,0.0
Weakfish Studio,1,211,12,0.0
Weappy Studio,3,14739,3742,11.06
Weather Factory,1,10292,2711,14.97
Weathered Sweater,1,137,13,0.0
Weaveractive,1,49,26,0.0
Webble Games,1,485,99,0.0
Webcore Games,1,84,9,1.83
Webfoot,3,29,42,0.06
Webyilmaz,1,4,7,0.0
Weed Games,1,3797,234,40.8
WeersProductions,1,38,49,3.1
Wegenbartho Games,1,28,1,0.0
Weird Beluga Studio S.L.,1,111,39,0.9
Weird and Wry,3,2212,385,200.20000000000002
WeirdBeard,1,14179,1516,7.7
Well Played,1,7,2,0.0
"Well Played Studio, Inc",1,49,21,0.3
Welland,1,16,6,0.0
Wellore,1,151,56,4.27
"Wellore, Alawar Entertainment",1,135,58,32.42
"WemadeIO, Valofe",1,130,88,492.87
Wenay Studio,2,15,7,0.0
Wenkly Studio Sp. z o.o.,1,541,102,0.88
Went2Play LLC,1,25,22,0.0
Wero,1,20,15,0.0
Wertex Games,1,17,18,0.0
Wes Unwin,1,4,7,0.0
Wesley LaFerriere,1,200,18,0.55
Wesley Reitsma,1,160,57,0.0
Wessel Stoop,1,1342,152,2.9
West Coast Software,1,11,45,0.0
West Dos (HK) LTD.,1,0,11,0.0
West Dragon Productions,1,6,13,0.0
West Forest Games,1,6,27,0.0
Western Werks,1,13,28,0.0
Weston Bell-Geddes,2,4292,1090,0.0
"Weston Mitchell, Pandan Games",1,197,47,0.0
"Westwood Associates, Strategic Simulations",1,210,21,1.1
Westwood Studios,1,53,30,0.5
Wet Girl,2,9232,1304,8.85
Wetgenes,1,9,1,0.0
"Wevr Inc, Big Red Button Entertainment",1,72,40,0.22
"Wevr, Inc.",2,1168,224,0.8
WhackAKey Games,7,293,342,1.842857142857143
"Whacky Squad Studio, 10Loups Games",1,20,8,0.0
Whale Rock Games,8,2246,887,0.29125
WhaleWhistle,1,4,2,0.0
Whalebox Studio,2,186,92,1.815
Whalegun,1,116,26,3.53
Whalenought Studios,2,248,176,2.8249999999999997
Whamgames,1,8,2,0.0
"What Pumpkin Games, Inc.",4,7140,672,5.8825
What The Fantastic Games Group,1,43,14,3.07
Whatboy Games,1,2735,431,7.0
Wheat Muffin Games,1,22,1,0.0
Whensoft,1,2,0,0.0
Where 游戏,1,14,2,0.0
Wherry,1,120,11,0.0
WhileTrueGames,1,111,42,0.0
Whim Independent Studios,1,13,6,0.0
Whimsical,1,309,137,0.0
WhippedUP_gaming,1,26,6,0.0
WhirlVFX,1,16,11,0.0
Whirlpool,7,2090,114,2.2271428571428573
Whirlybird Games,1,407,21,2.18
Whiskeybarrel Studios,7,3206,470,5.174285714285714
White Birds Productions,1,181,79,6.35
White Blanket Games,5,4743,117,0.312
"White Box, Elendely",1,462,74,0.0
White Cat,1,88,52,4.53
White Dew Games,1,13,4,0.0
White Dog Games,4,401,602,4.155
White Door Games,2,692,56,1.775
White Giant RPG Studios,2,487,108,2.5949999999999998
White Guardian Studios LLC,1,12,4,0.0
White Noise Games,1,67,5,0.0
White Owls Inc.,2,1423,214,3.425
White Paper Games,3,838,317,4.3933333333333335
White Powder,1,675,57,17.18
White Puppet Studio,1,10,4,0.0
White Rabbit,2,5212,1227,7.325
White Rabbit Games,3,304,137,4.073333333333333
White Sparkle Games,1,88,15,1.03
White Vortex Games,1,32,26,0.0
WhiteHorse,1,0,2,0.0
WhiteMoon Dreams,1,511,639,4.0
WhiteMoor,1,230,60,6.08
WhitePeach,2,863,104,3.9000000000000004
WhiteSponge,1,3,3,0.0
WhiteSquare Game Studio,1,1,0,0.0
WhiteVault Studio,1,16,0,0.0
White_Rabbit_Games,1,270,187,0.33
"Whited43, Fantsize",1,57,39,0.02
Whitethorn Games,1,117,53,4.42
Who Am I Studio,1,6,9,0.0
Whoisthis,1,11,19,0.0
Whole Hog Games,1,202,35,5.18
Wholetone Games,4,1721,448,0.14250000000000002
Whoop Group,1,1346,86,2.25
Whootgames,1,33,19,2.92
WhyKev,1,70,7,0.0
"Wicked Fun, Inc.",1,51,48,1.82
Wicked Studios,1,284,58,0.02
Wicked Witch,2,159,67,0.0
Wicpar,1,3663,634,2.3
Widdershins,1,1226,23,0.0
"Wide Right Interactive, Mark Zorn",1,136,10,0.0
"Wide Right Interactive, Mark Zorn, Kurt Wojda",1,331,22,5.65
Widebrain Inc.,1,2,0,0.0
WigglingEyebrows,1,26,8,0.0
Wijat,1,10,2,0.0
Wild Arts LLC,1,308,389,9.13
Wild Factor,2,652,291,4.57
Wild Guess Software,1,17,11,0.0
Wild Monkeygames,1,3,4,0.0
"Wild Ox Studios, Tim van Kan",1,472,97,0.0
Wild Pepper Games,1,41,6,0.0
"Wild Shadow Studios, Deca Live Operations GmbH",1,38723,7897,53.37
Wild Wolf Std,1,69,92,0.6
WildArts Games,1,73,20,0.0
WildSphere,2,19,3,0.0
WildTangent,4,5229,355,14.4425
"WildWorks, Inc.",1,2657,1397,5.48
Wildfire Game（无锡野火数字科技有限公司）,1,5497,993,8.43
Wildgrass,2,32,1,0.0
Wildlife Studios,1,1133,426,419.85
Wildwood Game Studios,1,5,0,0.0
Wiley Softworks,1,0,1,0.0
Will Bowerman,1,8,1,0.0
Will Brierly,1,28,0,0.0
"Will Eller, Melanie Gunter, Joshua Key, Zac Snowbank, Rian Schmit",1,16,0,0.0
Will Harvey,1,4,4,0.0
Will Mearns,1,18,2,0.0
"Will Orr, Chris Orr",1,7,1,0.0
Will Sykes Games,1,94,36,2.43
Will Winn Games,1,510,97,0.6
WillDreams,1,5,3,0.0
William Brown,1,5,6,0.0
William Cheek,2,352,83,0.84
William Chyr Studio,1,6901,328,3.9
William Good,1,1,0,0.0
William Volk,1,8,5,0.0
William W,1,13,7,0.0
William Weinberger,1,1,1,0.0
William Wofford,1,29,8,0.0
William at Oxford,14,136,87,0.0
William dos Santos Emerich,1,1,0,0.0
William of Oxford,1,17,14,0.0
Willie Li,1,8,5,0.0
Willpowaproject,1,12,27,5.43
Willz,1,101,9,3.93
Wily Pumpkin,1,282,131,0.55
Winch Gate Property Limited,1,354,148,0.8
Wind Jester Games,1,23,7,1.52
WindField Games,1,486,55,3.95
WindLimit Studios,1,61,45,2.75
WindThunder Studio,3,1239,446,9.286666666666667
Windam,1,25,7,0.63
Windflow,1,5,0,0.0
Windforce,3,212,140,0.0
Winding Way Games,1,5,14,0.1
Windmill Games,1,52,10,4.63
Winds,1,17,6,0.0
Windward_Birds,2,155,33,1.5250000000000001
"Windward_Birds, XNZONE",1,61,6,0.0
Windy Games,1,23,5,0.0
WindyVerse,1,986,153,0.38
Windybeard,6,1310,234,3.608333333333333
Winged Cloud,30,31549,6623,35.54066666666667
Winged Pixel Inc.,1,191,33,12.88
Winglett Entertainment,1,200,70,0.87
Wings of Steel,1,26,11,0.0
Winning Streak Games,1,1105,321,97.53
Winter Bloom,1,46,29,0.0
Winter Drake Teller,1,28,13,0.02
Winter Night Games,1,64,13,0.0
Winter Wolves,18,1530,595,2.5072222222222225
WinterSpring Games,1,307,51,49.05
Winterpixel Games,1,651,100,5.7
Winturn Games,1,17,6,0.0
Wioleta Moniuszko,1,5,23,6.57
Wiple Games,1,4149,1145,3.07
"WipleGames Inc.,",1,16204,6206,6.8
Wired Dreams Studio,1,149,20,0.0
Wirion,1,456,11,7.15
Wisdom Tree,1,40,35,0.02
"Wisdom Tree, Inc.",1,778,109,4.02
Wise Box Studios,1,24,0,0.0
Wise Dad Games,1,5,0,0.0
"Wise Wizard Games, LLC",3,2062,371,2.186666666666667
Wisefool Studio,1,32,19,0.0
Wish Fang,1,344,14,1.45
"Wishes Ultd., Greg Lobanov",1,516,84,3.17
"Wishes Ultd., Greg Lobanov, A Shell in the Pit",1,3443,170,4.02
"Wishes Ultd., Greg Lobanov, Alexis Dean-Jones, Lena Raine, Madeline Berger, A Shell in the Pit",1,3343,77,6.9
Wishlist Games,1,29495,25034,12.48
Wispfire,1,136,15,0.2
Witan Entertainment,1,8,13,1.97
Witch Beam,2,34726,2533,4.425
Witch Laboratory,1,35,15,0.12
Witching Hour Studios,2,545,99,3.33
With Heart and Soul Games,1,1,0,0.0
With The Love Studios,1,153,23,1.13
Wither Studios,2,166,23,2.685
Witte Studio,2,450,247,5.95
Wix Games,3,346,42,5.41
"Wix Games, MAD.com",1,260,79,2.43
WizByte Games,3,19,10,5.006666666666667
WizarBox,1,108,66,5.28
WizarBox Production,1,627,78,31.08
Wizarbox,1,402,392,1.65
Wizard Fu,1,204,55,2.38
Wizard Games Inc,1,48,16,0.12
"Wloop777, Anatoliy Loginovskikh",1,279,38,3.22
WnMStudio,4,176,171,0.0
WoS Development Team,1,678,397,1.78
WoahStudiosus,2,114,116,0.05
Wob Bob Jones,1,16,25,0.0
Wobbly Tooth,1,134,43,0.82
Woblyware,1,290,69,2.12
"Woblyware, Ratalaika Games S.L.",2,394,85,0.36
Woebegone Interactive LLC,1,2,0,0.0
Wojciech Krupinski,4,234,133,7.575
WoksOnStudios,2,42,8,0.0
"Wolderado, Belaniax",1,10,0,0.0
Wolf & Wood Interactive Ltd,3,895,195,2.0
Wolf Pack,1,48,12,0.0
Wolf Tango Games,1,19,12,0.0
WolfCoder Workshop,1,67,6,0.97
WolfEye Studios,1,3157,862,8.68
Wolfborg Games,1,356,30,0.43
Wolfcrafter321,1,13,1,0.0
Wolfey Studios,1,450,29,4.1
WolfgangIs,1,460,142,4.97
Wolfgun,1,74,10,0.0
Wolfire Games,3,12661,2769,9.7
Wolfray Entertainment,1,39,6,0.0
Wolfs Moon Studios,4,170,14,0.0
Wolverine Studios,1,40,18,0.0
Wolvik Studios,1,11,1,0.0
Wompa Labs,1,45,27,0.0
Wonder Games,2,104,53,0.0
Wonderbelly Games,1,453,99,2.08
Wonderboy Bobi,1,37,7,0.0
Wonderfling,1,212,74,3.27
Wonderful Lasers,1,93,14,2.8
Wonderful Tree Studio,1,25,27,0.0
Wonderland,1,31,37,0.0
Wonderland Kazakiri inc.,2,134,36,0.04
Wonderstruck,1,256,60,2.92
Wonsub Lee,1,17,8,0.0
Wontonic Games,1,2,0,0.0
Wooden Monkeys,3,1274,291,3.5600000000000005
Wooden Shoes Games,1,196,25,0.93
WoodenBulldozerStudio,1,0,1,0.0
WoodenWolf,2,101,24,2.2
Woodland Games,2,984,280,0.79
Woodsy Studio,4,166,43,3.1975000000000002
Woody's Games,1,9,2,0.0
Woogedy Games,1,5,0,0.0
Woolf,1,1200,387,61.07
Woolly Walrus Games,1,369,43,7.08
Workbench Entertainment,1,208,76,4.18
"Workroom7, Creobit",1,284,38,4.82
"World Golf Tour, LLC",1,1820,1091,19.9
World Makers,1,73606,19421,10.5
World Map Tycoon,1,45,40,0.0
"World's Edge, Forgotten Empires, Tantalus",1,11700,2240,18.12
"World's Edge, Forgotten Empires, Tantalus Media, Wicked Witch, CaptureAge, World's Edge",1,154061,8401,69.67
"World's Edge, Relic Entertainment, Forgotten Empires, Climax Studios",1,69559,11311,72.87
"World's Edge, Tantalus Media, Forgotten Empires",1,40941,7401,34.05
World-Loom,5,1521,238,4.0600000000000005
"World-Loom, Nitreal",1,51,8,0.0
"World-Loom, The House of Fables",1,211,168,3.95
WorldWideSoftware,1,8,8,0.0
Worldgame entertainment,1,10,13,0.0
Worlds To Play,1,55,29,17.35
WorldsDev,1,16,4,0.0
Worldwalker Games LLC,1,16587,904,16.43
Worm Animation,1,128,56,1.05
Wormwood Studios,3,4136,219,2.8433333333333333
Worthing & Moncrieff,1,21,6,0.0
Worthless Bums,1,166,166,3.57
Wouter van Oortmerssen,1,26,12,1.13
Wreck Tangle Games,1,62,18,0.0
Wrench Laboratories,1,4,10,4.6
Wrestler,2,69,50,0.0
Wrestling Gamers United,1,132,156,0.15
Writegg,1,10,6,0.0
Wrong Reality,1,2,6,0.0
Wronghut,1,27,7,0.17
WuL Game Studio,1,1313,354,9.28
Wube Software LTD.,1,208770,6439,170.35
"Wuhan Simple Wings Technology Co., Ltd.",1,24,11,0.0
Wulo Games,1,206,148,4.4
"Wulo Games, DEADBIT",1,261,118,4.13
Wulum Creative Technology Ltd.,1,43,7,0.0
Wurd Industries,1,10,8,6.17
Wuwei,1,106,95,21.75
Wwyn,1,12,2,0.0
"Wx3 Labs, LLC",1,1925,207,14.65
"Wyatt Yeong, Diego Garcia, Greg Heffernan",1,12,0,0.0
Wydawnictwo Dagiel,1,3,3,0.0
Wyrmbyte,1,2715,726,7.68
Wyrmling Productions,1,53,11,2.37
Wyse Games,1,164,38,2.0
Wytchlight,1,14,22,0.0
X AND THE CITY,1,27,5,0.82
"X PLUS Co., Ltd.",1,148,58,1.68
X-Bow Software,2,419,159,3.61
X-FurNI,1,5,0,0.0
X-Legend,2,7260,2128,15.110000000000001
"X-Legend Entertainment Co., Ltd.",2,160,210,0.9450000000000001
"X-STREAM DIGITAL Co., Ltd.",1,34,19,2.02
"X1 Software, AWAR",1,503,348,3.73
XAC Inc.,1,51,26,0.0
XAEON GAMES,1,47,13,0.0
XAREA,1,187,25,0.0
XDEVS LTD,4,3101,1670,1.3475
XGame,1,6,1,0.0
XGen Studios,5,1831,495,4.9479999999999995
"XIAOYAO, BetaSparkUK",1,13,29,0.0
XIE SIYUAN,1,0,1,0.0
XII Games,1,490,57,8.83
"XINESS Co,. Ltd.",1,5,2,0.0
XLGAMES,2,5828,5334,150.155
XLGAMES.Inc,1,61,33,0.0
XMINutesGames,1,5,33,0.0
XMinutesGames,1,7,2,0.0
XOCUS,1,66,18,0.0
XP Liu,1,1067,228,4.9
XPAGAME,1,76,30,7.57
XPELLGAMES,1,62,21,0.0
XR Games,1,76,12,0.0
XREAL Games,2,4159,1434,3.6350000000000002
XUZHOU GETAI TRADING CO. LTD,1,0,1,0.0
XXII GROUP,2,25,6,0.0
XXXgames,1,39,44,0.0
XXaLoserXX,1,28,1,0.0
XYLA Entertainment,1,524,346,2.47
XYN Games,1,4,1,0.0
Xand arts,1,25,5,0.0
Xander's Corgi Arcade,1,308,72,2.52
Xatrix Entertainment,6,747,181,0.9283333333333332
"Xavi Canal, Ben Palgi",1,746,2055,24.57
Xaviant,3,11667,8864,4.493333333333333
"Xce, LumiB",1,21,11,0.0
Xeaker,1,3,2,0.0
Xefier Games Inc.,2,103,55,0.535
XeloGames,1,114,25,0.0
"Xelu, Those Awesome Guys",1,20818,2415,5.72
Xemory LLC,1,29,44,0.4
XenOxygen,1,64,9,0.0
Xeneder,1,7,4,0.0
Xennial Digital,1,1,0,0.0
XenoAisam,1,107,46,2.98
XenoAmess,1,5,0,0.0
Xeobytegames,1,4,3,0.0
Xero TR-MMXZ,1,22,12,0.0
"Xero TR-MMXZ, Xeneder",1,33,17,13.08
Xform,2,431,53,4.085
XiNFiNiTY Games,12,232,158,0.35333333333333333
Xian'Yu,1,4,2,0.0
"Xiaocong Yan, Henry Turbedsky",1,65,3,0.0
Xido Studio,1,1,4,0.0
Xigma Games,2,333,134,7.7
"Xihe Animation, JasminsSummer Project",1,877,103,2.1
Xin Tan,1,28,16,0.0
Xiotex Studios Ltd,2,199,194,0.175
Xitilon,4,211,116,0.0225
"Xitilon, Esdeer",1,102,49,3.45
"Xitilon, Lovixsama",1,89,24,3.83
"Xitilon, TheDreik, Gerzera, Xeneder",1,4,0,0.0
Xivek's Toybox,1,2,2,0.0
Xlab Digital,1,128,4,1.5
Xnora Games,1,16,0,0.0
"Xobermon, LLC",1,1120,225,11.17
Xonomy,1,2,0,0.0
Xorcerox,2,461,227,1.41
Xperiencia Virtual,1,12,7,0.0
Xperitus,1,13,8,0.0
Xpux,1,1,0,0.0
Xtonomous LLC,1,56,27,0.0
Xu Miping,1,1,0,0.0
Xuanjin Studio,1,25,19,0.0
Xue Dong,1,3,2,0.0
Xuse,1,61,13,4.23
Xyak-Xyak,3,183,78,1.26
"Y Press Games, Lovenuts",1,69,4,0.0
Y-Square Games G.K.,1,2,0,0.0
Y.Kageyama,1,42,30,0.0
YAGER,1,51267,3642,5.27
YAOYICHEN,1,7,11,0.0
YAW Studios,3,436,124,0.49
YC Games,1,5132,1646,9.97
YCJY Games,3,11475,562,2.1999999999999997
YDKR,1,316,174,0.0
"YDKR, Semenov Iurii, Aleksandr Golovkin",2,562,288,9.5
YEARS,2,2338,395,69.54
YETU GAME,4,9106,689,1.3075
YFC games,4,1024,433,1.0075
YFYX GAMES,3,384,711,3.4299999999999997
YGGDRASIL STUDIO,2,120,64,3.3999999999999995
"YGGDRAZIL GROUP CO.,LTD",1,3168,491,6.28
"YGGDRAZIL GROUP PUBLIC CO., LTD.",1,741,272,12.33
YGGDRAZIL GROUP PUBLIC COMPANY LIMITED,1,4561,3669,20.42
YHJ,1,2,0,0.0
YIMING ZHANG,1,20,10,0.0
YIYOP,1,0,1,0.0
YLO GAME,1,4,2,0.0
"YOTSUBANE, Adventure Planning Service",1,1379,99,3.85
YOUZU (SINGAPORE) PTE. LTD.,1,1583,1019,64.1
YOX-Project,1,8,1,0.0
YS Net,1,961,351,3.5
"YSY Softworks, Twilight",1,24,1,0.0
"YSY Softworks, Xurzerth",1,33,6,0.0
YTLX 工作室,1,1,0,0.0
YU JI KWANG,1,1,0,0.0
YU YUFENG,1,4,2,0.0
YUKE'S,2,1466,721,4.635
YUMMI Studio,1,1150,26,0.0
YUZUSOFT,4,44505,840,129.0625
YZ,1,4,2,0.0
Ya2,1,16,17,2.63
Yacht Club Games,5,16970,778,5.058000000000001
Yadon Studio,1,144,76,8.25
Yaeko,2,51,2,0.0
Yai Gameworks,9,1440,280,0.7633333333333333
Yaida,1,7,0,0.0
Yak & Co,1,5230,258,8.08
YakiCL,1,86,19,0.0
Yakiniku Banzai,2,559,78,10.870000000000001
"Yakir Israel, Adventure4Life Studios",1,116,10,0.0
Yakov Butuzoff,1,172,48,0.0
Yakov Kotov,1,5,1,0.0
Yakovlev Vladislav,1,43,30,4.58
Yamadaya,1,139,107,3.48
Yamate,1,9,6,0.0
Yamauchi_games,2,183,25,0.0
Yanako RPGs,1,27,8,0.05
Yang Sun,5,136,77,0.75
Yangyang Mobile,3,3348,329,15.426666666666668
Yanim Studio,1,37,36,0.0
Yann GEFFROTIN,3,70,77,0.0
Yann Zunn,1,70,23,0.0
Yannick Laubscher,1,2,0,0.0
Yars,1,8,9,0.0
Yasagure Kitsuenjyo,1,417,165,4.92
Yash Future Tech Solutions Pvt Ltd,6,157,81,0.011666666666666667
Yasha,1,38,27,0.0
Yasho Salamander,1,0,1,0.0
"Yasmany Roman, Miguel Roman",2,22,15,1.64
Yasric,1,2,1,0.0
Yatagarasu Dev Team,1,188,103,3.37
YeaBoing,1,199,60,0.97
Yeah Us!,1,277,72,1.57
"Yeah Us!, Warp Digital Entertainment",1,103,47,9.58
Yebbes Gamestudio,1,1,0,0.0
Yechan Yoon,1,16,7,0.0
Yehonatan Sitbon,1,1,3,0.0
Yelaex,2,3,1,0.0
Yeli Orog Games,1,36,27,0.0
Yellow Boot Games,1,304,10,0.0
Yellow Dot,1,207,8,0.0
Yellow Panda Games,1,9,10,0.0
Yellow Worm Studios,1,31,14,3.98
YellowEgg game studios,1,7,10,0.0
Yerawizard LLC,1,52,6,1.32
Yeti Trunk,2,413,345,5.02
"Yeti, Regista",1,503,50,8.95
Yfrit Games,1,70,5,0.0
Yheeky Games,2,85,44,2.315
YiLing Games,1,10,2,0.0
YiTi Games,1,3519,548,5.43
Yima VLG.,1,13,2,0.0
Yiming,3,739,268,0.48333333333333334
Yin Games,2,1173,137,2.41
YingPei Games,1,687,403,3.62
"Yippee! Entertainment, Pyro Studios",1,1288,1003,13.03
Yitz,1,84,5,0.0
Yiğit Öztoprak,1,47,4,0.0
"Yle Sandbox, RagingRam Oy",1,36,4,0.0
YoAvrageStudios,1,57,36,0.0
Yo_Serjio,1,52,48,3.78
Yoba Games,1,520,316,0.78
Yobob,2,148,36,0.0
Yobowargames,4,152,86,0.1325
Yodum Games I/S,1,30,5,0.0
"Yohan Launay, Frederic Gaillard",1,53,35,1.65
Yokaicade,1,61,26,0.0
Yokcos,2,73,17,1.01
Yokereba Games,2,57,10,0.0
Yokogosystems,1,36,11,0.0
Yonder,1,92,18,7.1
"Yonder, Strelka Games",1,917,82,0.0
YooGame,1,1083,162,4.22
Yorick Postema,1,3,4,0.0
YorkshireRifles,1,32,30,4.95
"YorleTech, Team Software, Inc.",1,1,1,0.0
Yorm.Ent,1,7,3,0.0
Yosemite Entertainment,2,116,50,0.83
You Cannot Defend,1,25,5,0.0
"You Run Ltd, DigitalMania SA",1,36,2,0.6
YouAi.inc 广州游爱网络技术有限公司,1,6,12,0.0
Young Horses,1,9539,616,6.0
Your GG Project,1,1,0,0.0
Your Story Interactive,1,143,17,0.0
Youren,1,119,200,27.18
"Youth Feather Center, YFL STUDIO",1,616,61,13.63
Youthcat Studio,1,83095,1993,76.33
YouzuStar,1,3,1,0.0
Yu Chao,1,1,1,0.0
YuLu,1,204,25,2.73
"Yuisy, Exkee",1,130,52,0.0
YukiK Games Development,1,1,2,0.0
YukiOstudio,2,19,6,0.0
Yume Creations,3,630,194,11.56
Yume Game Studio,2,45,8,0.0
Yumenamakon,2,178,79,0.625
Yumero the Taleteller,1,49,3,0.0
"YummyYummyTummy, Tamatin Entertainment",1,33,8,0.0
Yumoon,1,2,5,0.0
Yuna Studio,3,271,67,0.5233333333333333
Yunus Ayyildiz,3,1397,104,1.7033333333333331
"Yunus Ayyildiz, Ozan Çelik",1,216,19,0.57
"Yunus Ayyildiz, Sho Ohhira",1,715,69,2.7
Yunus Kocamis,1,4,2,0.0
Yuri Eletskikh,1,5,6,0.0
YuruOwO,1,294,32,14.55
Yury Chadaev,1,58,12,0.23
Yuskare,1,9,3,0.0
"Yustas Game Studio, Alawar Entertainment",3,39,14,1.5433333333333332
Yustas Games Studio,1,15,5,1.87
Yuuuge Games,1,32,6,3.07
Z Effects Studio,1,38,9,0.0
Z Studio,1,1365,316,22.6
Z-Software,3,1413,2087,7.05
Z-Software GmbH,3,50,64,0.3333333333333333
Z.F. Gams,1,28,25,0.0
Z4,1,3652,900,11.85
Z4G0 and Ivan Venturi Productions,1,146,131,3.13
Z4Z,1,17,2,0.0
Z9K Games,2,35,24,0.01
ZA,1,1,2,0.0
ZA/UM,1,104010,7702,17.98
ZAKHARCHENKO SERGEY ALEXANDROVICH,1,0,1,0.0
ZAO Igroprom,1,31,3,0.0
ZAR 21,1,528,134,2.68
ZCH字母君,1,75,17,0.0
ZDF Digital Medienproduktion GmbH,1,4,6,0.0
ZELENIUK,1,53,103,3.22
ZELENYUK,1,138,37,2.73
ZERA,1,5,3,0.0
ZGold,1,38,61,0.0
ZHANG FAN,1,48,16,0.0
"ZHANG FAN, SHEN JIAWEI",1,365,149,1.1
ZHANG LIDONG,1,1,0,0.0
ZMEI Studio,1,0,2,0.0
ZNY,1,48,10,0.0
ZOO Digital Publishing,7,34,16,0.0
ZOV GAME STUDIO,6,1267,515,1.0916666666666668
ZPink,1,201,55,2.13
ZQZ,2,30,19,0.0
ZREALITY GmbH,1,7,1,0.0
ZUGALU ENTERTAINMENT,3,19,1,0.0
ZXC Games,1,33,35,0.0
ZY Studio,1,9,2,0.0
Zac,1,185,44,1.08
Zach Lawrence,1,24,24,0.0
Zach Tsiakalis-Brown,1,54,14,0.13
"Zach Tsiakalis-Brown, George Eracleous, Errol Bucy",2,1574,158,1.2650000000000001
"Zach Tsiakalis-Brown, Raul Bravo",1,166,43,0.38
Zachary Canann,1,100,28,1.97
Zachary Geier,1,2,2,0.0
Zachary Hodges,1,59,25,0.0
Zachary Lee,2,61,10,0.0
Zachtronics,14,26833,1742,5.112142857142857
Zack Garrett,1,1,0,0.0
Zack Radick,1,9,0,0.0
ZackBellGames,1,1281,295,2.83
Zadbox Entertainment,1,3248,296,15.83
Zai Studio,1,173,23,7.2
Zaidelle Games,1,2,8,0.0
Zakos Games,1,284,261,6.5
Zakroutil,1,5,8,0.0
Zanardi and Liza,2,898,81,9.85
Zandel Media,1,532,103,0.72
Zanrai Interactive,1,86,24,4.23
Zapping Studios,1,25,18,0.0
Zaratustra Productions,1,1195,113,2.17
Zarbuz,1,4,2,0.0
Zarfhome Software,1,12,3,0.0
Zarkan Entertainment,1,0,1,0.0
Zatun,2,17,6,0.0
Zaxiquej,1,538,47,1.57
Zaxis,1,22,14,0.0
"Zaxis Games, B-evil",1,367,237,3.2
ZaxtorGameS,3,95,11,0.0
Zeal Game Studio,1,345,199,11.75
Zebec Games,1,14,5,0.0
Zeboyd Digital Entertainment LLC,4,5488,645,2.8024999999999998
Zeboyd Games,1,497,86,1.97
Zeekerss,1,2030,35,2.55
Zeinaru,1,5,1,0.0
Zeiva Inc,4,1394,305,2.6624999999999996
ZekGame,2,18,20,0.0
Zeke Virant,1,41,4,2.07
Zemnott,1,26,8,16.68
ZemunBRE,3,351,214,2.5366666666666666
Zen Relay Games,1,11,1,0.0
Zen Studios,7,7351,1271,2.4385714285714286
ZenART,1,7,7,0.0
ZenJam,1,4,0,0.0
ZeniMax Online Studios,1,125497,28616,112.15
Zenimax Online Studios,1,246,254,0.0
Zenisport,1,40,12,0.08
Zenith Blue,1,2675,670,3.9
Zenith Games,1,0,2,0.0
Zeno Rogue,2,476,23,7.335
Zenovia Interactive,1,302,81,7.02
Zenrok Studios,1,16,28,1.52
Zentient Games LLC,1,20,0,0.0
Zentrifuge,1,21,1,0.0
Zenz VR,1,328,64,0.68
Zepetto,1,805,358,0.0
Zepetto Co.,1,175,96,0.0
ZephyrStudio,1,167,8,0.73
Zeppelin Studio,1,241,87,3.77
ZeptoLab UK Limited,1,329,30,1.73
Zeritum,1,56,36,0.0
Zero Day Games,1,1,1,0.0
Zero Flag,1,4,9,0.0
Zero Fun,1,24,11,0.0
Zero Gravity,1,2297,1851,7.5
Zero One,1,19,59,0.22
Zero Point Software,1,4245,3619,3.02
Zero Sum Games,3,1895,1811,13.123333333333333
Zero-K Team,1,3678,244,27.1
ZeroBit Games,4,702,394,4.2325
ZeroByter Games,1,105,10,0.0
ZeroWorldwide,1,253,108,0.0
"ZeroXilo, CasketCheese",1,32,3,0.0
"Zeroject, VinciDa, MBQJ",1,3,0,0.0
"Zerone Games, Dawson Dewulf",1,1104,263,7.67
Zeroscale,1,225,63,1.23
ZerpFa,1,0,3,0.0
Zeruk Studios,1,0,2,0.0
Zetsubou,5,706,93,1.0100000000000002
Zeuta Caffe,1,3,5,0.0
Zever Games,2,14,19,0.0
"Zezenia Online, Saucer Software",1,221,100,9.5
Zhejiang TQHY Technology,1,7,1,0.0
ZheroIsland,1,21,1,0.0
Zhongce Games,3,792,213,0.89
Zhoori Maang Entertainment,1,21,75,0.0
"ZiMAD, Inc.",1,1500,379,2.5
"ZiX Solutions, Weixi Studio",1,1487,540,12.58
Ziggy Makes Games,1,46,25,0.0
Zihan Wang,1,25,1,0.0
Zilby,1,149,56,0.35
Zillion Whales,1,599,365,7.93
"Zillion Whales, Creat Studios",1,425,131,14.07
Zilong Game Limited,1,621,571,2.97
Zima software,2,794,47,10.9
"Zimventures, LLC",1,11,1,0.0
Zin Games LLC,1,4,0,0.0
Zindeaxx Games,2,1,2,0.0
Zing Games Inc.,1,312,54,0.62
Zinnusl,1,2,3,0.0
Zitrix Megalomedia,1,118,101,2.37
Ziyi Zhang,1,16,2,0.0
Zkolibre Studio,1,4,14,0.0
Zloy Krot Studio,6,1218,305,3.4316666666666666
ZoR Dev,1,30,8,0.0
ZocaLight,1,19,6,0.0
"Zoe Vartanian, Badru, Isa Hutchinson, Michael Bell",1,8563,757,14.03
Zoglu,1,10,1,0.0
Zoink,1,666,183,5.3
Zoink Games,4,1412,176,2.8775
"Zoink, Thunderful",1,4120,518,8.15
Zojoi,8,886,221,1.5425
Zolden Games,3,145,87,0.7333333333333334
Zoltán Kucsik,1,6,1,0.0
Zombie Developer,1,20,11,0.0
Zombie Dynamics,1,513,262,2.15
Zombie Panic! Team,1,6541,1185,105.53
Zombie Soup,1,1,1,0.0
Zombie Studios,5,1538,2130,1.8079999999999998
ZoneStudios,1,2,0,0.0
Zono,1,406,23,1.45
Zoo Corporation,9,3856,832,3.354444444444445
Zoom Games,1,13,4,0.0
Zoom Out Games,1,11,9,0.0
"Zoom2Games, Melesta, Alawar Southpoint",1,6,0,0.0
ZoopTEK,1,18,2,0.0
Zootfly,2,2226,367,1.245
Zordix AB,2,151,56,0.24
Zordix Racing,1,95,134,24.38
Zotnip,2,89,8,0.55
Zouking,1,264,143,4.55
ZovGame,2,49,70,0.19
Zoë Mode,3,1286,417,6.63
Zuo Yan,1,7,0,0.0
Zut Games,1,82,11,3.93
Zydrone,1,61,38,0.0
[2.21],2,912,24,1.315
[DRAMATIC MUSIC PLAYS],2,573,117,2.24
[OneManBand],2,195,21,2.61
[SAMPLE TEXT] Studios ltd,1,14,7,0.0
[bracket]games,1,144,82,2.6
"[erka:es], Darksquid Media",1,330,83,6.23
[geim].pro,1,1950,1130,3.93
[untitledDev],1,263,55,6.33
_Echelon Software,1,192,28,26.35
_trackC Studios,1,0,1,0.0
a bonfire of souls,1,32,8,0.0
a.mighty.dish,1,19,7,0.05
a2z Interactive,1,3339,1688,10.52
a327ex,2,4299,249,5.11
aCosmos,1,9,2,0.0
aNCHOR Inc.,4,4996,266,16.677500000000002
"aNCHOR Inc., fuzz, Inc.",5,694,364,11.802000000000001
aQuadiun,1,107,9,0.0
aberrator,1,147,13,0.0
aburasobabiyori,2,371,87,0.635
"acechariot, acechariot",1,9,14,0.0
acet,1,1,0,0.0
adamgryu,1,18904,160,2.62
aimino,1,36,7,0.0
aiueoKompany,1,452,74,3.48
"alexnown, Kunio",1,4,5,0.0
"alkaitagi, PerfectHumanInterface",1,17,6,0.0
alpha six productions,1,66,98,0.38
altairworks,1,50,5,10.47
ambai,1,1528,65,4.02
"ampersandbear, YellowAfterlife",1,29,1,0.0
amulware,1,90,7,1.15
angelos siskos,1,8,7,0.0
anotherGD,1,2,1,0.0
anotherworld GmbH,2,392,82,0.24
ansdor,1,1444,206,0.7
app2fun,1,106,180,0.93
aqwatron,1,22,8,4.08
aresarx,1,9,18,4.58
astragon Entertainment,1,181,129,30.68
attic Entertainment Software GmbH,3,222,81,7.583333333333333
auer Media & Entertainment Corp.,1,45,21,0.0
azimut team,1,1,5,0.0
azimuth team,12,559,655,1.2783333333333333
b movie games,1,29,22,0.0
b-Alive,1,97,469,2.85
b-alive gmbh,10,944,526,1.907
b08,1,9,10,0.0
b1stable,1,7,2,0.0
bHaptics Inc.,1,9,2,0.0
bad monkee,1,21,19,0.0
bananadev.,1,1462,242,0.0
bankbank,1,13,3,0.0
baron sengia,2,198,53,0.09
batensan,1,229,18,5.55
battle fire studio,1,53,34,0.0
bdme,1,50,61,0.0
"beActive, Produções Interactivas, S.A.",1,0,2,0.0
beans rolls,11,97,71,0.0
ben lunato,5,223,55,0.0
bhungry,2,136,39,0.115
bibimbapstudio,1,18,7,0.0
big pineapple,1,80,51,0.0
bighandinsky,1,9,0,0.0
bilge,1,532,94,0.78
bing chi,1,1,0,0.0
bit paradigm,1,317,45,0.0
bitComposer Games,1,192,81,0.0
bitHuffel,1,77,13,0.33
bitSmith Games,2,36,77,1.865
bitshift,1,5,4,0.0
bkdove studios,1,5,0,0.0
blamedrop,1,87,9,5.18
blank-note & Frontwing,1,161,14,0.0
bluebox interactive,1,5,4,3.42
bluehexagons,1,4,1,0.0
bluesky,1,32,13,0.0
bluffman,2,176,56,1.975
bocoboc,1,5,5,0.0
bongjicat(BLUE HOUR),1,13,7,0.0
"booblyc, parafeks",1,42,25,0.0
borgia mango,1,59,12,0.0
brennfeu,1,30,2,0.0
brusnik.com,1,9,2,0.0
brutalsoft,1,28,1,0.18
btf,3,1746,666,1.3766666666666667
bucikpro,1,706,935,1.7
buffalo buffalo buffalo,1,3,0,0.0
buho game,1,23,4,0.0
bumblebee,5,426,286,3.16
bumblebee.,2,615,223,5.8999999999999995
buster4,1,2,3,0.0
butcha,1,20,2,0.0
buyaoguan,2,9,9,0.0
by AUSTIN JAMES,1,9,0,0.0
by Jan Zizka,1,52,30,0.0
byMixNez,1,59,16,0.0
byolivierb,1,777,89,0.0
cBlck,11,34,67,0.0
cKolmos narrative.,1,48,10,0.0
cae78soft.com,1,7,0,0.0
caiys,6,1078,133,8.92
calme,2,2246,208,3.045
"camefrom.space, Marco Sadowski",1,40,97,4.23
candyrocketstudio,1,190,129,1.73
capture1,1,269,87,17.48
carla51,1,487,28,0.0
"cavalie_ro, S.C. 16 BIT NIGHTS S.R.L.",1,54,5,0.0
cbritez,1,92,22,2.97
celikgames,1,0,1,0.0
cg-imagine,1,46,71,0.0
chaikadev,1,125,12,0.73
chaos,1,0,4,0.0
chaosikaros,1,5,2,0.0
chenjd,1,16,5,0.0
chi,1,2,2,0.0
chlsea,1,717,114,2.05
chris_antoni,1,43,10,0.0
christian tavares da silva,1,15,6,0.0
chushengjia,1,1,0,0.0
chx125ck,1,432,18,0.0
cloneZone,1,12,2,0.0
cloodhee,1,19,2,0.0
codapill,1,25,6,0.0
code:jp,2,320,60,2.835
"concluse_dev, T Allen Studios",2,438,164,0.0
coolnames,2,71,19,0.0
cornthea,1,97,80,0.0
cosineman,1,3,1,0.0
cosmic_dust,1,1,0,0.0
crea-ture Studios Inc.,1,12016,2383,43.85
creasso,1,7,4,0.0
"crim Co., Ltd.",1,341,45,1.03
crowgames UG (haftungsbeschränkt),1,15,2,0.0
cryhades,2,226,24,2.84
cursorstudio,1,13,7,0.0
cybercritics,1,9,9,0.0
cyboheart,1,37,28,0.0
cys20 studio,1,31,22,0.0
cyy,1,92,7,0.0
d3t,1,282,96,4.2
d4rkd0s,2,31,4,0.0
dOOb games srl,1,56,15,0.0
daGusto,1,2,1,0.0
damian3k,1,84,36,0.55
"danbo, woof",1,739,8,4.85
daniel coady.,1,21,0,0.0
dark made games,1,1,2,0.0
darksciencelab,1,5,3,0.0
davemakes,1,254,5,0.32
"db.works, Vetron",1,144,100,3.45
"de Fault, Chard, Richard Campbell",2,647,136,0.0
deadweight games,1,6,12,0.0
decigraham,1,4,0,0.0
del,1,0,1,0.0
del7in,3,10,15,0.0
derevotyan,4,178,16,0.0
desaccord art,1,2,1,0.0
desunoya,3,99,23,2.86
dev dev,1,47,42,0.0
dev4play,2,6,7,0.0
devCAT,1,5300,2563,18.92
"dev_dwarf, HIS, Lewmoth, nickmuse",1,64,2,0.0
devmeat,1,3,0,0.0
devotid,2,5342,322,6.180000000000001
dfree,1,17,5,0.0
dhamster,1,216,39,0.0
dieselmine,1,113,33,7.38
dietzribi,1,715,43,4.85
different cloth,1,25,9,0.47
digitalbathtub,1,5,0,0.0
diman production,2,117,39,3.545
dimeStudios,1,13,3,0.0
"dimecoin, Bestow",1,1,0,0.0
dimosha_92,1,2,0,0.0
dlan,1,24,7,0.0
doBell,1,203,58,0.0
"doekuramori, Top Hat Studios Inc",1,1868,157,2.13
doger的游戏小屋,1,27,2,0.0
dogpet,1,202,4,0.0
doinksoft,2,5390,384,3.3949999999999996
"domo, stramp",1,7,1,0.0
dongxujuan,1,1,0,0.0
dosinis,1,2,2,0.0
dotBunny,1,180,187,0.27
dotparc,1,10,2,0.0
doublesix,1,78,107,1.07
dramatic create,1,120,19,0.0
droqen,2,370,226,0.385
ds-sans,1,665,65,1.02
dsdev games,1,10,4,0.0
dtp Entertainment,1,81,28,5.85
dtp – young entertainment Gmbh & Co. KG,4,21,8,0.0425
dustinaux,2,37,0,0.0
e-FunSoft Games,16,198,84,0.0
e-Solution,1,26,37,0.0
e-funsoft,1,13,4,0.0
e.com,1,36,39,0.33
eFunSoft Games,2,6,5,0.0
"eJaw, Creobit",1,45,43,6.62
eProdigy,3,79,42,0.0
eSail Ltd.,1,692,44,6.12
eX Software,1,14,0,0.0
eagleclaw774,1,4,2,0.0
earrgames,2,244,59,1.26
ebi-hime,16,3851,643,1.569375
echo games,1,356,81,3.42
ecoddr,2,307,33,0.44
edco,2,583,145,1.775
eduweb,2,11536,365,12.620000000000001
efunsoft games,1,13,2,0.0
eiNpictures,1,14,3,0.0
eight game studio,1,209,119,5.37
eiloware,2,15,7,1.21
ejew.in,1,28,7,0.0
ektomarch,2,136,48,0.15
ekusutola,1,1,0,0.0
electrolyte,2,352,114,1.415
emergeWorlds,1,153,34,0.0
empty assembly,1,45,9,0.0
enBask Studios,1,5,1,0.0
encurio,1,434,536,1.3
"epic dreams, diman production, nobodyshot",1,875,255,4.82
etaxoft,1,29,0,0.0
etherane,4,5582,158,3.0025
eugeniy_kh,1,7,4,0.0
everythingherbs,1,3,1,0.0
evlavv_studio,2,22,45,0.0
exDream,1,99,83,0.98
exagongames,2,415,268,4.275
exaheva,1,59,6,0.0
exosyphen studios,7,1188,904,1.042857142857143
familyplay,3,36,22,1.6600000000000001
feemodev,1,287,24,1.05
felipejoys,1,32,2,0.0
finalbossblues,1,85,2,0.0
"flow Inc., tackgames",1,5,7,0.0
fluckyMachine,1,142,35,17.4
forever8pus,1,1,7,0.0
foxel_,1,47,4,0.0
frecle,1,576,86,0.83
free08Games,1,103,14,5.47
frozenen,1,8,12,0.0
fushidaratei,1,468,53,8.02
futurelovegame,1,58,22,0.0
"galanti, Vaka Game Magazine",1,124,16,3.28
games by lum,1,200,16,0.0
games.Sharbit,1,11,5,0.0
gametornado,1,133,49,0.0
gamigo AG,1,471,293,32.22
gamigo US Inc.,2,82450,21163,55.95
gearspecs,1,67,12,3.2
"gebrueder beetz filmproduktion, High Road Stories",1,6,1,0.0
gentome,1,1,0,0.0
ghiboz,1,32,63,0.0
ghosthunter,1,13689,194,1.47
girl software,2,129,10,0.0
gnifrebel Games UG,1,304,90,14.9
gnomearc,1,1,0,0.0
gomostudios,1,15,1,0.0
goonswarm,2,145,49,1.99
"gord10, Aslan Game Studio",1,596,580,0.3
grapefrukt games,2,273,54,0.935
grin robot,3,53,2,0.0
guanbees,1,0,3,0.0
guang zhou xi pu wang luo ke ji you xian gong si,1,2,3,0.0
guilemus,1,15,0,0.0
gurkenlabs,1,9,4,0.0
gz.inc,1,7,8,0.0
"h.a.n.d., Inc.",1,9933,1026,51.12
hOSHI,2,244,47,1.6400000000000001
haimio,1,2,0,0.0
hajo,1,7,0,0.0
"hako life, hako 生活",1,1603,70,5.52
hammer Games,1,0,4,0.0
happyking,1,3,1,0.0
heinn,1,11,0,0.0
hellorabbitstudio,1,18,10,0.0
"herron_wask, Herron Wask A.k.a Jitu",1,4,1,0.0
herun,1,1,0,0.0
heyjeff,4,13,7,0.0
hiddenVisions,1,61,9,0.0
higopage,1,108,14,3.68
hikarumiwa.,1,109,7,0.0
hinyari9,1,2715,175,3.75
hishapes,1,81,40,0.57
hlib.ch,1,14,2,0.0
hlink,1,5,1,0.0
hslentz,1,2,0,0.0
hubiao,3,19,64,0.023333333333333334
hublab,1,99,6,0.0
huki damari,1,85,22,0.6
hukurou91,1,2,0,0.0
hybrisgames,1,32,2,0.0
hyperboreanGames,1,92,16,2.77
"hyperboreanGames, Svarog Studios",1,1019,269,3.58
i273 LLC,2,179,41,0.81
iBlackpen,2,1715,133,0.31
iDev Games,1,129,105,5.42
iDs Games,1,161,77,4.42
iEntertainment Network Inc,1,32,32,0.0
iFAction Studio,1,35,15,0.42
iFun4all S.A.,2,152,21,3.9899999999999998
iGindisGames,1,60,18,0.0
iMax-Gen,1,65,20,0.1
iMaxGen,1,36,39,0.0
"iMel, qureate",4,803,90,1.45
iNFINITE Production,1,38,21,0.42
iNK Stories,1,27,13,0.0
"iNK Stories, N-Fusion Interactive",1,824,253,1.02
iQuantile,1,10,8,0.0
"iRacing.com Motorsport Simulations, iRacing",1,4323,700,42.1
iamrece,1,0,1,0.0
ic3bug,1,48,15,0.0
icon.games,1,49,11,0.0
iconical Ltd.,1,29,14,0.0
id Software,16,483209,50748,6.789375
"id Software, Avalanche Studios",1,10320,6086,21.83
"id Software, Nightdive Studios",2,31377,1384,7.85
"id Software, Nightdive Studios, MachineGames",2,22747,881,5.0649999999999995
idoz & phops,1,1992,250,7.02
idris Celik,2,30,40,0.0
ifgames studio,1,30,23,0.0
ihobo games,1,21,3,0.0
ijal Studio,2,27,31,0.0
ill lit studio,1,3,5,0.0
illius,1,119,25,0.0
illuCalab,3,708,135,3.7833333333333337
"illuCalab, FLIPFLOPs, Japanime Digital",1,464,111,3.98
"illystray, verkme",1,157,53,0.0
ilyumi,2,5,1,0.0
ilzard,1,82,11,0.32
imaginite Ltd,1,133,74,3.18
imbagroup,1,45,28,0.0
immersionFX,1,87,77,3.22
inVantage Technologies,1,179,95,0.0
inXile Entertainment,9,31746,7446,11.347777777777777
"inXile Entertainment, Krome Studios",1,193,83,0.33
inbetweengames,2,1241,192,1.16
increpare games,3,2058,168,1.2066666666666668
indie-dir,1,16,4,0.0
indie_games_studio,2,263,186,0.015
indiegames3000,4,81,55,0.0
inkle Ltd,4,3155,459,4.1875
"inkle Ltd, Cape Guy Ltd",1,1769,187,8.18
inngamezstudio,1,170,49,0.0
intelectiva,1,8,0,0.0
invrse studios,1,120,70,2.55
invwindy,1,44,4,0.0
"invwindy, congwsbn, W.Q.C",1,15,0,0.0
ioneo,1,417,479,8.12
iosoftware,2,297,147,1.1400000000000001
ipei_retland,1,28,8,0.0
isTom Games Kft.,2,2027,161,3.55
islaOliva Games,1,127,15,0.0
islesofciphar.com,1,45,32,0.13
ismail ozel,1,12,5,0.0
it Matters Games,1,782,225,4.38
iv2 Games,1,11,1,0.0
j4nw,1,737,85,3.15
jackal_dev_test,1,1209,212,0.0
jackgame,1,1,3,0.0
jaremystudio,1,0,3,0.0
jeffgamedev,1,34,17,0.02
jemchicomac,1,32,64,3.75
joqlepecheur,1,9,0,0.0
jota-gil,1,25,11,0.0
joynow,1,69,108,0.0
joynowstudio,1,28,49,0.0
jpm_games,1,891,48,0.45
juhbeedesigns,1,1,1,0.0
jumpsuit entertainment UG (haftungsbeschränkt),1,497,27,4.37
justblack,1,6,1,0.0
jwiggs,1,112,18,0.0
k.Song Tan,2,63,15,0.0
k148,1,2,3,0.0
k148 Game Studio,2,133,44,0.0
kChamp Games,2,32723,2374,14.584999999999999
kagaya,1,630,19,7.7
kalanhow,1,106,28,0.78
kaleidoscube,1,1672,142,2.45
kamichichi,1,268,41,22.13
kan.kikuchi,3,144,42,0.07666666666666667
kantal collective,1,77,24,0.0
kashW,1,13,12,0.0
kassstwa,1,32,5,0.0
"katanadeath, Alien Jellyfish",1,34,19,0.0
kazakovstudios,1,13,7,0.0
keggame,1,21,9,3.42
kelkk,1,13,14,0.0
keron veal,3,1407,99,0.0
khos85,3,52,51,1.29
kibou,2,1,1,0.0
kido,1,350,18,0.0
kikiyama,1,8120,509,2.5
kingna studio,1,79,47,0.4
"klutzGames, Fleischfilm",1,22,1,0.0
kouri,1,4343,43,3.28
kuklam studios,1,119,12,0.93
kunst-stoff GmbH,1,47,25,0.75
kurigamedev,2,67,1,0.0
kylix studio,1,61,51,4.53
l3l,1,11,0,0.0
lalworks,1,3,2,0.0
lamb of game,3,437,102,0.51
landfall,1,146,41,1.78
lastgame,4,197,66,0.07
le8 stdio,1,17,29,0.0
leaves,1,203,35,0.0
leeve_weky,1,41,3,0.0
leimonya,2,10,0,0.0
light,1,534,77,12.53
lightUP,4,63,10,0.0
like,1,2,1,0.0
like Charlie,2,6220,436,4.635
lineindevs,1,3,4,0.0
littleGigantic,1,19,4,0.0
liugao,2,1,2,0.0
liuguowang,1,16,13,0.0
lol,1,48,38,0.0
loloop,1,44,5,0.0
lonch.me,1,10,8,0.0
lordmartin101,1,0,1,0.0
louis morel,3,271,53,0.0
lovelin,1,39,29,0.0
lower third,1,56,30,0.0
lsimul,1,19,7,0.0
"lynchhead, lynchhead",1,1,0,0.0
m4g,1,22,57,3.82
mGameStuido,1,3,1,0.0
mPower Games Studio,2,186,120,211.815
maJAJa,1,6711,192,16.58
maddma,1,7,8,3.47
madosoft,1,362,37,9.28
magicdweedoo,3,78,5,1.3499999999999999
magicpro,1,34,19,0.0
magnussoft,7,5,4,0.0
mahojigoku,1,54,5,0.0
maitan69,1,1637,230,1.68
makaroll,1,666,188,10.92
makemepulse,1,33,16,0.0
marbenx,1,9436,461,2.08
mañana studios,1,117,114,0.0
mc2games,4,1284,226,1.7325
me,2,4,4,0.0
me.mento XR interactive AG,1,12,6,0.0
meLtRoman,1,25,0,0.0
mebius.,1,71,22,0.42
mecagames,1,116,27,0.0
megaeggz,1,2,0,0.0
megaseven,1,5,2,0.0
melessthanthree,1,458,26,2.4
meokigame,5,89,65,0.0
mesetts,1,91,118,4.53
mestiez,1,277746,4017,66.87
metagalaxy panda,1,26,4,0.0
metricminds GmbH & Co KG,1,315,38,3.9
mibix,1,58,6,0.0
micatrix,1,5,2,0.0
mimicryTeam,1,740,272,4.68
mindfungus,1,43,0,0.0
mino_dev,1,811,27,3.43
minori,5,5003,141,1.44
minos,1,2,7,0.0
miqu studio,1,21,30,2.52
mirzagame5,1,64,33,0.0
mistertabasco,1,20,1,0.0
"mistopportunity, Kampen Räddare",1,2,0,0.0
mkaatr,1,24,12,0.0
mod.kitchen,1,50,6,0.0
moi rai games,1,10468,971,21.65
momoStorm Entertainment,2,632,684,3.91
"monime, iMel",1,58,0,0.0
monkey.joyful,1,35,7,0.0
morning glows,1,17,1,0.0
morojenoe's empire,5,146,146,0.06999999999999999
mountain bird,1,2,2,0.0
mrcq,1,2,2,0.0
"mtb design works, inc.",1,227,30,0.52
myTrueSound,1,4,0,0.0
nDreams,1,115,49,2.58
nDreams / Near Light,1,205,22,4.38
nFusion Interactive,1,403,90,3.72
nP Studios,2,19,1,0.0
"nWay, INC",1,1261,267,5.03
nada studio,1,69,10,0.0
"nalothchris, swanee734",1,39,24,0.0
namespace.media,1,26,2,0.0
nanos GbR,1,2078,580,3.93
neko.works,2,406,79,1.71
nekogameteacher,1,229,58,3.05
neon,1,28,4,0.0
netmin games,3,103,38,0.0
new dev,1,280,242,3.45
niceplay games,1,34716,2892,11.68
nickar82,1,3,0,0.0
nicolet.jp,1,8,1,0.0
nilow,1,4,13,0.0
nilson carroll,1,7,2,0.0
ninjadodogames,1,25,18,0.03
ninjalex,1,589,555,4.93
"njb design llc, martinez, eipaw ltd",1,11,13,0.0
nkmr appworks,1,8,1,0.0
"no CVT, BlackMuffin",1,182,110,1.0
nobodyshot,2,2541,1539,65.49000000000001
"nobodyshot, diman production",1,46,76,3.4
noiarc,1,2,1,0.0
nolife labs,1,52,20,0.65
none,4,32,83,3.4125
nonononono,1,203,57,0.83
nooon.io,1,9,4,0.0
noprops,1,1,2,0.0
nornware AB,2,1570,146,2.935
norum82,1,21,22,83.28
notagamestudio,3,51,5,0.0
npp_trainer,1,112,183,3.93
"npuKoJI team, Prikol Team",1,26,2,0.0
numlock,1,10,26,0.0
oToastTv,1,9,0,0.0
ocasocreations,1,1,0,0.0
oddByte,1,57,6,7.45
"oeFun, Inc.",1,10,21,0.0
oldhc,1,155,72,9.53
olsenF,1,19,7,0.0
omidjm,1,12,0,0.0
ondydev,1,170,6,7.2
oneP,1,0,1,0.0
onebitbeyond,1,1462,855,27.23
onebraverobot,1,78,4,0.0
ongmaker熔核工作室,1,16,5,0.0
ooblies,1,128,36,0.0
orange,1,23,5,0.0
origamihero games,3,30,2,0.0
orochi2k,1,23,3,0.0
otter otter game,1,29,18,0.0
ovos,1,32,36,0.5
padendon,1,979,182,4.9
panstasz,1,8588,793,6.25
paulstephendavis,1,4,1,0.0
"peakvox, O-TWO inc.",3,940,119,5.776666666666667
peevasseeq games,2,51,43,0.06
pengjianNiu,1,4,1,0.0
peperoncino,2,210,119,1.36
peropero,1,107491,11938,20.6
petraguardsoftware.com,1,1,1,0.0
pg5-Studio,1,568,286,0.0
pg_bassist,1,1,4,0.0
pheenix93,2,141,143,2.33
"pheenix93, KtSmag",1,32,16,3.7
phime studio LLC,7,258,125,4.855714285714286
photographer,1,22,13,0.0
piratecat games,2,166,98,0.16
pixel games SARL-S,1,125,18,1.7
plagueNurse,1,2,2,0.0
platypurplestudios,1,14,5,0.0
playchocolate,1,53,16,0.0
"playerzklubVRstudios, CrystalMesh UG",1,0,2,0.0
playuntrusted.com,1,822,147,0.0
pointfiveteam,1,19,10,3.13
points contigus,1,2,0,0.0
polymodeentertainment,1,9,1,0.0
poncle,1,246479,3855,37.22
pophead,1,1,0,0.0
"postpunkpl, atabiszewski",1,136,183,1.28
potato-life,1,274,31,1.67
powerman,1,8,2,0.0
practicing01,1,54,81,0.0
prettysmart games,1,52,3,0.0
propeller,1,76,8,26.38
purpleElephant,1,27,29,0.0
pyx-games,1,5,0,0.0
qberty,1,8,3,0.0
qrnch Tech AB,1,1,1,0.0
quad games,1,393,575,3.82
quan home,1,28,7,0.0
quanhome,1,13,3,0.0
quasardeep,1,133,52,1.63
quicktequila,2,2538,289,1.76
qureate,1,282,53,0.88
"qureate, Orgesta Inc.",1,565,147,6.92
"qureate, iMel Inc.",1,406,24,1.35
rBornGames,1,4,1,0.0
radiostatic,1,55,5,12.28
radiuthree,1,3,0,0.0
rainstory.games,1,2,1,0.0
randomcreations,1,66,18,1.23
raptor lab,4,2654,883,2.9000000000000004
rdein,1,1315,85,3.3
rdt.32,1,840,599,3.23
reCore Games,1,12,5,0.0
realities.io,1,196,68,0.43
rebel rabbit,2,1366,148,0.91
redratic,1,8,6,0.0
reiti.net,1,35,10,0.0
remete,1,1,0,0.0
rese,1,77,13,1.58
resnijars,2,113,6,2.61
ritokergame,1,8,2,0.0
rkd.zone,1,50,22,1.88
robotrage,1,19,7,0.0
rocketship,2,223,124,0.09
rokaplay,4,435,130,1.345
rondomedia GmbH,1,153,148,5.75
russpuppy,5,975,245,2.338
ryArt,1,30,7,0.0
ryouko,1,4,6,0.0
s_unk,1,4,1,0.0
sad_gandalf,1,10,3,0.0
sadimakegames,1,91,9,0.0
sakastudio,2,21,5,0.0
sakevisual,3,273,39,0.6266666666666666
santasco.com,1,13,20,0.0
sawworm Games,1,18,1,0.0
scgame,1,9,7,0.0
scitydreamer,1,36,4,0.0
scopatgames,1,141,27,5.53
scriptwelder,3,3370,59,3.6533333333333338
sebagamesdev,1,2712,262,2.7
selenophobia,1,205,31,0.83
semiwork,1,4142,147,7.52
sen,2,7760,258,4.595
sheen.games,1,5,4,0.0
shinachiku-castella,1,420,82,3.87
shru,1,226,10,0.0
shunYing,1,2,6,0.0
shushanmao,1,4,0,0.0
sillikone,1,1,1,0.0
simplevfx,1,9,4,0.0
sizrit,1,921,84,0.0
slampunks,1,73,11,0.0
sleepy-racoon,1,6,0,0.0
slizer88,1,58,12,0.0
small bros,1,205,26,0.53
snekflat,1,5420,319,4.97
socah development,2,66,32,0.0
softvar,1,15,26,1.52
somdy age,1,11,3,0.0
songchenliang,1,15,11,0.0
souvenir circ.,3,529,119,0.9
spdr870,1,20,3,0.0
spleeN,1,18,1,0.0
"sprite, NekoNyan Ltd.",2,7183,139,8.425
ss,1,4,9,0.0
stage-nana,3,5675,275,15.223333333333334
staircase_developer,1,0,1,0.0
"starlit studios, http://starlit-studio.com/",1,9,6,0.0
stdio.gypsy,1,3,1,0.0
stealth.gg,1,152,192,4.9
stellarNull,1,133,26,0.02
stillalive studios,6,18475,5736,14.843333333333334
storkyproduct,1,32,9,0.0
storm_sharks,1,447,357,4.32
stormnebulae,1,283,17,0.0
"storyk21674, STILILA, 貓蛋",1,305,16,1.12
studeii,1,5,0,0.0
studio Don Quixote,1,11,27,27.57
studio joh,1,809,94,0.0
studio wasp,4,66,14,0.0
studio4,1,15,13,1.97
studiocime,1,159,41,1.5
sunspotgame,1,19,1,0.0
sususu,1,171,60,0.1
suxamethonium,1,471,92,3.62
tT Studios,1,212,16,3.73
taecg,1,2,4,0.0
takayakata,1,203,11,0.82
takk,1,329,74,3.32
tamationgames,2,1214,159,0.375
targim.,1,0,1,0.0
team BitClub,2,415,123,1.86
teamcoil,1,1308,181,28.88
teamsupport,2,64,13,0.0
teedoubleuGAMES,2,434,198,4.28
tensixfour Creative,1,55,55,0.0
tequibo,1,247,91,3.85
terunon's Lab,1,59,6,0.0
tfk1 games studios,1,0,1,0.0
that games guy,2,1,9,0.0
thatgamecompany,2,36215,2880,2.085
the Bratans,2,83,55,0.015
"the last evil wizard, Nupu Neko Dev",1,3624,297,4.57
the whale husband,2,4823,1075,0.135
theConstructVR,1,7,4,0.0
thecatamites,1,72,3,0.32
"thelaumix productions, Lukas A. Schopf",1,3,1,0.0
"themorfeus, Junkhive",1,103,15,2.83
threeW,1,42,10,0.0
thugzilladev,1,455,58,0.52
"tiny cactus studio, Tsuyomi",1,97,2,0.0
tinyBuild,1,1972,528,2.57
tinyDino Games,1,159,73,0.48
tjern,3,175,29,1.32
toOrock,1,0,2,0.0
toR Studio,1,60,20,0.5
tobyfox,1,264082,8850,12.73
tokoronyori,1,46,1,0.0
tomeapp,1,219,92,6.43
tons of bits,1,211,22,0.0
toowiggly,1,37,0,0.0
"torcado, Bibiki",1,84,2,0.0
toropippi,1,190,6,0.0
torumees.games,1,5,8,0.0
toxtronyx interactive GmbH,1,11,41,4.62
tox² interactive GmbH,1,545,580,7.15
trasnatech,1,467,68,55.53
tree,1,2,2,0.0
treeform,1,2325,337,8.38
tri-Ace,1,737,180,19.82
tso,1,0,2,0.0
tulevik.EU,1,62,27,0.0
turninGear,1,21,7,0.0
tylerist.es,1,1,1,0.0
u&amp;i,3,4095,396,0.07666666666666667
ultranet.org,1,185,0,0.0
umi,1,0,1,0.0
unbeGames,1,114,30,0.0
undef,1,28,5,2.6
upjers,10,2001,1430,21.435
urbgames,1,644,93,11.18
ustwo games,2,14390,940,2.425
utStudio,1,85,5,0.0
uut games,1,20,14,0.0
v645,1,2,1,0.0
vaniloput games,1,6,2,0.0
vanripper,1,122115,2803,7.93
varlamov5264,2,873,142,0.79
vedev,1,193,8,0.0
velkomin,1,3,0,0.0
vertex4 entertainment GmbH,1,126,49,0.0
vested interest,1,112,3,0.42
vextro,1,403,140,0.3
victor sette games,1,3,0,0.0
vidiludi games and entertainment,1,829,586,2.12
vikingfabian,2,699,79,4.74
vm.cabello,1,79,14,1.28
voodoosoft,1,11,5,0.0
w,1,5,8,0.0
w2lf,1,2,6,0.0
waci11,1,3,1,0.0
wannaodin,1,21,7,0.0
"waqre, waher",1,5,1,0.0
warka,1,38,12,5.53
waterxmelon,1,46,30,0.1
weikeduo,1,77,77,0.0
weltenbauer. Software Entwicklung GmbH,2,6023,1350,20.064999999999998
weyha.com,1,13,19,0.0
wezor,1,2,7,0.0
whaleo,1,4,16,0.0
whitesquare,1,747,576,1.18
wildprophecy,1,3,2,0.0
windfallsoft,1,2,0,0.0
winknowsgames,1,1,1,0.0
"wins_84, gamebalance",1,243,10,4.42
winterworks GmbH,1,244,30,1.88
winwill工作室,1,153,38,0.0
"wolfzq, 鬼畜3G",1,54,18,0.18
woodya,1,231,124,0.0
wow wow Games,1,0,7,0.0
wozitdev,1,27,13,0.0
wrong.dog studios,1,1,1,0.0
www.VolkGam.ru,1,2,0,0.0
"x-climb, Inc.",1,6,5,0.0
x0to1,1,14,0,0.0
x2Roulette,1,13,24,0.0
xFAIRx,2,46,23,0.0
xPathfinder,1,54,36,4.93
xXx_Skipper_xXx,1,734,34,0.8
xexai,1,5,0,0.0
xingchunfang,1,1,0,0.0
xixgames,1,33,17,0.0
xproject,1,18,15,0.0
xrrawva,3,214,99,0.2333333333333333
xu jun,1,11,0,0.0
xvzan,1,1,0,0.0
xxgameroom,1,54,0,0.0
"xxxmenshxxx, Feodosiy",1,119,20,0.97
y8.com,2,856,83,14.29
yatsunagi,1,106,6,0.0
yayapipi,1,57,35,0.0
yeo,1,2528,313,6.47
yeswecamp,3,4379,515,6.21
yevhen8,1,6297,329,64.63
yeyinggame,1,1,0,0.0
yo_serjio,2,440,173,0.0
yomogi_soft,1,164,23,16.45
yondray,1,111,45,0.0
yosan,1,7,1,0.0
"yousoi, sadboy",1,199,3,0.0
yu,1,1,4,0.0
yukitama,1,1,0,0.0
yuyang,1,4,0,0.0
zDS,1,6,0,0.0
zP1nG,1,10,2,0.0
zelun_,1,27,15,0.0
zerofiftyone,1,14,2,0.0
zeroplaystone,2,51,40,0.0
"zha7, Phaedruns, Yingke Wu",1,283,153,24.8
zhi wen zhang,1,1,1,0.0
ziegler gamedev GbR,1,33,8,0.0
znq.,1,4,7,0.0
zzong,1,1,1,0.0
{uni},1,12,8,0.0
Álvaro García (binarynonsense),1,1173,54,0.0
"Çamlıca GameLab, Neuron Entertainment",1,172,40,0.0
Étienne Périn,1,160,90,0.07
Ômega Games,1,15,0,0.0
"ÖBB, TopGames",1,7,3,0.0
Özgün BURSALIOĞLU,1,0,7,0.0
ÜmitEski Studio,1,10,5,0.0
Łukasz Jakowski,1,41684,4711,71.57
Štěpán Meister,1,3,0,0.0
"Štěpán Sedmík, Lukáš Vorlíček",1,38,17,0.0
"ωstar, Seikei Production",1,2769,112,147.38
"ИЛЬЯМАЗО, sad3d",1,614,194,1.83
"Камин Игнат Алексеевич, Kamin Ignat Alekseevich, Elisey Waylone (Elisey Cherkashin Alekseevich), MadCat Sound Design",1,28,15,0.0
КиКо,3,615,161,2.54
"Новый Диск, Lesta Studio",1,136,98,3.25
Носков Сергей,3,4676,1524,2.7933333333333334
"Почежерцев Влад, Кашковский Антон, Бурков Никита",1,29,35,5.12
"Сrazy Creator, Rosyaev",1,160,44,6.78
ТЯН ТЯН ТЯН ЛАМПОВАЯ ТЯН INDUSTRIES,1,67,25,0.0
"ТЯН ТЯН ТЯН ЛАМПОВАЯ ТЯН INDUSTRIES, Kazakhstan Sila Games",1,68,15,0.0
ХаБеБу,1,14,9,0.0
Эмиль Шагапов,1,100,47,0.0
дель7in,1,7,6,0.0
∇,2,113,7,0.0
▲ Pyramid Games,5,2651,941,2.132
"▲ Pyramid Games, Art Games Studio S.A.",1,4,7,0.0
△○□× (Miwashiba),3,6024,388,2.8000000000000003
あみそ組,3,1174,181,0.8666666666666667
いくちおすてご,1,41,9,0.0
うさうさらびっと,1,14,3,0.0
うどんぱ,1,33,2,0.0
うんこモリモリ丸,1,590,59,3.22
しらたまこ,1,5265,66,12.68
ほんわかふわふわ,1,11,0,0.0
まどそふと,1,228,21,6.73
みなとカーニバルWorld,1,34,5,0.0
"ゆしま, YUSIMA",1,14,3,0.0
よるのあとち(Yorunoatochi),1,24,11,0.0
るしまる堂,1,398,253,2.95
"インレ, Inre",1,857,135,7.27
オートリ電子,1,146,36,0.25
シカクゲームズ,1,156,4,0.0
スタジオムマ,1,4,1,0.0
"ストロングツリー(HusHucHuライス), Strong Tree (HusHucHu Rice)",1,0,1,0.0
デジメカ製作所,1,58,1,0.0
"ファントムゾーン観測室, ケイエル",1,2,0,0.0
ミナプラス,1,134,28,1.32
ミラージュブリンガー,1,1,0,0.0
一寸光年G2工作室,1,2368,625,21.87
一抹红茶,1,4,0,0.0
一杯烟雨游戏工作室,1,37,25,1.42
七彩绘色游戏,1,165,54,0.35
七月九日,1,16,7,0.0
万族游戏,1,18,14,0.1
三脚猫,1,324,904,5.08
三角形游戏工作室,1,10,5,0.0
上海アリス幻樂団,15,12318,317,6.240666666666667
上海刃贤网络科技有限公司,1,36,31,0.0
上海奇速网络科技有限公司,1,10,11,0.0
上海愉游网络科技有限公司,1,30,54,5.02
上海摩力游数字娱乐有限公司,1,8,7,0.0
上海杜昂网络科技有限公司,1,1667,1863,28.72
"上海烛龙信息科技有限公司, Aurogon Shanghai",3,47703,8353,56.76333333333333
上海班图网络科技有限公司,1,192,97,0.98
上海闪速软件发展有限公司,1,7,6,0.0
不公开,2,359,72,0.0
不想上班工作室™,1,78,55,4.27
世界末日高考组,1,5,1,0.0
东方幕华祭制作组,1,2415,73,5.13
东方祈华梦制作组,2,787,41,2.495
中三之家,1,1155,189,0.0
"中央創遊_NCUGameCreator, 鶴鄉戀旅製作團隊",1,182,3,0.0
临雪制作组,1,18,9,0.0
丹橘游戏,1,594,327,50.35
为了共和开发团队,1,4,0,0.0
乐吧工作室,1,8,1,0.0
乐子人,1,10,9,0.0
乐客游戏,1,29,10,0.0
乔元成,1,14,3,0.0
九头龙工作室,1,24,4,0.0
二律背反,1,1284,86,0.0
"二色幽紫蝶, Re零同人社",2,28004,614,16.27
"云巅, 云巅",1,14,16,0.0
人工くらげ,1,71,8,0.0
人肉馒头,2,270,87,0.0
伊泽悦耳,1,2,8,0.0
修仙传,1,6,9,0.0
修仙界,1,38,35,0.0
"傅真, Yahu",1,286,36,5.72
傲雪小组,1,560,43,16.53
元气工作室,2,20,24,0.0
"兔子放映部, 喵喵兔放映部, Meow Bunny Studio",1,173,28,0.88
全战天下,1,45,14,0.0
全能侦探社,1,36,22,0.0
内购人生PABL,2,1536,256,2.3
冷笑黑妖,7,3727,345,1.087142857142857
凌剑工作室,1,48,41,0.0
凌晨大黑狗,1,197,59,0.0
凌望游戏工作室,1,2,2,0.0
凝冰剑斩,6,1562,113,0.5833333333333334
"创克游戏工作室, 小创",1,12,2,0.0
刺沙,1,7,12,0.0
北京九鳳信息科技有限公司,1,2904,1887,6.12
北京图之未来信息科技有限公司,1,60,9,0.0
北京星磐科技,1,578,200,2.0
北京目标在线科技有限公司,1,1832,508,15.62
十弦曲觞,1,6,2,0.0
南京沐色文化创意发展有限公司,1,26,5,0.0
卧熊工作室,1,34,10,0.0
厦门市火柴人科技有限公司,1,22,19,0.0
双叶小组,1,882,38,2.85
可能变不可能,1,1,0,0.0
吃了就睡工作室,1,68,32,0.0
"吃了就睡工作室, 夜神不说话",2,752,235,0.0
"吃了就睡工作室, 夜神说话",1,225,26,0.0
"吃了就睡工作室, 桃之夭夭",1,94,45,0.0
"吃了就睡工作室, 次韵和",1,777,14,0.0
同萌绘,1,55,13,0.0
呆梨游戏,1,1,3,0.0
呜噜噜,1,13,1,0.0
周北Zhoubei,1,14,4,0.0
哈视奇科技,2,184,71,0.39
喏喏小小工作室,1,11,1,0.0
喵法自然,1,291,24,0.0
喵鼎工作室,1,266,60,0.92
四元方程,1,11,1,0.0
"四元方程, 魁米乐游戏",1,19,1,0.0
四块二茶会,1,1081,31,9.55
在酒楼上,1,33,2,0.0
地航者,1,5,1,0.0
埋月山枯,2,451,70,0.0
基本操作PlayClass,1,41,12,0.0
墨色工作室,1,8,1,0.0
墨鱼玩游戏,1,23459,2192,26.02
夕,1,29,11,1.63
多拉拉游戏工作室,1,54,4,0.0
多极网络,3,709,293,30.76666666666667
夜葬半歌,1,189,29,0.0
夢かき屋,1,274,198,1.15
大以巴狼艾斯,1,189,14,0.0
大话江湖,1,6,7,0.0
大雪原工作室,1,1,1,0.0
天局,1,6,6,0.0
天河(TH Game),1,85,20,0.0
天津鑫鱼科技有限公司,1,3,1,0.0
奇正游戏,1,116,26,0.88
奶貓,1,4,0,0.0
好几万个脑洞,1,5,0,0.0
如果网络,1,4,8,0.0
妄想惑星,1,29,2,0.0
"妖妖灵制作组, 燃心游戏工作室",1,277,75,0.0
妖怪山地下实验室,1,189,17,8.78
威震天科技,1,0,1,0.0
孤单工作室,1,5,0,0.0
宁夏华夏西部影视城有限公司,1,5,7,0.0
"宅羊, 龙二",1,22,11,0.0
宇智波早苗,1,1,1,0.0
宇极VR胆小鬼,1,27,3,0.0
小团团工作室,1,1253,424,131.73
小海洋 MiniSea,1,58,14,0.0
小狗肠,1,0,2,0.0
小猎犬游戏工作室,1,1,0,0.0
小闲,2,118,13,0.0
属音制作组,1,2098,303,8.95
山竹,1,18,3,0.0
巫师工作室,1,35,10,0.0
已下架,1,78,93,0.0
"市松製化, https://1ma2szk.booth.pm/",1,266,53,3.88
幻想博物馆（Utopia Museum）,1,480,20,0.0
幻想理戈游戏开发工作室,1,45,16,0.0
幻想禁,1,4,8,0.0
幻想英雄传开发组,1,6,4,0.0
幻苍夜,1,2,1,0.0
广州希普网络科技有限公司,1,13,0,0.0
库库尔坎游戏工作室,1,38,18,0.0
应龙游戏,1,8,3,0.0
废材炼金术士,2,22,17,0.0
开水工作室,1,630,32,0.0
张冰墨,1,1,1,0.0
弦语蝶梦,1,70,25,0.0
彳亍工房,1,9,0,0.0
心之初,1,111,21,0.0
心流工作室（Heart Stream Studio）,1,74,75,0.0
惊叹号游戏工作室,1,899,697,2.38
戀愛奶昔,1,36,4,0.0
成都乐上网络科技有限公司,1,41,5,0.0
成都盟布克科技有限公司,1,12,2,0.0
我一人足矣,1,2,4,0.0
我妻寒十,2,433,101,0.0
托更的修罗,1,769,509,129.03
拉貢拉斯找金粒,1,38,31,4.32
拔剑者,1,5,2,0.0
拾光创梦,1,98,28,0.0
拾英工作室,1,13633,314,5.47
挂机的咸鱼,1,29,4,0.0
掌烛文化,1,72,32,0.0
掘墓人ZERO,2,10,0,0.0
摸鱼猫工作室,1,1558,164,155.02
"文定工作室, 润禾文定, 小创",1,1,3,0.0
无敌暴龙战神,1,0,2,0.0
"日和おしん, hiyoriosin",1,5,0,0.0
时空游侠,1,0,1,0.0
明枭网络,2,438,251,9.985
易远游戏,1,88,27,0.0
星屑ラボラトリー,1,119,14,0.2
星愿制作组,1,24,8,0.0
星环游戏,2,4,12,0.0
星罗云布工作室,1,58,50,0.0
星辰重工StellaGames,1,76,10,0.0
星零工作室,1,0,1,0.0
星飞游戏,1,35,13,0.0
晨雾幻想·器乐团,1,49,4,0.0
晨风工坊/DAWNWING SHOP,1,66,12,0.0
"晴, 3acg",1,95,6,0.0
曲波,1,287,13,3.67
有点意思,1,10,4,0.0
木子工坊,4,80,70,0.0
机械神狐教制作组,1,78,21,0.0
机迷工作室,1,381,134,7.98
朽木布可凋夜,1,20,3,0.0
"李淙, 指尖游道",1,0,2,0.0
杨君朝,1,2,2,0.0
杭州分浪网络科技有限公司,1,145,150,2.83
杰游科技,2,10,10,0.0
東方幕華祭制作组,1,1332,51,2.43
枝江幻想社,1,392,11,0.0
柚子丁工作室,1,562,161,12.47
校长模拟器,1,13,72,0.0
格林达姆136工程团,1,1765,86,0.0
"桐生バトラ（疑狐社）, 崎托, 月食图书室",1,198,32,3.37
"梅果子Plumko, 純白花園WeissGarden",1,23,1,0.0
梗植工作室,1,1,0,0.0
梦影幻忆,1,14,4,0.0
梵天游戏,3,482,246,0.0
森の中の猫の小屋,1,97,9,0.0
森林纵火犯,1,9,11,0.02
樂磚Joy Brick,1,1424,342,6.83
樱,1,46,25,0.0
橘子班,4,4034,309,9.415
"橘子班, 大好网",2,4305,1428,7.285
橙光游戏,15,1820,363,3.2753333333333337
武俠魚工作室,1,19,10,0.0
武儒小生,1,10,7,0.0
武汉幻狮科技有限公司,1,0,2,0.0
殇葵(K.),1,75,4,0.0
比爾呷可頌,1,3,1,0.0
汉家松鼠Han-Squirrel Studio,1,18556,4085,21.9
泽渔制作组,1,4,1,0.0
洋葱头科技,1,65,37,2.45
海南众铖互娱网络科技有限公司,1,4,6,0.0
深圳中青宝互动网络股份有限公司,1,77,64,0.0
深圳墨麟科技股份有限公司,1,38,66,0.0
深圳市爱玩游戏科技有限公司,1,148,134,0.37
深圳市百恩互动娱乐有限公司,1,58,26,0.0
深爪貴族,1,6506,312,6.22
清之鸣,1,224,56,10.55
清风,1,2,7,0.0
渡鸦游戏,1,10,5,0.0
"温小雨, 畅玩网络",1,10,5,0.0
游学者狐狸,1,1135,71,0.0
游韵游戏网络公司,1,10,13,0.0
渺云星,1,3,8,0.0
滑稽工作室,1,2028,315,190.58
漫森游戏工作室,1,361,142,4.93
漾夕,1,128,56,1.55
灰烬天国,3,905,156,0.42333333333333334
灵虚之幽,1,1,3,0.0
炎黄工作室,2,63,35,0.0
热泉 RedSpring,2,124,28,0.0
熊窝dodox,4,4210,522,1.28
爱玩工作室,1,2013,1339,9.23
犟游社,1,4,4,0.0
狐の旅路制作组,1,1409,73,0.0
狐一,1,11,0,0.0
"独立游戏开发组：, 萌逗, joy",1,167,148,9.63
"狼烟游戏studio, 雪糕棒",1,378,44,0.0
狼皮羊工作室,1,307,120,1.28
猕猴桃游戏,1,14,18,0.0
猫柚工作室,1,111,3,0.0
猫跑工作室,1,1290,104,15.82
王韋,1,76,6,0.0
甘肃嘉元数字科技有限公司,1,4706,2098,10.13
"用爱发电工作室, 小情小调",1,33,5,0.0
甲山林娛樂股份有限公司,1,257,228,6.42
疯王子,3,975,213,3.6766666666666663
白信鸽工作室,1,5,1,0.0
白日梦,1,2,0,0.0
白玉京工作室,1,428,165,12.25
白醋零卡,1,16,2,0.0
白露社,5,7374,498,4.29
百恩互娱,1,179,68,0.0
"真实模拟站, 真实模拟站",1,47,20,0.0
睦月文化,1,68,13,0.0
瞌睡真的瞌睡,1,7,3,0.0
知音动漫,1,42,32,0.0
石头工作室,1,7,3,0.12
石家庄龙游科技有限公司,1,3,1,0.0
碎片纪元工作室,1,59,1,0.0
神族宝,2,1035,78,0.0
神经刀游戏工作室,1,351,245,1.17
神经虾工作组,1,8,8,0.0
祥,1,76,9,0.0
离忧先生,1,433,167,5.33
秃鹰组长,1,226,23,0.0
秋之忧郁,1,264,10,1.62
秋太虚工作室,1,33,23,0.0
窝窝社,1,21,9,0.0
章鱼罐头制作组,2,1395,278,37.589999999999996
"第一點心, DimSumOneStudio",1,64,18,0.0
类人猿leiry,1,10,5,0.0
索尼克,1,20,2,0.0
红星,1,5,13,0.0
红渊,1,3807,280,5.95
织女星,1,3,2,0.0
绝汪,2,265,81,0.335
续梦科技工作室,1,3,0,0.0
绮梦妄想社,1,374,14,0.0
绿野,1,13,7,0.0
羲和工作室,1,673,343,1.98
羽良麻セルフ,1,1126,40,0.0
老公你说句话啊,1,48,4,0.0
老梅,1,1,1,0.0
肥羊,1,48,20,0.0
肥螳螂,1,42,29,0.0
胡桃遊戲,1,3,2,0.0
致意,4,2751,396,1.3299999999999998
"舞刀弄影, 舒尔佳",1,288,372,1.95
艺龙游戏,1,31311,3806,6.38
艾斯尼斯,1,10,9,0.0
艾露比工作室,1,49,19,0.0
若想创意设计工作室,1,3,1,0.0
莞爾の草,1,6,1,0.0
萌小圈游戏工作室,1,1,1,0.0
萌约游戏制作组,1,150,99,198.77
萝莉的骑士,1,3,0,0.0
"落叶岛项目组, 橘子班",1,9575,614,14.7
葡萄,1,4,2,0.0
葡萨工作室,1,2,0,0.0
蒐藏馆工作室,1,355,81,2.88
蓝色魅力,1,10,12,0.0
蔷薇千墨游戏组,1,96,64,0.85
藍茶高校 Blue Tea College,1,151,14,0.0
虚无制作组（Nilgamer）,1,28,12,0.0
蛋炒饭,2,10,0,0.0
蝴蝶互动信息技术有限公司,1,47,52,0.0
血色双眸,2,331,99,0.0
西安乐趣软件科技有限公司,1,21,18,0.0
觀象草圖 Astrolabe Draft,1,251,7,0.0
视趣互动（天津）科技有限公司,1,2,7,0.0
"誰かを思いやる心, Heart to care for someone",1,1,0,0.0
认真玩工作室,1,6,2,0.0
许志修,1,20,17,0.0
豆丁儿独立游戏工作室,1,388,14,1.73
豆干叠叠木,1,301,30,0.0
豆豆萌萌兔,1,169,54,9.68
贪婪龙,1,2,4,0.0
赣州怡玩文化传媒有限公司,1,7,10,0.0
赤瞳大白猫,1,1268,65,2.18
赫米兔娛樂Skvader Entertainment,1,81,20,0.0
超光兔工作室,1,0,1,0.0
软星科技(SoftStarlight),1,13296,5058,19.75
软星科技（上海）有限公司,1,1198,426,3.25
边境游戏工作室,1,291,188,1.1
远平,1,3,0,0.0
迷糊的安安,1,242,18,0.0
都要恰饭的,1,2,0,0.0
酷呐网络科技,1,38,26,0.0
釉里红,1,58,10,0.0
重庆焱玩网络科技有限公司,1,8,4,0.0
重庆环游者网络科技,1,54,31,0.0
钟浩林,1,5,11,0.0
银阼,1,289,5,2.63
闪金游戏,2,75,6,0.0
阿柒不爱日期,1,3,0,0.0
阿正不经,2,1789,315,0.135
阿津,1,111,13,0.0
"阿萌, 不可食用墨汁, A.D.I.N.A, Neon",1,1,0,0.0
阿达游戏,2,285,97,0.21
阿道,1,54,11,0.0
阿龟与阿飞,1,38,24,0.0
陈 世杰,1,10,10,0.0
陈世杰,1,30,11,0.0
陈文龙,1,39,4,0.0
陌上科技,1,50,64,0.0
隼龙队长,1,2,0,0.0
雨叶,1,5,2,0.0
雨天工作室,1,4,13,0.0
零创游戏(ZerocreationGame),1,6252,212,5.4
雷武游戏,1,120,101,0.0
"雾屿镜式制作组, 睡神飞工作室-SleeeeepFly",1,200,79,0.22
青丘游戏,1,55,17,0.0
青岛三脚猫工作室,1,212,111,2.48
青春18金魚,2,22,0,0.0
青灯独酌,1,25,12,0.0
顽童计划,1,4,0,0.0
"風林火山工作室, 東木酋長",1,379,94,24.22
风宇冲,1,101,30,23.62
风魔工作室,1,15,4,0.0
香港商河洛互動娛樂股份有限公司,2,32393,8455,40.635000000000005
香蕉大圣,1,1,0,0.0
香蜂草,1,7,4,0.0
"高考恋爱委员会, 橘子班",1,7212,725,12.15
鬼谷工作室,1,121020,106084,72.57
魔书科技,1,0,2,0.0
魔力乐章,1,6,0,0.0
鹊思网络,1,122,118,0.37
黄昏フロンティア,3,2475,323,3.4066666666666663
黑白牛游戏,1,12,14,0.0
黑骑士工作室,1,36,41,0.0
黑鸦BlackCrow,1,22,20,0.0
黒城ろこ,1,13,0,0.0
黒子ラボ,1,10,9,0.0
룰루랄라,1,9,1,0.0
"박재성, 이재승, 이수, 정지현",1,17,5,0.0
유진게임즈,1,9,2,0.0
（Hong Kong）GKD Game Studio,2,16904,5293,38.41
＼上／,1,2,0,0.0
