data_lancamento,total_jogos,jogadores_simultaneos,avaliacoes_totais,preco_medio
1997-06-30,1,1,943,9.99
1997-11-14,1,41,11023,67.95
1998-11-08,1,634,148221,9.99
1999-04-01,1,66,8738,4.99
1999-11-01,1,74,25561,1.24
2000-11-01,2,7327,256273,7.49
2001-03-15,1,103,15862,19.99
2001-06-01,2,42,21957,4.99
2001-12-01,1,2,388,19.99
2002-08-28,1,59,15257,14.99
2003-05-01,1,87,7102,4.99
2003-07-01,1,0,82,19.99
2003-11-01,1,0,932,3.24
2004-03-01,1,276,26558,9.99
2004-03-17,1,39,4076,0.0
2004-06-01,1,27,16056,9.99
2004-11-01,2,6346,196530,14.989999999999998
2004-11-16,1,1555,245627,9.99
2005-04-01,1,0,54,19.99
2005-07-11,1,108,6894,9.99
2005-08-16,1,41,2678,6.99
2005-10-12,1,0,121,0.99
2005-10-27,1,2,13686,19.99
2005-11-29,1,404,15507,19.99
2006-02-07,2,23,644,7.99
2006-03-14,1,1,2473,4.99
2006-04-01,1,4,1405,4.99
2006-05-01,1,43,4899,9.99
2006-05-08,1,1,1558,6.99
2006-05-10,1,0,1276,1.99
2006-06-01,1,18,31822,19.99
2006-07-06,2,65,2844,3.59
2006-07-11,1,3,5950,2.49
2006-07-21,2,15,1182,5.49
2006-07-26,1,0,291,1.19
2006-08-23,1,2,2359,11.99
2006-08-24,1,0,564,0.59
2006-08-30,15,876,17627,4.158
2006-09-11,1,864,16971,19.99
2006-09-14,3,1,1569,0.9966666666666667
2006-09-29,1,8,4182,11.99
2006-10-11,1,56,17925,9.99
2006-10-13,4,252,21536,19.99
2006-10-16,1,4,453,14.99
2006-10-25,4,2048,21529,8.99
2006-10-26,3,9,795,7.323333333333333
2006-11-01,1,0,46,7.99
2006-11-07,1,0,88,9.99
2006-11-15,1,2814,33344,24.99
2006-11-20,1,1,933,9.99
2006-11-22,1,4,730,7.99
2006-11-24,1,0,195,39.99
2006-11-29,1,18400,1159707,4.99
2006-12-14,1,6,338,0.0
2006-12-19,1,0,128,2.49
2006-12-21,2,87,20536,3.49
2007-01-12,1,2,1152,19.99
2007-01-24,1,15,2040,9.99
2007-02-02,1,15,5471,1.49
2007-02-14,1,0,85,3.99
2007-02-27,1,3,1939,14.99
2007-03-06,1,291,10912,4.99
2007-03-13,1,1,615,0.79
2007-03-14,2,10,1069,0.74
2007-03-15,9,226,36899,5.198888888888889
2007-03-20,1,185,47291,19.99
2007-03-22,1,104,13868,19.99
2007-03-27,1,3,311,7.99
2007-03-29,6,81,25804,6.8066666666666675
2007-04-03,1,6,2231,4.99
2007-04-06,2,152,1344,7.49
2007-05-01,1,2,2030,9.99
2007-05-04,4,217,6582,6.5525
2007-06-01,1,0,382,4.99
2007-06-05,1,29,6684,8.99
2007-06-12,1,8,3971,0.0
2007-06-15,6,4,1410,0.0
2007-06-18,1,4,1044,3.99
2007-06-25,1,1,21,0.0
2007-06-26,1,14,1947,14.99
2007-06-29,1,0,147,0.0
2007-07-03,1,2,993,9.99
2007-07-17,3,67,7515,16.49
2007-07-20,1,1,481,9.99
2007-07-24,1,1395,4592,5.99
2007-08-03,20,640,89587,3.9945
2007-08-06,1,0,162,4.99
2007-08-07,3,354,22532,4.996666666666667
2007-08-21,1,44,30931,19.99
2007-08-28,3,570,17675,2.08
2007-08-29,1,1,613,0.99
2007-09-11,1,21,2415,0.0
2007-09-21,1,0,198,3.99
2007-09-24,1,19,1138,19.99
2007-10-10,3,44477,1380995,9.993333333333332
2007-10-15,1,9,2666,7.99
2007-10-16,1,3,65,4.99
2007-10-30,1,2,1115,4.99
2007-11-05,1,1,223,9.99
2007-11-07,1,0,1465,0.99
2007-11-08,1,14,4010,9.99
2007-11-12,1,377,25070,19.99
2007-11-14,1,1,777,9.99
2007-12-13,2,4,3421,2.495
2007-12-14,1,3,91,6.99
2008-01-04,5,101,35122,3.194
2008-01-18,1,0,109,1.99
2008-01-29,4,16,1755,6.24
2008-02-08,1,0,434,5.99
2008-02-13,1,3,578,8.99
2008-02-15,1,11,10960,9.99
2008-02-20,1,0,174,14.99
2008-02-29,1,2,1001,19.99
2008-03-05,1,673,17611,0.0
2008-03-12,7,63,8006,4.421428571428572
2008-03-17,3,30,7379,0.0
2008-03-21,1,0,61,4.99
2008-04-01,2,65,13623,9.99
2008-04-09,2,66,23388,14.989999999999998
2008-04-16,3,276,31953,8.326666666666666
2008-05-08,1,0,116,9.99
2008-05-12,4,29,556,9.99
2008-05-13,5,192,10924,4.892
2008-05-16,5,2,514,0.0
2008-05-21,1,0,509,7.99
2008-05-28,2,5,393,9.99
2008-06-05,1,1,66,0.99
2008-06-10,5,16,615,8.65
2008-06-13,6,114,8724,7.489999999999999
2008-06-17,2,1,428,0.25
2008-06-20,1,0,256,9.99
2008-06-24,1,0,69,1.99
2008-06-27,1,1,124,0.0
2008-07-01,1,0,456,3.99
2008-07-08,1,9,442,7.99
2008-07-09,1,37,4210,9.99
2008-07-15,2,18,1668,7.49
2008-07-17,1,0,680,9.99
2008-07-18,1,0,93,0.74
2008-07-28,1,3,1042,0.0
2008-07-29,4,0,218,7.49
2008-07-31,1,0,77,4.99
2008-08-07,2,5,984,0.99
2008-08-14,1,0,6,0.0
2008-08-18,1,3,228,7.99
2008-08-21,1,0,438,4.99
2008-08-26,1,42,6663,3.99
2008-08-28,2,13,5931,2.99
2008-09-04,4,60,5343,3.115
2008-09-15,1,107,22254,19.99
2008-09-17,2,15,17038,24.99
2008-09-19,2,617,83289,10.99
2008-09-22,1,3,158,2.49
2008-09-23,1,244,1397,19.99
2008-09-25,1,7,1944,9.99
2008-09-29,2,119,12605,10.489999999999998
2008-09-30,1,0,247,9.99
2008-10-03,1,13,7726,0.0
2008-10-08,2,15,2582,2.29
2008-10-10,5,303,4354,5.790000000000001
2008-10-13,1,20,6155,14.99
2008-10-15,1,103,2699,4.99
2008-10-16,1,32,2791,15.99
2008-10-20,1,0,494,4.99
2008-10-21,1,221,36334,14.99
2008-10-22,1,77,16837,9.99
2008-10-23,1,0,642,4.99
2008-10-24,1,1,231,14.99
2008-10-28,1,44,20930,9.99
2008-10-31,1,0,90,9.99
2008-11-01,1,2,118,19.99
2008-11-03,3,51,6619,8.656666666666666
2008-11-06,1,14,3415,39.99
2008-11-07,1,0,189,7.99
2008-11-14,1,0,145,9.99
2008-11-17,1,774,61894,9.99
2008-11-18,2,449,51099,12.489999999999998
2008-11-21,4,87,16515,7.737500000000001
2008-11-25,1,3,456,9.99
2008-12-01,1,2,2584,5.99
2008-12-05,1,2,436,0.0
2008-12-08,1,55,5142,9.99
2008-12-10,1,12,3484,1.99
2008-12-12,1,0,190,9.99
2008-12-15,2,2,1616,9.99
2008-12-18,3,3,2064,5.326666666666667
2008-12-19,4,654,92506,17.4925
2009-01-07,2,96,21259,4.995
2009-01-08,1,362,15012,19.88
2009-01-09,1,43,27660,19.99
2009-01-14,1,43,37652,6.99
2009-01-22,1,0,27,9.99
2009-01-23,3,54,3531,10.99
2009-01-28,1,1,50,0.99
2009-01-29,1,0,55,19.99
2009-02-04,2,60,4288,12.49
2009-02-06,1,1,1089,0.0
2009-02-10,1,3,372,0.0
2009-02-11,1,0,346,6.99
2009-02-12,1,41,8549,14.99
2009-02-13,4,16,3792,4.995
2009-02-18,2,152,12818,27.490000000000002
2009-02-23,2,0,329,12.489999999999998
2009-02-24,1,0,332,9.99
2009-02-25,1,13,977,9.99
2009-02-27,1,0,208,0.67
2009-03-04,2,2033,36260,14.989999999999998
2009-03-05,1,19,4055,0.0
2009-03-06,1,5,3783,9.99
2009-03-09,4,7,1888,6.2425
2009-03-12,1,16,13386,0.0
2009-03-18,1,1,969,9.99
2009-03-19,5,1,5840,5.992
2009-03-20,1,8,788,9.99
2009-03-23,1,1,346,3.74
2009-03-24,1,36,2829,9.99
2009-03-26,1,3,1155,7.99
2009-04-02,2,0,1338,14.989999999999998
2009-04-07,2,2,417,2.495
2009-04-08,1,45,2311,19.99
2009-04-09,1,26,4070,0.0
2009-04-10,1,5,9761,14.99
2009-04-14,1,0,899,5.99
2009-04-15,2,27,396,2.99
2009-04-21,1,12,3045,9.99
2009-04-22,1,0,40,29.99
2009-04-27,1,2,315,14.99
2009-04-29,1,0,105,9.99
2009-04-30,3,149,8938,4.49
2009-05-01,2,103,5807,6.49
2009-05-05,1,2656,139925,4.99
2009-05-06,5,28,5230,8.34
2009-05-13,1,7,2558,0.0
2009-05-14,1,224,67472,19.99
2009-05-15,1,0,42,19.99
2009-05-20,1,0,1735,4.99
2009-05-22,1,1,456,0.0
2009-05-26,1,0,214,5.99
2009-05-27,5,62,9939,4.090000000000001
2009-05-29,2,2,811,4.99
2009-06-04,1,0,45,14.99
2009-06-10,1,223,12357,19.99
2009-06-16,6,1804,77984,6.623333333333334
2009-06-17,1,1,2459,0.0
2009-06-18,13,30,3978,9.106153846153846
2009-06-22,1,13,3506,9.99
2009-06-23,2,139,7662,2.495
2009-06-24,1,19,4644,9.99
2009-06-29,1,0,2117,12.99
2009-07-01,2,0,774,2.495
2009-07-02,2,35,19890,12.49
2009-07-06,1,1,199,0.0
2009-07-07,3,0,1600,2.91
2009-07-08,10,433,78667,7.94
2009-07-09,1,13,250,9.99
2009-07-13,2,20,212,9.99
2009-07-15,1,16,5799,9.99
2009-07-16,1,21,3796,7.99
2009-07-17,12,30,1155,7.283333333333334
2009-07-20,3,7,15326,6.19
2009-07-23,4,19,2207,14.99
2009-07-26,1,15,910,6.99
2009-07-27,1,5,54,4.99
2009-07-28,2,5,2803,9.99
2009-07-29,2,1,477,7.49
2009-07-30,1,0,384,0.99
2009-07-31,1,4,190,9.99
2009-08-04,1,0,316,3.99
2009-08-05,1,4,2780,9.99
2009-08-06,4,5,3163,2.9925
2009-08-07,2,50,6478,8.49
2009-08-12,6,26,958,8.325000000000001
2009-08-17,2,0,16,9.99
2009-08-18,1,3,1376,9.99
2009-08-19,3,150,18489,9.323333333333332
2009-08-20,1,0,159,3.74
2009-08-24,2,17,107,14.989999999999998
2009-08-25,1,0,689,4.99
2009-08-27,2,27,7576,7.49
2009-08-28,1,0,178,4.99
2009-09-03,3,3,3545,6.996666666666667
2009-09-04,1,1,568,2.49
2009-09-05,1,424,31738,9.99
2009-09-08,1,10,4534,9.99
2009-09-15,3,776,59569,14.99
2009-09-16,6,203,24294,6.656666666666666
2009-09-17,5,20,2673,8.190000000000001
2009-09-23,1,1,234,4.99
2009-09-25,1,0,1120,2.99
2009-09-29,2,8,439,12.239999999999998
2009-09-30,1,0,25,9.99
2009-10-01,1,0,171,3.99
2009-10-02,1,49,9840,14.99
2009-10-06,5,311,16492,3.976
2009-10-07,1,0,65,5.99
2009-10-08,1,0,45,9.99
2009-10-10,8,49,2049,8.6775
2009-10-14,2,0,928,3.99
2009-10-15,1,1,436,9.99
2009-10-16,1,125,17244,19.99
2009-10-20,2,5,1885,5.29
2009-10-21,2,9,2014,7.49
2009-10-22,1,0,140,2.49
2009-10-27,2,41,7553,12.49
2009-10-28,2,2,2135,1.495
2009-10-29,4,21,2075,9.365
2009-10-30,1,2,161,3.74
2009-11-01,1,10,826,4.99
2009-11-03,1,118,2656,9.99
2009-11-04,6,7,942,10.491666666666667
2009-11-05,3,7,10780,11.659999999999998
2009-11-11,2,400,58277,14.989999999999998
2009-11-12,4,379,32590,9.99
2009-11-13,2,622,13569,19.88
2009-11-16,2,25123,964831,12.49
2009-11-17,1,0,27,0.59
2009-11-18,2,5,1160,7.99
2009-11-19,2,47,1591,4.995
2009-11-24,2,47,8796,8.74
2009-11-25,1,0,616,5.99
2009-12-01,1,1,1509,1.99
2009-12-02,3,181,13572,10.656666666666666
2009-12-03,2,1,262,5.29
2009-12-04,1,3,1907,0.0
2009-12-10,1,3,2432,4.99
2009-12-11,1,0,1352,3.99
2009-12-15,2,197,12126,14.989999999999998
2009-12-17,4,321,51025,10.99
2009-12-22,1,9,2302,0.0
2009-12-23,1,7,1192,0.99
2010-01-08,1,5,704,9.99
2010-01-12,1,0,876,4.99
2010-01-13,1,0,329,4.99
2010-01-15,1,7,2638,4.99
2010-01-19,1,1,639,0.0
2010-01-22,2,0,221,6.49
2010-01-26,1,8,15543,0.0
2010-01-27,1,0,290,7.99
2010-01-28,1,3,2111,0.69
2010-02-03,2,6,1965,4.99
2010-02-09,1,23,14419,19.99
2010-02-11,2,143,31367,9.995
2010-02-12,1,13,5957,0.0
2010-02-15,4,25,454,6.24
2010-02-16,1,49,19953,14.99
2010-02-17,1,4,238,0.0
2010-02-18,2,15,1889,12.489999999999998
2010-02-19,1,2,629,6.99
2010-02-20,1,13,57,9.99
2010-02-22,2,1,95,8.49
2010-02-23,1,36,375,9.99
2010-02-25,1,929,25365,24.99
2010-03-01,1,182,12431,12.99
2010-03-02,4,30,38449,3.2425
2010-03-03,1,23,3154,9.99
2010-03-09,1,188,54646,19.99
2010-03-10,1,30,3351,0.0
2010-03-15,2,2,1724,0.995
2010-03-16,1,8,4546,19.88
2010-03-17,1,0,707,4.99
2010-03-23,1,90,50739,1.49
2010-03-26,1,601,73651,19.99
2010-03-31,1,3055,166405,19.99
2010-04-05,1,0,291,0.0
2010-04-08,1,0,2190,9.99
2010-04-12,2,0,10471,0.0
2010-04-14,1,1,934,0.99
2010-04-15,1,4,7379,9.99
2010-04-19,1,0,184,9.99
2010-04-20,4,0,1121,3.1775
2010-04-21,10,14,1097,8.07
2010-04-23,1,0,194,0.99
2010-04-28,3,0,922,10.323333333333332
2010-04-29,1,1,4440,9.99
2010-05-06,2,4,120,6.99
2010-05-12,2,0,307,2.495
2010-05-21,1,87,16936,9.99
2010-05-25,1,2818,39435,19.99
2010-05-28,2,2,444,4.99
2010-06-01,9,32,16810,1.4877777777777779
2010-06-03,2,2,1982,5.91
2010-06-04,1,20,677,9.99
2010-06-07,3,0,1653,5.823333333333333
2010-06-08,1,5,2535,1.99
2010-06-14,1,0,432,0.99
2010-06-21,1,0,488,9.99
2010-06-24,3,21,9191,9.323333333333332
2010-06-25,1,82,9016,19.99
2010-06-29,1,113,22090,19.99
2010-06-30,1,11,5578,29.99
2010-07-06,1,3,12838,0.0
2010-07-07,1,7,2790,9.99
2010-07-09,4,3,1400,1.9400000000000002
2010-07-12,4,239,23689,4.9925
2010-07-14,1,0,358,0.0
2010-07-15,2,0,330,4.99
2010-07-16,3,6,2023,5.406666666666666
2010-07-19,2,23,21509,0.795
2010-07-20,1,331,9108,19.99
2010-07-21,1,0,25,1.79
2010-07-28,1,32,3904,9.99
2010-07-30,1,7,180,9.99
2010-08-03,2,3,443,9.99
2010-08-04,1,5,1323,5.99
2010-08-06,1,2,289,4.99
2010-08-12,2,4,575,4.995
2010-08-17,1,11,8877,9.99
2010-08-19,1,0,61,1.99
2010-08-20,1,3,252,9.99
2010-08-26,1,24,4867,19.99
2010-08-27,2,29,2649,17.49
2010-08-30,1,490,19477,19.99
2010-09-01,1,0,52,3.99
2010-09-02,2,128,5531,2.495
2010-09-06,1,0,762,4.99
2010-09-07,1,11,10097,4.99
2010-09-08,1,60,34108,19.99
2010-09-10,1,12,7238,19.99
2010-09-13,4,1,39,0.0
2010-09-14,2,1,1471,2.99
2010-09-17,3,90,4662,10.49
2010-09-20,1,0,335,7.99
2010-09-21,1,12206,204265,29.99
2010-09-22,1,0,1006,9.99
2010-09-23,1,9,12402,19.99
2010-09-24,2,0,922,3.24
2010-09-27,2,64,8232,11.489999999999998
2010-09-28,3,5,5747,8.656666666666666
2010-10-01,1,0,50,3.99
2010-10-04,1,0,211,4.99
2010-10-06,2,3,161,2.495
2010-10-08,4,6,719,2.365
2010-10-11,2,17,471,0.0
2010-10-12,1,24,10059,19.99
2010-10-15,5,20,7115,5.392
2010-10-19,1,3892,227700,9.99
2010-10-21,1,318,48906,9.99
2010-10-22,1,0,165,4.99
2010-10-25,3,4,4925,11.656666666666666
2010-10-26,8,439,36987,7.49625
2010-10-28,1,3,1106,9.99
2010-10-29,3,4,2266,4.326666666666667
2010-11-01,1,1,177,0.0
2010-11-02,3,0,1108,6.656666666666666
2010-11-05,4,1,1132,4.3925
2010-11-09,1,527,40225,39.99
2010-11-10,1,0,91,1.39
2010-11-16,1,0,577,4.99
2010-11-17,2,1,756,5.49
2010-11-18,3,30,1858,3.1566666666666667
2010-11-22,1,13,9446,0.0
2010-11-23,1,1,159,9.99
2010-11-26,1,36,3802,19.99
2010-11-30,3,73,37047,11.656666666666666
2010-12-02,1,2,1017,5.99
2010-12-03,2,0,1368,2.59
2010-12-07,1,387,7259,4.99
2010-12-10,1,1,545,9.99
2010-12-14,1,19,19977,0.0
2010-12-15,1,3705,36388,0.0
2010-12-17,1,1,93,9.99
2010-12-18,1,0,229,0.0
2010-12-20,2,4,2696,7.49
2010-12-23,1,1,2323,0.0
2011-01-06,2,405,97229,0.0
2011-01-10,1,113,29276,0.0
2011-01-19,2,0,1104,4.49
2011-01-20,2,0,344,12.515
2011-01-21,1,0,44,9.99
2011-01-24,1,0,1184,4.99
2011-01-25,3,103,57427,13.323333333333332
2011-01-26,9,0,131,0.0
2011-01-27,1,1264,32910,19.99
2011-01-31,1,0,168,5.99
2011-02-02,1,3,965,2.39
2011-02-03,1,27,6700,7.49
2011-02-08,1,0,116,0.0
2011-02-10,1,1,834,9.99
2011-02-16,1,1,384,19.99
2011-02-22,1,5,1067,5.99
2011-02-23,2,0,358,3.99
2011-02-24,1,32,4948,9.99
2011-02-25,1,1,710,4.99
2011-02-28,3,6,4408,7.656666666666666
2011-03-01,3,139,13088,4.66
2011-03-02,1,11,4992,9.99
2011-03-04,3,9,6412,0.0
2011-03-08,1,3,1102,0.0
2011-03-14,2,13,14799,12.489999999999998
2011-03-15,2,1807,25116,17.49
2011-03-16,1,1,1227,14.99
2011-03-17,1,0,1511,9.99
2011-03-22,5,568,101482,15.690000000000001
2011-03-24,1,0,192,6.99
2011-03-29,1,6,2555,0.0
2011-04-04,1,3,1038,3.99
2011-04-05,2,32,4074,5.48
2011-04-08,4,78,21736,11.24
2011-04-15,1,4,3302,9.99
2011-04-18,1,1959,433510,9.99
2011-04-19,1,8,1500,0.0
2011-04-20,3,0,515,3.33
2011-04-21,2,5,1107,4.99
2011-04-22,1,10,6451,4.99
2011-04-27,1,0,258,14.99
2011-04-28,1,0,78,1.99
2011-04-29,2,14,4033,4.995
2011-05-03,1,99,13574,9.99
2011-05-04,2,1,2104,4.995
2011-05-06,2,0,5202,0.995
2011-05-09,4,22,11183,3.9925
2011-05-11,1,0,363,11.99
2011-05-12,1,1,981,9.99
2011-05-14,1,0,96,3.99
2011-05-16,2,24581,1411259,5.99
2011-05-19,2,30,9094,7.79
2011-05-20,1,0,46,9.99
2011-05-23,1,0,13,9.99
2011-05-25,1,1,294,0.49
2011-05-26,2,1,2844,15.489999999999998
2011-05-30,1,3,1297,1.49
2011-05-31,1,1,340,0.99
2011-06-01,2,1,1535,7.99
2011-06-06,1,6,4851,19.99
2011-06-07,1,1,136,19.99
2011-06-08,2,27,4296,9.99
2011-06-13,1,24,10992,19.99
2011-06-14,3,369,28516,0.8300000000000001
2011-06-15,2,9,2058,0.0
2011-06-17,2,262,26225,9.99
2011-06-20,2,9,3301,8.49
2011-06-21,4,36,12839,8.49
2011-06-24,2,0,831,7.495
2011-06-30,1,0,1083,1.24
2011-07-13,4,26,11426,5.390000000000001
2011-07-15,1,0,781,4.99
2011-07-18,1,0,136,0.99
2011-07-19,2,1,1261,2.495
2011-07-20,1,0,385,9.99
2011-07-25,3,16,682,18.323333333333334
2011-07-26,1,0,120,9.99
2011-07-27,1,0,654,1.99
2011-07-29,3,13,8623,6.66
2011-08-02,2,82,57451,5.49
2011-08-04,1,18,3424,14.99
2011-08-08,2,10,6774,3.99
2011-08-10,1,0,87,6.99
2011-08-11,1,0,2194,0.76
2011-08-15,2,10,3628,6.49
2011-08-16,1,15,37392,14.99
2011-08-17,2,6,3463,12.49
2011-08-19,2,2,1095,3.115
2011-08-24,3,9,511,9.99
2011-08-26,8,100,5798,4.8025
2011-08-29,1,0,111,19.99
2011-08-30,2,0,1015,5.99
2011-08-31,2,110,2362,7.495
2011-09-01,2,87,12743,9.99
2011-09-05,1,95,30416,39.99
2011-09-07,1,2,3784,9.99
2011-09-08,1,2,1237,7.99
2011-09-13,1,92,37628,2.99
2011-09-15,3,12,911,11.656666666666666
2011-09-16,2,0,239,6.24
2011-09-19,2,1,1025,2.995
2011-09-21,1,0,431,4.99
2011-09-22,1,19,2538,0.0
2011-09-23,1,0,79,9.99
2011-09-26,1,0,2468,1.49
2011-09-27,4,1,807,2.4975
2011-09-28,5,968,83326,8.790000000000001
2011-09-29,1,0,677,4.99
2011-09-30,2,1,629,7.99
2011-10-03,2,34,17562,5.24
2011-10-11,3,46,12407,11.656666666666666
2011-10-12,1,1,615,0.0
2011-10-13,1,111,8890,9.99
2011-10-14,1,4,3901,9.99
2011-10-18,3,285,18190,9.99
2011-10-19,5,3,2377,4.91
2011-10-20,2,38,41651,9.99
2011-10-24,6,7,3279,5.283333333333334
2011-10-26,3,9,5080,8.66
2011-10-27,1,0,743,19.99
2011-10-28,6,3,2224,5.425
2011-10-31,1,0,185,9.99
2011-11-01,1,16,9352,0.0
2011-11-02,2,549,21269,6.495
2011-11-03,1,35,25232,51.79
2011-11-08,2,507,59032,22.990000000000002
2011-11-10,1,1463,317279,19.99
2011-11-14,1,163,68600,9.99
2011-11-15,3,0,3959,4.66
2011-11-16,2,11,2303,2.495
2011-11-17,1,60,12366,19.99
2011-11-18,2,0,146,6.99
2011-11-21,2,2,1421,9.99
2011-11-22,2,112,35359,22.49
2011-11-23,1,0,1094,9.99
2011-11-29,2,104,18262,13.489999999999998
2011-11-30,1,0,91,3.99
2011-12-02,1,22,1650,4.99
2011-12-06,1,111,37292,0.0
2011-12-07,1,143,2704,0.0
2011-12-13,1,1,3988,1.99
2011-12-14,2,12,2348,6.99
2011-12-16,1,0,317,5.99
2011-12-19,1,30,7738,9.99
2012-01-05,2,332,35175,1.995
2012-01-13,4,5,3499,6.24
2012-01-16,1,0,432,14.99
2012-01-17,1,9,2339,9.99
2012-01-19,2,0,447,7.49
2012-01-24,1,3,618,14.99
2012-01-25,2,0,619,3.995
2012-01-27,1,1,501,9.99
2012-01-30,1,2,855,19.99
2012-01-31,2,1118,32813,4.995
2012-02-02,1,1,781,9.99
2012-02-03,2,0,1435,7.49
2012-02-07,2,25,16349,0.995
2012-02-08,2,23,1852,12.489999999999998
2012-02-09,1,19,19772,29.99
2012-02-10,1,0,40,9.99
2012-02-14,2,1375,74046,4.995
2012-02-16,2,165,49310,14.49
2012-02-17,1,7,5296,5.99
2012-02-20,1,1853,46620,0.0
2012-02-22,5,10,11414,4.652
2012-02-24,1,0,1894,4.99
2012-02-27,1,278,9341,0.0
2012-02-28,1,0,296,6.99
2012-02-29,1,0,432,1.99
2012-03-01,3,6,1735,4.756666666666667
2012-03-02,1,0,288,4.99
2012-03-06,1,1,1780,9.99
2012-03-08,1,0,397,9.99
2012-03-14,2,1,1103,1.495
2012-03-15,1,0,48,4.99
2012-03-16,2,2,755,6.99
2012-03-19,1,6,1945,4.49
2012-03-20,1,0,2143,1.99
2012-03-21,3,0,630,3.99
2012-03-22,1,0,974,0.74
2012-03-28,3,0,374,9.99
2012-03-29,3,37,7522,10.656666666666666
2012-03-30,1,4,209,14.99
2012-04-04,1,0,354,9.99
2012-04-05,1,0,748,2.99
2012-04-09,1,0,90,0.97
2012-04-10,1,0,673,14.99
2012-04-11,2,15,7630,6.49
2012-04-12,2,6,1243,3.995
2012-04-16,2,481,89676,13.989999999999998
2012-04-17,1,0,867,14.99
2012-04-18,1,0,221,0.0
2012-04-19,2,0,209,3.99
2012-04-20,1,2,2503,9.99
2012-04-23,3,1,2514,3.66
2012-04-24,1,614,73628,14.99
2012-04-25,1,0,182,1.59
2012-04-26,1,32,6357,9.99
2012-04-27,3,9,11437,8.656666666666666
2012-05-02,1,0,11,0.0
2012-05-04,1,33,1484,14.99
2012-05-07,1,7,6285,14.99
2012-05-08,1,27,2571,24.99
2012-05-10,2,0,753,9.99
2012-05-11,6,14,5373,6.656666666666666
2012-05-15,1,1,2081,4.99
2012-05-16,2,5,267,11.989999999999998
2012-05-17,1,0,105,9.99
2012-05-18,2,10,4696,4.995
2012-05-22,3,52,14779,7.656666666666666
2012-05-24,2,104,5711,2.495
2012-05-25,2,6,5504,22.49
2012-05-28,1,6,1217,6.99
2012-05-31,4,206,61528,17.740000000000002
2012-06-06,1,793,20995,0.0
2012-06-07,1,2,2321,14.99
2012-06-08,1,0,632,0.99
2012-06-12,3,282,18779,8.79
2012-06-13,3,2,2669,8.323333333333332
2012-06-19,3,3,4597,9.123333333333333
2012-06-20,1,13,1329,0.0
2012-06-21,1,2,2072,0.98
2012-06-22,3,229,17599,7.326666666666665
2012-06-25,3,291,62722,0.0
2012-06-26,1,22,5614,19.99
2012-06-27,1,0,8585,0.0
2012-07-02,2,2,16489,0.0
2012-07-04,1,106,9364,9.99
2012-07-05,1,16,3532,5.99
2012-07-09,1,0,310,4.99
2012-07-12,1,1,4808,14.99
2012-07-24,2,146,16115,24.990000000000002
2012-07-25,1,1,547,14.99
2012-07-26,1,0,664,9.99
2012-07-27,1,0,507,4.99
2012-07-30,1,34,19288,14.99
2012-07-31,2,0,2383,9.995
2012-08-01,2,84,27482,14.989999999999998
2012-08-02,3,1,1411,0.0
2012-08-03,1,0,804,0.99
2012-08-06,3,25,13743,6.989999999999999
2012-08-07,1,0,59,9.99
2012-08-08,1,0,462,9.99
2012-08-09,2,8092,14615,0.62
2012-08-13,1,2,1152,14.99
2012-08-14,3,5,2200,4.156666666666667
2012-08-15,1,1,906,9.99
2012-08-16,1,0,121,9.99
2012-08-20,1,0,1826,4.99
2012-08-21,2,1013946,8817237,3.995
2012-08-22,1,4,239,9.99
2012-08-23,1,551,24310,9.99
2012-08-24,3,129,79675,1.2466666666666668
2012-08-28,2,4,102,5.99
2012-08-29,2,8,9009,4.995
2012-08-30,2,0,12302,4.995
2012-08-31,2,2,3250,4.49
2012-09-03,1,3,76,9.99
2012-09-04,2,0,380,4.49
2012-09-06,1,0,2753,14.99
2012-09-07,3,741,149875,13.323333333333332
2012-09-11,2,1,2422,8.49
2012-09-13,3,4,1840,4.993333333333333
2012-09-14,2,1566,75115,12.49
2012-09-17,2,8564,299385,2.495
2012-09-19,2,9,9038,1.495
2012-09-20,1,268,44341,19.99
2012-09-21,2,1,1644,9.99
2012-09-25,3,6,7598,2.19
2012-09-26,1,443,125598,4.49
2012-09-27,5,11,4010,6.072
2012-09-28,2,9,7125,17.990000000000002
2012-10-02,1,1,151,9.99
2012-10-03,1,1,3675,14.99
2012-10-05,1,0,99,4.99
2012-10-08,2,878,138784,19.99
2012-10-10,1,23,8772,14.99
2012-10-11,5,13,4712,11.99
2012-10-12,2,17281,867794,4.49
2012-10-15,2,118,14499,7.49
2012-10-16,3,42,69971,8.326666666666666
2012-10-17,5,17,8488,8.592
2012-10-18,1,2,1694,0.0
2012-10-22,2,3,2439,1.9400000000000002
2012-10-23,4,409,107729,9.9925
2012-10-24,2,3,627,9.99
2012-10-25,2,36,14485,8.24
2012-10-26,1,20,10515,3.74
2012-10-29,5,46,29943,10.181999999999999
2012-10-30,2,97,16599,9.99
2012-10-31,2,5,6602,19.99
2012-11-01,2,1,1096,5.49
2012-11-02,2,320,116220,5.49
2012-11-06,1,11,2794,1.99
2012-11-07,2,4,2998,10.99
2012-11-08,1,1,582,0.0
2012-11-09,4,2,2133,5.640000000000001
2012-11-12,2,240,56284,34.99
2012-11-15,1,0,432,0.0
2012-11-16,1,157,1727,4.49
2012-11-19,4,909,105812,16.24
2012-11-20,2,510,87850,0.0
2012-11-27,2,166,38888,11.489999999999998
2012-11-28,10,29,15285,6.615
2012-11-30,1,3,943,19.99
2012-12-03,1,0,371,0.79
2012-12-04,1,488,114019,19.99
2012-12-05,2,6,3750,14.989999999999998
2012-12-06,5,580,8905,4.794
2012-12-07,1,1,2416,2.99
2012-12-10,1,1,331,19.99
2012-12-11,1,4,1984,0.99
2012-12-12,1,0,319,3.99
2012-12-13,4,461,4926,5.2425
2012-12-17,1,2,1914,0.0
2012-12-18,1,11,2285,0.0
2012-12-19,1,0,94,4.99
2012-12-21,1,46,3474,3.74
2013-01-07,1,0,152,4.61
2013-01-08,1,0,308,4.99
2013-01-09,2,0,1657,8.49
2013-01-10,1,6,499,9.99
2013-01-15,1,2,2303,4.99
2013-01-16,1,378,16398,19.99
2013-01-23,2,6,4465,17.49
2013-01-24,1,107,29984,29.99
2013-01-25,1,1,5206,0.0
2013-01-30,1,2,2741,4.99
2013-01-31,3,23,19633,11.659999999999998
2013-02-06,2,9,1906,9.99
2013-02-12,1,431,23618,0.0
2013-02-14,2,1,3184,17.49
2013-02-18,3,4,2296,9.573333333333332
2013-02-19,1,0,64,1.99
2013-02-21,1,2,1527,9.99
2013-02-22,3,47,11203,6.66
2013-02-25,1,0,841,0.0
2013-02-26,3,38,22153,10.823333333333332
2013-02-27,3,164,17882,6.663333333333333
2013-02-28,2,7,4709,8.99
2013-03-04,1,556,247930,14.99
2013-03-07,1,1,209,1.99
2013-03-08,1,3,7291,0.99
2013-03-11,1,25,17916,9.99
2013-03-13,1,1,386,0.0
2013-03-14,2,0,650,1.99
2013-03-18,4,1,8213,8.24
2013-03-19,3,142,13781,7.489999999999999
2013-03-20,2,0,620,6.24
2013-03-21,1,7,2302,19.99
2013-03-22,2,515,55079,9.995
2013-03-25,2,36496,767185,14.995
2013-03-28,2,1,1301,11.489999999999998
2013-04-01,1,3,2779,0.0
2013-04-02,1,11,2483,19.99
2013-04-03,1,1,317,9.99
2013-04-04,2,3,7806,9.99
2013-04-05,2,0,2267,7.495
2013-04-08,1,0,229,7.99
2013-04-09,1,2278,101351,19.99
2013-04-10,1,5,854,4.99
2013-04-12,1,0,1595,9.99
2013-04-15,1,19,2475,14.99
2013-04-16,3,3,30185,5.656666666666666
2013-04-18,1,0,2836,14.99
2013-04-19,4,54,22107,12.9925
2013-04-24,2,6,10245,9.99
2013-04-25,2,406,75999,0.495
2013-04-26,3,40,11570,11.659999999999998
2013-04-29,2,4,4559,1.9900000000000002
2013-04-30,3,2,2354,8.99
2013-05-01,3,62,36480,8.326666666666666
2013-05-02,1,0,3,0.0
2013-05-09,1,0,1553,4.99
2013-05-10,1,18,7611,9.99
2013-05-13,1,1,159,9.99
2013-05-14,1,13,288,12.99
2013-05-15,3,16,16097,13.323333333333332
2013-05-16,1,4,5839,1.99
2013-05-17,2,0,920,7.49
2013-05-20,1,101,15205,4.99
2013-05-22,3,162,53199,11.656666666666666
2013-05-23,1,0,324,4.99
2013-05-24,4,8,20659,9.005
2013-05-28,1,10,3176,1.99
2013-05-29,2,13,4888,12.489999999999998
2013-05-30,3,11,9019,12.656666666666666
2013-06-03,2,28,29190,19.99
2013-06-05,1,2,1042,9.99
2013-06-06,1,18,21679,3.99
2013-06-07,1,0,661,0.99
2013-06-10,1,0,82,0.0
2013-06-18,2,9,5048,12.49
2013-06-20,3,46,8691,7.323333333333333
2013-06-21,2,0,353,5.74
2013-06-24,3,2331,110429,16.656666666666666
2013-06-26,2,16,4750,0.0
2013-06-27,3,36,19073,8.326666666666666
2013-06-28,1,0,71,9.99
2013-07-01,1,0,334,9.99
2013-07-02,1,1,7864,9.99
2013-07-03,3,0,5196,4.993333333333333
2013-07-04,2,388,28624,10.99
2013-07-08,1,8,3452,9.99
2013-07-11,2,3,1182,12.49
2013-07-23,1,1,1319,19.99
2013-07-24,1,2,2869,12.99
2013-07-25,2,31,13868,8.24
2013-07-29,3,3,2847,7.323333333333333
2013-07-31,1,1,2481,14.99
2013-08-02,2,636,37415,0.0
2013-08-06,2,5,3562,20.64
2013-08-08,3,479,96430,13.323333333333332
2013-08-09,1,0,1170,14.99
2013-08-12,1,5,6435,9.99
2013-08-13,3,39720,804899,21.240000000000002
2013-08-15,4,50484,780149,4.995
2013-08-19,3,133,89516,13.656666666666666
2013-08-20,2,45,21725,12.489999999999998
2013-08-22,1,112,40853,24.99
2013-08-23,1,0,3296,7.99
2013-08-26,2,22,4945,17.49
2013-08-27,3,41,10275,14.99
2013-08-28,3,1,4534,5.993333333333333
2013-08-29,4,160,39978,5.4925
2013-09-02,1,3901,88173,59.99
2013-09-03,2,80,51038,10.49
2013-09-04,3,231,130181,14.99
2013-09-05,1,18,2581,0.0
2013-09-06,1,0,438,1.99
2013-09-10,5,59,13098,11.989999999999998
2013-09-12,3,7181,284617,18.656666666666666
2013-09-13,4,32,14793,7.2425
2013-09-16,1,0,463,6.99
2013-09-18,6,1,4068,11.158333333333333
2013-09-19,1,1,797,14.99
2013-09-20,6,2,7694,4.425
2013-09-24,4,26,14754,7.865
2013-09-26,5,23,28333,7.5120000000000005
2013-09-27,8,197,8049,6.51625
2013-10-01,3,2,2582,8.656666666666666
2013-10-02,2,10,1338,12.49
2013-10-03,1,0,190,0.97
2013-10-04,4,104,10532,3.115
2013-10-07,1,0,226,19.99
2013-10-08,4,13,10718,5.3025
2013-10-09,2,23,5945,9.99
2013-10-10,1,4,934,6.99
2013-10-11,4,119,41674,10.1775
2013-10-14,4,59,12697,8.9925
2013-10-15,2,1,1344,10.99
2013-10-16,4,7,6989,8.74
2013-10-17,8,182,58002,10.615
2013-10-18,6,3,4856,4.676666666666667
2013-10-21,4,854,32386,5.115
2013-10-22,2,302,26679,14.989999999999998
2013-10-23,1,4694,235091,0.0
2013-10-24,10,660,85975,11.834999999999999
2013-10-25,6,236,50589,8.59
2013-10-28,2,5,9648,10.989999999999998
2013-10-29,7,35,11500,7.741428571428571
2013-10-30,2,4,2885,9.49
2013-10-31,3,560,80667,4.996666666666667
2013-11-01,3,3,2151,5.573333333333333
2013-11-04,5,29,6605,6.802
2013-11-05,10,22,25204,2.467
2013-11-06,5,611,3629,4.992
2013-11-07,4,14,5933,10.49
2013-11-08,4,22905,413970,9.74
2013-11-11,2,1,766,4.99
2013-11-12,2,69,19588,14.989999999999998
2013-11-13,3,2,1847,8.656666666666666
2013-11-14,2,5,5180,6.49
2013-11-15,6,316,26241,15.573333333333332
2013-11-18,3,1,347,6.989999999999999
2013-11-19,4,924,72549,9.24
2013-11-20,3,21,3472,4.41
2013-11-21,3,2,1786,2.4566666666666666
2013-11-22,3,0,1382,1.01
2013-11-25,1,6,5147,0.0
2013-11-26,1,0,81,0.0
2013-11-27,2,1,1072,3.79
2013-11-28,1,0,439,4.99
2013-12-03,8,9,4456,7.61625
2013-12-04,4,7,12029,10.14
2013-12-05,9,1057,63533,10.870000000000001
2013-12-06,5,3,4087,6.540000000000001
2013-12-09,2,6,6667,7.49
2013-12-10,3,0,2769,3.3266666666666667
2013-12-11,3,594,15197,11.49
2013-12-12,5,212,11631,7.390000000000001
2013-12-13,7,17063,382429,8.905714285714286
2013-12-16,2,33,20355,2.495
2013-12-17,3,199,33547,6.5633333333333335
2013-12-19,1,0,536,0.99
2014-01-03,5,2,2231,6.390000000000001
2014-01-06,4,224,26661,2.845
2014-01-08,3,0,3622,3.3266666666666667
2014-01-09,1,242,83293,29.99
2014-01-10,6,5,1785,4.79
2014-01-13,1,6,7685,3.49
2014-01-14,2,24,15593,12.495
2014-01-15,2,8,3574,19.99
2014-01-16,4,6,2021,3.4775
2014-01-20,1,0,767,9.99
2014-01-21,2,10,3165,4.44
2014-01-22,4,164,129547,7.4925
2014-01-23,4,36,5416,2.865
2014-01-24,2,2,5307,4.99
2014-01-27,3,16,3044,7.656666666666666
2014-01-28,4,8,10689,7.9925
2014-01-29,4,370,45160,7.1775
2014-01-30,5,23,17620,5.742
2014-01-31,5,2,42021,5.5920000000000005
2014-02-03,3,48,11403,5.323333333333333
2014-02-04,2,12,2551,7.495
2014-02-05,7,11,7144,10.698571428571428
2014-02-06,6,9,5241,9.14
2014-02-07,7,35,15220,8.704285714285714
2014-02-10,1,0,5694,4.99
2014-02-11,4,4,1615,11.739999999999998
2014-02-13,9,17,9407,4.447777777777778
2014-02-14,8,38,35270,7.49125
2014-02-17,5,31,2146,9.39
2014-02-18,6,20321,125151,13.99
2014-02-19,6,40,13845,10.156666666666666
2014-02-20,4,0,1402,5.685
2014-02-21,5,1,5551,7.992
2014-02-24,3,8,3795,3.6566666666666667
2014-02-25,7,144,22182,11.85
2014-02-26,1,0,126,3.99
2014-02-27,5,787,109157,12.389999999999999
2014-02-28,3,13,4634,4.323333333333333
2014-03-03,3,283,87447,11.156666666666666
2014-03-04,2,2,1339,9.99
2014-03-05,4,0,1434,1.2425
2014-03-06,8,10,9503,4.42875
2014-03-07,3,0,1102,3.9933333333333336
2014-03-10,4,22,7399,7.24
2014-03-11,8,20,7657,4.08375
2014-03-12,5,238,7368,3.344
2014-03-13,6,1,1306,3.598333333333334
2014-03-14,5,15,3993,3.9520000000000004
2014-03-17,6,12,16131,6.8566666666666665
2014-03-18,4,3,5053,2.015
2014-03-19,4,1,2667,4.115
2014-03-20,6,13,4412,9.991666666666667
2014-03-21,4,17,3599,10.92
2014-03-24,3,1,4325,6.66
2014-03-25,6,107,35199,17.18166666666667
2014-03-26,1,0,114,1.99
2014-03-27,9,149,8098,9.213333333333333
2014-03-28,8,9,4282,5.49125
2014-03-31,2,165,16363,14.995
2014-04-01,6,81,74905,8.523333333333333
2014-04-02,3,4,1592,3.8233333333333337
2014-04-03,10,10,4653,4.66
2014-04-04,6,13,8915,6.906666666666666
2014-04-07,2,0,414,6.24
2014-04-08,4,0,778,7.4799999999999995
2014-04-09,2,0,483,4.995
2014-04-10,6,92,11604,7.656666666666666
2014-04-11,7,36,4236,4.065714285714286
2014-04-14,1,0,442,0.99
2014-04-15,7,3,1706,6.112857142857143
2014-04-16,11,31,5281,6.585454545454545
2014-04-17,18,516,36710,7.813333333333334
2014-04-18,10,34,8662,7.159999999999999
2014-04-22,5,0,859,6.392
2014-04-23,10,14,2762,4.85
2014-04-24,13,31,12005,5.970769230769231
2014-04-25,9,207,60460,7.636666666666667
2014-04-28,3,3,525,2.6566666666666667
2014-04-29,6,30,15490,6.123333333333334
2014-04-30,7,3,2134,6.348571428571428
2014-05-01,14,25,14373,5.3342857142857145
2014-05-02,4,1,5184,7.177499999999999
2014-05-05,29,24,6778,3.509310344827586
2014-05-06,6,18,8437,5.825
2014-05-07,3,1,5083,9.326666666666666
2014-05-08,11,816,44704,9.078181818181818
2014-05-09,6,55,42269,5.951666666666667
2014-05-12,6,5,4213,3.8250000000000006
2014-05-13,2,242,13710,24.995
2014-05-15,16,839,126212,8.503125
2014-05-16,14,254,49909,3.608571428571429
2014-05-19,3,421,57143,4.66
2014-05-20,5,47,34496,6.5920000000000005
2014-05-21,11,453,45441,6.928181818181819
2014-05-22,11,13,3398,4.14
2014-05-23,8,118,27443,10.36
2014-05-26,2,417,52346,15.989999999999998
2014-05-27,1,48,3314,15.99
2014-05-28,5,9,30101,9.190000000000001
2014-05-29,11,39,9805,7.199090909090909
2014-05-30,17,42,12964,8.027058823529412
2014-06-03,6,432,62900,6.991666666666667
2014-06-04,5,6,15813,2.5940000000000003
2014-06-05,7,7,3537,5.704285714285715
2014-06-06,28,49,15658,5.798928571428571
2014-06-07,1,2,8549,0.49
2014-06-09,4,13,8534,7.005
2014-06-10,5,5,8395,5.709999999999999
2014-06-11,4,20,3489,8.4925
2014-06-12,12,533,17025,8.823333333333332
2014-06-13,8,107,7267,7.8025
2014-06-16,13,56,9931,8.865384615384615
2014-06-17,4,3,2629,8.49
2014-06-18,2,3,371,3.995
2014-06-19,1,1,277,9.99
2014-06-20,2,1,585,0.495
2014-06-23,2,0,800,12.99
2014-06-25,2,34,26818,17.49
2014-06-26,2,84,24790,19.995
2014-06-27,1,82,27117,29.99
2014-06-30,3,15,13491,15.156666666666666
2014-07-01,10,271,84837,4.391
2014-07-02,4,407,11534,5.4925
2014-07-03,12,31,7109,7.786666666666666
2014-07-04,5,11,2285,5.590000000000001
2014-07-07,6,7,3345,5.741666666666667
2014-07-08,3,31,7067,14.99
2014-07-09,8,9,12996,6.05375
2014-07-10,6,2,4716,5.6816666666666675
2014-07-11,9,0,978,6.767777777777778
2014-07-14,9,10,4588,3.3822222222222225
2014-07-15,10,17,5766,6.311
2014-07-16,9,19,10221,4.4944444444444445
2014-07-17,9,8,3193,3.6744444444444446
2014-07-18,9,5,1729,5.7844444444444445
2014-07-21,4,6,5629,8.115
2014-07-22,5,9,5262,6.194
2014-07-23,3,1,314,6.8566666666666665
2014-07-24,4,3,4245,7.24
2014-07-25,10,30,23012,9.825
2014-07-28,3,42,30487,9.99
2014-07-29,2,70,17256,12.489999999999998
2014-07-30,3,2,2701,3.66
2014-07-31,8,11,12151,7.5525
2014-08-01,5,3,2452,6.2540000000000004
2014-08-02,1,0,337,9.99
2014-08-04,3,0,2598,1.9933333333333334
2014-08-05,7,24,25510,5.991428571428571
2014-08-06,5,20,8077,4.794
2014-08-07,4,672,29583,14.4925
2014-08-08,10,8,2011,8.491
2014-08-11,5,2,4398,3.1740000000000004
2014-08-12,2,46,6174,12.49
2014-08-13,2,22,4408,4.995
2014-08-14,1,1,4829,3.99
2014-08-15,10,15,3790,4.132
2014-08-18,5,43,19796,5.5920000000000005
2014-08-19,5,228,57494,4.992
2014-08-20,2,1,1034,7.24
2014-08-21,7,85,11609,12.312857142857142
2014-08-22,9,14,2560,4.618888888888889
2014-08-25,7,1529,183499,10.848571428571429
2014-08-26,5,3,3935,6.792
2014-08-27,3,21,6701,8.99
2014-08-28,1,0,44,5.99
2014-08-29,6,12,18014,12.431666666666667
2014-09-01,2,201,4462,2.495
2014-09-02,1,0,503,4.99
2014-09-03,2,8,2509,4.995
2014-09-04,4,15,11390,9.24
2014-09-05,6,167,24341,10.991666666666667
2014-09-08,1,0,641,5.99
2014-09-09,3,8,1659,9.450000000000001
2014-09-10,1,0,3995,0.0
2014-09-11,2,1,739,14.99
2014-09-12,9,131,21803,8.855555555555556
2014-09-15,11,21,14064,7.3554545454545455
2014-09-16,8,116,6762,3.3912500000000003
2014-09-17,9,349,19757,10.312222222222223
2014-09-18,9,478,45887,11.152222222222223
2014-09-19,7,1,3891,6.082857142857143
2014-09-22,4,219,17852,14.4275
2014-09-23,9,87,16151,9.213333333333333
2014-09-24,2,0,500,17.49
2014-09-25,6,9,10066,7.489999999999999
2014-09-26,4,7,8152,11.43
2014-09-29,7,26,13301,10.848571428571429
2014-09-30,3,0,865,5.656666666666666
2014-10-01,3,0,1486,7.656666666666666
2014-10-02,5,11,5040,8.790000000000001
2014-10-03,3,1,462,5.993333333333333
2014-10-06,20,327,79305,13.84
2014-10-07,4,410,54617,9.9925
2014-10-08,3,524,69179,2.66
2014-10-09,7,423,20275,8.704285714285714
2014-10-10,6,88,42380,8.24
2014-10-13,4,650,74024,8.4925
2014-10-14,4,10,1817,5.74
2014-10-15,6,52,6220,5.501666666666666
2014-10-16,8,35,8104,4.8687499999999995
2014-10-17,10,54,5439,6.481999999999999
2014-10-20,4,20,12926,10.24
2014-10-21,4,2,3254,12.615
2014-10-22,8,180,10007,5.16375
2014-10-23,13,294,42277,8.394615384615385
2014-10-24,7,2,4272,9.992857142857144
2014-10-27,6,63,18886,6.325
2014-10-28,8,58,25035,7.99125
2014-10-29,2,5,1309,8.99
2014-10-30,12,145,21938,6.989999999999999
2014-10-31,2,1,760,14.995
2014-11-03,2,76,57722,39.99
2014-11-04,5,14907,344156,6.890000000000001
2014-11-05,3,15,1969,8.326666666666666
2014-11-06,6,8,1421,5.161666666666666
2014-11-07,11,8,12865,6.826363636363637
2014-11-10,4,36,24077,6.74
2014-11-11,9,489,102335,11.547777777777776
2014-11-12,5,9,3431,4.492
2014-11-13,4,4,1688,4.515000000000001
2014-11-14,11,786,106607,8.01
2014-11-17,1,0,967,19.99
2014-11-18,9,27,19238,5.934444444444445
2014-11-19,6,483,88619,4.793333333333334
2014-11-20,10,2007,13166,9.892999999999999
2014-11-21,10,70,15613,11.842
2014-11-24,7,319,23138,10.418571428571429
2014-11-25,7,40,21574,6.357142857142857
2014-11-26,6,35,3349,8.625
2014-11-27,3,3,2157,8.326666666666666
2014-11-28,5,3,1569,4.194
2014-12-01,2,11,17147,0.245
2014-12-02,3,2,12108,4.326666666666667
2014-12-03,7,70,7364,9.134285714285713
2014-12-04,19,111,15934,7.4126315789473685
2014-12-05,7,6,2159,5.214285714285714
2014-12-08,6,4,7264,7.156666666666666
2014-12-09,6,3,2447,4.658333333333334
2014-12-10,6,0,647,6.965
2014-12-11,11,177,45658,7.082727272727272
2014-12-12,4,2,2401,8.2425
2014-12-15,7,171,62005,10.061428571428573
2014-12-16,9,113,4895,10.656666666666666
2014-12-17,4,6,4103,5.49
2014-12-18,7,535,44615,7.994285714285714
2014-12-19,5,8968,179132,5.395999999999999
2014-12-22,5,27862,434093,3.592
2014-12-23,4,3,1288,2.4925
2014-12-24,2,443,1887,14.995
2014-12-29,2,34,26974,5.49
2014-12-31,2,0,173,0.495
2015-01-01,1,0,157,14.99
2015-01-02,5,0,367,5.390000000000001
2015-01-05,3,1,341,1.7566666666666668
2015-01-06,2,1,780,2.495
2015-01-07,4,5,1821,3.495
2015-01-08,8,3,8004,9.87125
2015-01-09,8,4,1836,5.54125
2015-01-12,8,357,6309,5.42875
2015-01-13,4,1,1036,4.365
2015-01-14,2,3,344,10.489999999999998
2015-01-15,10,5,81840,4.585
2015-01-16,9,3,5136,6.104444444444444
2015-01-19,4,482,68747,9.2425
2015-01-20,9,16,13514,4.104444444444444
2015-01-21,4,1,1485,9.6775
2015-01-22,8,3,5254,4.31875
2015-01-23,10,268,54853,11.370000000000001
2015-01-26,13,4978,474360,5.773076923076923
2015-01-27,1,0,86,9.99
2015-01-28,7,1228,38371,3.6714285714285717
2015-01-29,12,317,185896,7.075833333333333
2015-01-30,12,1302,37199,4.863333333333333
2015-02-02,10,13,5534,4.340000000000001
2015-02-03,6,8,6444,6.156666666666666
2015-02-04,11,36,9033,6.844545454545455
2015-02-05,5,16,5260,3.3939999999999997
2015-02-06,12,51,13275,5.824166666666667
2015-02-09,4,1,1111,1.105
2015-02-10,3,12,49049,5.993333333333333
2015-02-11,2,4,655,7.865
2015-02-12,7,0,1190,8.92
2015-02-13,14,49,23312,4.302142857142857
2015-02-16,2,3,801,0.69
2015-02-17,4,1434,47113,18.990000000000002
2015-02-18,2,0,297,2.99
2015-02-19,11,47,18684,11.57
2015-02-20,6,18,9131,6.785
2015-02-23,5,1,2303,5.470000000000001
2015-02-24,14,159,35349,14.418571428571427
2015-02-25,10,106,21545,11.051
2015-02-26,6,110,23750,19.573333333333334
2015-02-27,17,105,12022,6.233529411764706
2015-03-02,8,30,14385,4.805
2015-03-03,5,1,1438,5.0920000000000005
2015-03-04,6,18,4555,2.9116666666666666
2015-03-05,8,5,14008,9.866249999999999
2015-03-06,4,92,19220,14.365000000000002
2015-03-09,4,163,24605,8.99
2015-03-10,6,9451,400244,9.158333333333333
2015-03-11,5,297,35591,6.09
2015-03-12,8,581,21561,6.835
2015-03-13,9,16,4484,5.002222222222223
2015-03-15,1,45,14408,0.0
2015-03-16,4,0,282,2.24
2015-03-17,7,25,5297,5.704285714285715
2015-03-18,5,4,2619,4.99
2015-03-19,7,408,1496,7.991428571428571
2015-03-20,3,0,631,1.8233333333333335
2015-03-23,5,5,3744,5.394
2015-03-24,7,28,2799,9.885714285714286
2015-03-25,14,14,4266,5.105714285714286
2015-03-26,12,233,41809,6.534166666666667
2015-03-27,11,9,5667,10.012727272727274
2015-03-30,8,1148,72554,4.8675
2015-03-31,4,13,6099,6.9925
2015-04-01,12,1740,132524,5.786666666666666
2015-04-02,12,5072,153754,9.789166666666667
2015-04-03,6,35,11596,11.315
2015-04-06,4,5,1766,8.24
2015-04-07,5,0,887,6.99
2015-04-08,2,26,4510,6.495
2015-04-09,9,12,8925,7.88
2015-04-10,9,4,3897,5.545555555555556
2015-04-13,3,68277,2046834,12.326666666666666
2015-04-14,4,23,13915,6.49
2015-04-15,4,0,1254,3.24
2015-04-16,10,9,8242,5.852
2015-04-17,7,9,935,4.437142857142858
2015-04-20,9,5,1200,2.4877777777777776
2015-04-21,5,8,5396,7.390000000000001
2015-04-22,9,40,5001,5.657777777777778
2015-04-23,15,154,45589,7.99
2015-04-24,9,35,12013,9.43
2015-04-27,10,1943,142134,11.791
2015-04-28,12,82,42944,9.2425
2015-04-29,9,90,15829,6.656666666666667
2015-04-30,13,283,33427,5.5307692307692315
2015-05-01,10,174,10919,6.7909999999999995
2015-05-04,7,163,23462,2.565714285714286
2015-05-05,6,8,1147,3.9933333333333336
2015-05-06,6,0,2063,5.54
2015-05-07,6,3,3785,8.673333333333334
2015-05-08,11,0,2350,4.337272727272727
2015-05-11,14,144,7102,7.363571428571428
2015-05-12,10,23,14720,7.5920000000000005
2015-05-13,4,2020,61631,2.62
2015-05-14,9,261,24734,9.99111111111111
2015-05-15,10,27,6418,3.793
2015-05-18,5,15907,837776,12.392
2015-05-19,3,7,12078,6.66
2015-05-20,5,13,5724,6.151999999999999
2015-05-21,13,0,8360,4.914615384615384
2015-05-22,12,52,10814,6.159166666666667
2015-05-25,9,29,13198,2.75
2015-05-26,12,148,34761,8.094166666666666
2015-05-27,3,1,1163,2.1933333333333334
2015-05-28,19,75,8906,8.44421052631579
2015-05-29,16,15923,340388,9.036875
2015-05-30,1,46,7937,9.99
2015-06-01,14,132,29775,5.680714285714286
2015-06-02,5,8,18954,4.312
2015-06-03,7,1,3363,4.135714285714286
2015-06-04,14,128,50055,6.340714285714285
2015-06-05,13,5039,78004,7.497692307692308
2015-06-08,10,8,1339,4.390000000000001
2015-06-09,6,3,7471,9.491666666666665
2015-06-10,2,0,299,0.0
2015-06-11,6,96,10508,8.773333333333333
2015-06-15,1,0,174,4.99
2015-06-16,1,4,115,4.99
2015-06-17,1,2,212,0.0
2015-06-18,2,10,12349,2.495
2015-06-19,1,2,51,19.99
2015-06-22,6,0,2073,3.4233333333333333
2015-06-23,9,2208,173125,11.657777777777778
2015-06-24,7,17,11026,4.277142857142858
2015-06-25,18,405,13638,11.990555555555556
2015-06-26,11,18,7463,3.847272727272727
2015-06-29,5,2,820,3.3939999999999997
2015-06-30,10,30,7773,6.779999999999999
2015-07-01,6,1,904,6.456666666666667
2015-07-02,9,23,12191,8.14111111111111
2015-07-03,6,35,2467,2.216666666666667
2015-07-06,7,2,10398,3.635714285714286
2015-07-07,12,21108,586741,3.6816666666666666
2015-07-08,11,9,4420,3.391818181818182
2015-07-09,12,799,106114,7.159999999999999
2015-07-10,12,8,5369,4.6875
2015-07-13,4,72,19909,5.2425
2015-07-14,4,11,3023,9.74
2015-07-15,8,426,12553,10.365
2015-07-16,13,16,4518,5.863846153846154
2015-07-17,12,95,8077,4.3475
2015-07-20,9,22,6315,2.4944444444444445
2015-07-21,5,2,1110,7.69
2015-07-22,6,2868,5474,4.406666666666667
2015-07-23,12,249,23819,7.575833333333333
2015-07-24,11,20,9257,8.631818181818183
2015-07-27,4,0,265,5.2425
2015-07-28,11,100,29562,7.677272727272728
2015-07-29,8,140,53555,4.86875
2015-07-30,13,0,2619,2.3153846153846156
2015-07-31,11,4,4308,4.5
2015-08-03,10,5,11219,4.042
2015-08-04,9,3,3527,3.5477777777777777
2015-08-05,8,1168,35862,5.703749999999999
2015-08-06,4,0,547,3.8025
2015-08-07,7,2,1915,3.2614285714285716
2015-08-10,8,3,7826,4.7425
2015-08-11,5,2,4997,4.994
2015-08-12,7,42,26399,4.848571428571428
2015-08-13,7,203,3885,9.848571428571429
2015-08-14,14,39,5995,4.127142857142857
2015-08-17,4,20,17799,6.74
2015-08-18,13,173,32134,8.79
2015-08-19,11,111,12050,4.176363636363636
2015-08-20,11,39,15869,6.826363636363637
2015-08-21,13,7,3724,5.374615384615385
2015-08-24,13,404,39981,6.1692307692307695
2015-08-25,13,63,21593,7.952307692307692
2015-08-26,9,9,4884,2.218888888888889
2015-08-27,14,145,40671,10.098571428571429
2015-08-28,12,11,6166,5.790833333333334
2015-08-31,14,9,7244,2.8892857142857147
2015-09-01,9,1970,200298,16.582222222222224
2015-09-02,11,39,18142,6.764545454545455
2015-09-03,13,9,2499,4.690769230769231
2015-09-04,8,6,5196,3.0025000000000004
2015-09-07,6,0,524,4.49
2015-09-08,5,1856,124901,7.394
2015-09-09,5,7,4306,7.390000000000001
2015-09-10,5,2,2883,5.540000000000001
2015-09-11,9,18,8298,4.1033333333333335
2015-09-14,4,0,712,5.7425
2015-09-15,9,3354,280914,6.135555555555555
2015-09-16,8,12,5901,5.67875
2015-09-17,14,537,39042,7.6692857142857145
2015-09-18,10,10,12874,5.55
2015-09-21,7,69,47581,11.561428571428573
2015-09-22,9,86,10932,6.547777777777778
2015-09-23,15,8,5023,4.952
2015-09-24,17,53,26292,5.7700000000000005
2015-09-25,17,14,6772,4.050000000000001
2015-09-28,7,3,3507,6.6899999999999995
2015-09-29,13,270,27256,11.262307692307692
2015-09-30,14,6,4368,4.067857142857143
2015-10-01,12,40,28708,7.47
2015-10-02,9,13,10822,2.854444444444445
2015-10-05,5,2,1721,7.142
2015-10-06,6,858,79693,10.89
2015-10-07,4,0,911,3.3675
2015-10-08,7,163,18160,5.741428571428571
2015-10-09,10,4,2735,3.5200000000000005
2015-10-12,7,1,1110,5.878571428571428
2015-10-13,11,500,45741,6.994545454545454
2015-10-14,6,24,4963,10.158333333333333
2015-10-15,12,511,83489,6.034166666666667
2015-10-16,16,51,34355,6.60125
2015-10-19,9,38,11885,6.989999999999999
2015-10-20,8,40,14272,12.615
2015-10-21,16,208,40082,5.789375
2015-10-22,7,6,3985,7.134285714285714
2015-10-23,16,199,50549,7.3875
2015-10-26,8,5,2121,4.3725000000000005
2015-10-27,7,389,33774,12.562857142857142
2015-10-28,8,39,4428,3.8675
2015-10-29,9,88,10292,8.862222222222222
2015-10-30,7,171,10956,7.277142857142857
2015-11-01,1,89,22198,9.99
2015-11-02,13,78,16525,9.3
2015-11-03,7,13,4533,9.491428571428571
2015-11-04,6,6,2452,4.358333333333333
2015-11-05,11,5502,236431,15.63
2015-11-06,12,149,23798,7.802500000000001
2015-11-09,11,11200,401699,6.083636363636364
2015-11-10,4,2,2218,5.9925
2015-11-11,5,83,3622,15.190000000000001
2015-11-12,9,254,16827,11.102222222222222
2015-11-13,7,6,2074,4.061428571428571
2015-11-16,7,26,3090,9.704285714285714
2015-11-17,9,193,14377,4.253333333333334
2015-11-18,11,188,36916,9.786363636363635
2015-11-19,8,112,8848,8.366249999999999
2015-11-20,20,133,48893,5.354
2015-11-23,10,62,14406,9.59
2015-11-24,8,9,4715,4.93125
2015-11-25,2,1,479,3.49
2015-11-26,2,0,102,0.495
2015-11-27,2,0,157,2.495
2015-11-30,8,650,132460,2.87
2015-12-01,6,57901,1495110,13.323333333333332
2015-12-02,10,15,5263,4.323
2015-12-03,14,148,6627,6.784285714285715
2015-12-04,11,8,15181,3.082727272727273
2015-12-05,1,103,17979,11.99
2015-12-06,1,3,226,0.0
2015-12-07,11,384,76604,7.343636363636364
2015-12-08,8,19,16325,4.97875
2015-12-09,8,33,3937,11.116249999999999
2015-12-10,18,532,25363,5.347777777777778
2015-12-11,8,3,1544,7.9925
2015-12-14,7,9406,216443,10.565714285714288
2015-12-15,10,6,16602,4.2410000000000005
2015-12-16,4,4,3543,2.2075
2015-12-17,8,104,17634,11.491249999999999
2015-12-18,16,228,11796,5.488125
2015-12-21,15,14,10416,5.666
2015-12-22,4,20,10062,3.995
2015-12-23,3,0,304,3.8233333333333337
2015-12-24,3,3,374,9.323333333333332
2015-12-25,1,0,655,2.99
2015-12-28,1,1,2027,4.99
2015-12-29,1,0,99,0.0
2015-12-30,1,0,35,9.99
2015-12-31,2,0,200,2.99
2016-01-01,1,1,2862,0.0
2016-01-04,5,9,18508,3.5900000000000007
2016-01-05,9,5,3400,2.6466666666666665
2016-01-06,3,0,866,2.66
2016-01-07,6,10,2730,6.906666666666666
2016-01-08,15,256,37776,6.356
2016-01-11,7,2,4746,5.468571428571429
2016-01-12,7,2,2264,4.775714285714286
2016-01-13,3,196,1981,0.19666666666666666
2016-01-14,7,31,13858,5.832857142857143
2016-01-15,14,349,52389,6.8378571428571435
2016-01-18,7,3,2278,7.777142857142857
2016-01-19,12,4841,282710,9.112499999999999
2016-01-20,6,24,9305,13.823333333333332
2016-01-21,9,121,31437,4.858888888888889
2016-01-22,13,134,40472,4.11
2016-01-25,6,1421,11890,5.16
2016-01-26,11,211,30066,8.355454545454545
2016-01-27,12,519,28534,4.115833333333334
2016-01-28,9,58,20568,7.474444444444444
2016-01-29,12,1071,79170,4.981666666666667
2016-02-01,12,88,43826,4.242500000000001
2016-02-02,6,6747,177961,6.741666666666667
2016-02-03,10,5,6236,5.3420000000000005
2016-02-04,7,3520,195414,14.642857142857142
2016-02-05,1,0,241,0.0
2016-02-08,1,4,352,0.0
2016-02-09,7,862,229022,19.012857142857143
2016-02-10,1,0,139,0.0
2016-02-11,8,7,1463,6.9925
2016-02-12,12,10,5879,6.410833333333334
2016-02-15,12,199,78685,5.979166666666667
2016-02-16,8,3,3851,2.3312500000000003
2016-02-17,6,48,2939,4.3
2016-02-18,14,1722,100490,8.49
2016-02-19,10,1070,29984,3.118
2016-02-22,11,22,6535,3.674545454545455
2016-02-23,8,1045,21449,7.335
2016-02-24,10,1438,53103,7.8420000000000005
2016-02-25,20,19111,366405,8.8365
2016-02-26,10,50683,891309,7.962000000000001
2016-02-28,1,6,8061,3.49
2016-02-29,11,249,35122,7.369999999999999
2016-03-01,13,268,12713,6.452307692307692
2016-03-02,8,14,7517,7.9925
2016-03-03,14,8,5937,5.021428571428571
2016-03-04,22,381,67611,6.309545454545455
2016-03-07,9,802,97776,8.214444444444444
2016-03-08,7,60,3346,6.994285714285715
2016-03-09,4,1,1594,4.99
2016-03-10,9,141,18028,7.38
2016-03-11,9,47,37977,5.213333333333334
2016-03-14,7,52,24634,3.6999999999999997
2016-03-15,7,23,7309,3.565714285714286
2016-03-16,7,26,2818,2.79
2016-03-17,7,3,1106,9.42
2016-03-18,14,10,12866,2.835714285714286
2016-03-19,1,0,57,1.99
2016-03-21,7,20,7881,4.385714285714286
2016-03-22,12,24,3600,7.175000000000001
2016-03-23,9,242,3559,11.668888888888889
2016-03-24,18,78,27747,9.797222222222222
2016-03-25,15,12,7030,6.6579999999999995
2016-03-28,7,164,23347,8.85
2016-03-29,16,15,6210,4.97625
2016-03-30,10,23,10252,10.033
2016-03-31,14,52,19951,7.057142857142857
2016-04-01,11,21,4673,3.556363636363636
2016-04-04,13,60,9522,7.2092307692307696
2016-04-05,35,1489,135803,5.6257142857142854
2016-04-06,4,0,676,4.41
2016-04-07,10,9,5079,5.931
2016-04-08,14,285,22756,6.684285714285714
2016-04-09,1,0,632,17.99
2016-04-11,5,4388,414584,16.292
2016-04-12,4,4,10246,8.92
2016-04-13,8,53,5099,4.6537500000000005
2016-04-14,13,363,18728,6.914615384615384
2016-04-15,10,6,2212,7.243
2016-04-16,1,0,3943,0.0
2016-04-17,1,7,1753,29.99
2016-04-18,9,213,30122,6.271111111111111
2016-04-19,14,259,55616,5.902142857142857
2016-04-20,10,218,30441,7.266
2016-04-21,13,30575,508752,5.522307692307693
2016-04-22,20,31,8564,5.016
2016-04-23,1,0,252,4.99
2016-04-24,1,2,1111,0.0
2016-04-25,7,5,2205,6.848571428571428
2016-04-26,6,3,3828,2.9116666666666666
2016-04-27,13,242,72371,5.950769230769231
2016-04-28,20,177,20089,6.346500000000001
2016-04-29,16,30,3573,8.163125
2016-04-30,1,0,267,0.0
2016-05-01,1,0,32,2.99
2016-05-02,7,1,1274,3.2785714285714285
2016-05-03,12,29,13820,6.001666666666668
2016-05-04,6,10,5987,2.125
2016-05-05,13,126,7757,3.6084615384615386
2016-05-06,14,18,19676,6.636428571428572
2016-05-07,2,0,979,2.34
2016-05-08,1,3,1374,0.0
2016-05-09,5,13736,185644,12.690000000000001
2016-05-10,8,59,2946,7.69125
2016-05-11,7,2,2078,4.561428571428571
2016-05-12,14,2381,234280,9.450000000000001
2016-05-13,8,112,38787,7.08375
2016-05-14,2,0,437,0.245
2016-05-15,1,0,574,11.99
2016-05-16,3,1,679,6.326666666666667
2016-05-17,10,79,40661,6.83
2016-05-18,7,13,4029,5.807142857142857
2016-05-19,13,8,3986,5.024615384615384
2016-05-20,10,26,16850,5.595000000000001
2016-05-22,1,0,146,3.99
2016-05-23,2,1,580,2.495
2016-05-24,7,328,54107,9.495714285714286
2016-05-25,5,8,1932,9.18
2016-05-26,13,16,3876,8.261538461538462
2016-05-27,15,1163,11727,3.2600000000000002
2016-05-29,2,0,374,5.69
2016-05-30,7,81,2181,2.742857142857143
2016-05-31,16,576,51896,3.7112499999999997
2016-06-01,18,19,9303,5.975555555555555
2016-06-02,22,815,33440,9.219090909090909
2016-06-03,21,28,12593,4.331428571428571
2016-06-04,1,1,306,0.99
2016-06-05,1,0,17,0.99
2016-06-06,10,32119,346701,13.171000000000001
2016-06-07,10,66,13806,6.573
2016-06-08,7,38,1853,2.3942857142857146
2016-06-09,12,4,17992,8.075833333333334
2016-06-10,15,29,19331,5.257333333333333
2016-06-11,3,1,113,3.33
2016-06-12,1,0,29,0.99
2016-06-13,9,21,6362,4.2411111111111115
2016-06-14,13,44889,800398,5.723846153846154
2016-06-15,12,17,6150,4.741666666666667
2016-06-16,10,37,17920,3.693
2016-06-17,14,36,8797,4.476428571428571
2016-06-19,1,0,36,0.0
2016-06-20,7,24,4872,6.918571428571428
2016-06-21,14,86,48364,6.685714285714285
2016-06-22,13,2,3691,4.837692307692308
2016-06-23,5,4,750,2.7920000000000003
2016-06-24,1,1,108,0.0
2016-06-26,1,0,115,1.99
2016-06-27,4,28,9581,9.24
2016-06-28,3,1521,74211,3.33
2016-06-29,2,27,4452,27.490000000000002
2016-06-30,4,1,512,5.1175
2016-07-01,7,5,2697,11.135714285714286
2016-07-04,5,1,368,5.390000000000001
2016-07-05,13,203,52083,10.221538461538461
2016-07-06,5,5,11006,4.5920000000000005
2016-07-07,17,142,74259,4.4929411764705875
2016-07-08,12,44,8041,4.865833333333334
2016-07-09,1,2,162,1.99
2016-07-10,1,0,122,0.99
2016-07-11,11,10,6929,7.671818181818182
2016-07-12,12,86,22396,7.9425
2016-07-13,10,5,6658,2.841
2016-07-14,12,10,3835,5.701666666666667
2016-07-15,10,2,5270,4.458
2016-07-16,1,0,259,1.99
2016-07-17,2,1,224,0.245
2016-07-18,6,73,11872,4.908333333333333
2016-07-19,16,15,9128,7.753125
2016-07-20,9,39,10590,4.282222222222222
2016-07-21,21,282,13136,5.301428571428572
2016-07-22,15,1844,381187,5.084666666666666
2016-07-25,11,195,26928,6.539090909090908
2016-07-26,13,3,2853,4.253846153846154
2016-07-27,4,8,4442,4.99
2016-07-28,9,4,5504,9.045555555555556
2016-07-29,12,2,2567,3.7125000000000004
2016-07-30,2,0,105,4.995
2016-08-01,11,32,7553,5.8100000000000005
2016-08-02,13,201,71443,8.84153846153846
2016-08-03,13,84,26998,4.024615384615385
2016-08-04,14,115,5443,3.7457142857142856
2016-08-05,8,22,8659,7.065
2016-08-06,2,0,210,2.49
2016-08-07,2,0,99,0.75
2016-08-08,10,2,3204,3.592
2016-08-09,15,246,19768,4.2266666666666675
2016-08-10,10,59,5133,5.442
2016-08-11,8,11,13601,3.4625
2016-08-12,10,12294,355343,10.594
2016-08-13,1,0,15,0.0
2016-08-14,5,5,749,6.290000000000001
2016-08-15,10,63,5943,6.172
2016-08-16,11,5,3650,5.871818181818182
2016-08-17,8,5,2450,2.4925
2016-08-18,12,21,7841,1.9191666666666667
2016-08-19,9,0,1547,3.717777777777778
2016-08-20,1,0,313,0.0
2016-08-21,1,0,12,4.99
2016-08-22,9,12,5435,8.102222222222222
2016-08-23,11,451,64454,9.04
2016-08-24,13,143,20350,7.992307692307692
2016-08-25,23,405,27163,8.83695652173913
2016-08-26,16,8,6610,5.61625
2016-08-28,1,0,22,0.0
2016-08-29,22,248,22379,8.959090909090909
2016-08-30,10,42,29921,11.11
2016-08-31,12,721,62397,8.134166666666667
2016-09-01,13,54,10648,3.8984615384615386
2016-09-02,21,44,13912,4.867619047619048
2016-09-03,1,0,74,0.49
2016-09-05,9,16,13576,9.213333333333333
2016-09-06,8,2,1689,5.59625
2016-09-07,5,4,2435,3.564
2016-09-08,18,231,41274,6.745
2016-09-09,14,81,5980,6.383571428571429
2016-09-10,3,87,6556,3.4933333333333336
2016-09-11,1,0,149,2.99
2016-09-12,12,48,10725,2.9925
2016-09-13,13,16,8973,5.483846153846154
2016-09-14,10,5,3542,6.0729999999999995
2016-09-15,16,628,94414,5.929375
2016-09-16,9,3,6749,2.647777777777778
2016-09-18,2,2,254,2.495
2016-09-19,4,1,268,2.245
2016-09-20,13,505,28545,6.764615384615384
2016-09-21,6,35,2872,7.25
2016-09-22,24,52,24758,8.219583333333333
2016-09-23,8,11,1993,5.0275
2016-09-25,1,0,344,19.99
2016-09-26,11,14,12693,4.237272727272727
2016-09-27,8,68,20916,8.11875
2016-09-28,16,23,19604,3.7624999999999997
2016-09-29,26,121,43056,8.195769230769232
2016-09-30,15,73,7438,4.239333333333334
2016-10-01,4,3,475,2.245
2016-10-02,2,3,712,15.989999999999998
2016-10-03,12,6,5038,4.910833333333334
2016-10-04,10,702,50924,9.081999999999999
2016-10-05,10,4,4534,4.393
2016-10-06,17,876,59799,5.521176470588236
2016-10-07,16,122,23927,5.51
2016-10-08,1,0,339,0.49
2016-10-10,10,18,12529,7.0760000000000005
2016-10-11,8,108,10378,4.745
2016-10-12,10,96,5362,5.393
2016-10-13,14,79,38597,7.707857142857143
2016-10-14,26,34,15323,4.556538461538461
2016-10-16,1,0,11,4.99
2016-10-17,12,124,7133,6.015000000000001
2016-10-18,12,904,184318,3.9933333333333336
2016-10-19,17,190,12884,5.455882352941177
2016-10-20,15,25535,361466,10.052
2016-10-21,15,123,23273,2.1666666666666665
2016-10-23,1,0,105,0.99
2016-10-24,13,1265,117628,5.43076923076923
2016-10-25,18,187,22731,5.511666666666667
2016-10-26,20,15,8139,4.436
2016-10-27,27,26891,429910,5.92
2016-10-28,19,14,4574,4.535789473684211
2016-10-30,1,0,30,7.99
2016-10-31,7,2,1674,8.775714285714285
2016-11-01,13,8,8447,7.140769230769231
2016-11-02,10,2,2576,7.391
2016-11-03,12,1459,85299,12.133333333333333
2016-11-04,16,28,15314,8.271875
2016-11-05,2,0,268,1.24
2016-11-06,1,1,41,6.99
2016-11-07,9,986,52518,4.947777777777778
2016-11-08,9,99,18533,5.293333333333333
2016-11-09,13,6231,195756,3.493076923076923
2016-11-10,13,75,20979,9.145384615384616
2016-11-11,17,309,65455,8.578235294117647
2016-11-12,1,0,26,9.99
2016-11-13,1,0,33,5.99
2016-11-14,11,10,2039,1.7672727272727273
2016-11-15,15,16,8698,5.3919999999999995
2016-11-16,14,113,16566,4.771428571428571
2016-11-17,18,761,105723,8.374444444444444
2016-11-18,15,4521,137734,7.674
2016-11-20,1,0,1031,0.0
2016-11-21,10,6,4371,4.412000000000001
2016-11-22,12,73,35969,3.6174999999999997
2016-11-23,12,38,1806,5.324166666666667
2016-11-24,6,2,1213,8.073333333333332
2016-11-25,5,36,255,11.192
2016-11-26,1,0,45,1.99
2016-11-27,1,1,412,0.0
2016-11-28,6,871,87302,12.033333333333333
2016-11-29,10,122,20087,5.599
2016-11-30,13,31,3415,5.423846153846155
2016-12-01,19,5,7099,6.1889473684210525
2016-12-02,16,142,35429,8.678125
2016-12-04,3,2,3850,0.49666666666666665
2016-12-05,12,10,8916,6.326666666666667
2016-12-06,10,259,52848,11.092
2016-12-07,16,82,7855,5.788125
2016-12-08,19,84,57682,4.545789473684211
2016-12-09,16,34,7217,10.799999999999999
2016-12-10,2,4,205,7.995
2016-12-11,2,0,91,7.99
2016-12-12,6,173,11698,4.703333333333333
2016-12-13,21,126,10152,7.036190476190476
2016-12-14,11,481,40452,7.52909090909091
2016-12-15,26,217,7114,5.788076923076924
2016-12-16,25,19,8757,5.6975999999999996
2016-12-17,3,0,1308,14.49
2016-12-18,5,13,4776,0.398
2016-12-19,11,19,9166,4.8545454545454545
2016-12-20,13,125,20751,5.308461538461539
2016-12-21,16,6,5666,3.77375
2016-12-22,13,115,9775,5.30076923076923
2016-12-23,2,0,304,0.0
2016-12-26,1,0,37,0.99
2016-12-27,5,1,741,8.29
2016-12-28,9,4,5869,3.158888888888889
2016-12-29,5,0,396,4.152
2016-12-30,7,85,5694,3.3485714285714288
2016-12-31,1,0,32,0.0
2017-01-02,8,2,1391,3.81625
2017-01-03,5,291,51910,4.192
2017-01-04,7,0,1356,3.992857142857143
2017-01-05,8,62,4415,5.890000000000001
2017-01-06,8,0,1034,1.9975
2017-01-07,2,4,402,6.24
2017-01-09,6,12,850,8.323333333333332
2017-01-10,9,44,4483,3.268888888888889
2017-01-11,4,17,1449,7.2425
2017-01-12,9,30,25531,2.9955555555555557
2017-01-13,11,6,3214,5.636363636363637
2017-01-14,1,0,321,0.0
2017-01-16,8,1,2252,12.1775
2017-01-17,10,5,1685,6.779999999999999
2017-01-18,5,1,843,5.928
2017-01-19,16,70,4227,4.551875
2017-01-20,17,7,4778,5.964705882352941
2017-01-21,1,0,32,0.0
2017-01-22,1,0,5,9.99
2017-01-23,9,792,98827,4.325555555555556
2017-01-24,9,30,4757,5.825555555555556
2017-01-25,3,0,325,9.323333333333332
2017-01-26,11,87,23798,9.63090909090909
2017-01-27,10,9,4401,6.590999999999999
2017-01-28,2,0,295,1.495
2017-01-29,4,2,388,3.9925
2017-01-30,12,46,5439,5.575833333333333
2017-01-31,13,19,17738,2.270769230769231
2017-02-01,11,34778,243370,2.722727272727273
2017-02-02,19,66,20834,6.18
2017-02-03,10,165,31198,5.083
2017-02-04,1,0,122,0.0
2017-02-05,3,3,4506,1.6600000000000001
2017-02-06,13,80,11472,3.8546153846153848
2017-02-07,11,15,6296,6.729090909090909
2017-02-08,17,58,5421,2.7600000000000002
2017-02-09,11,12,3618,5.2690909090909095
2017-02-10,12,1,1508,3.000833333333333
2017-02-11,1,0,189,0.49
2017-02-13,12,5969,210914,12.623333333333333
2017-02-14,16,47,15133,6.9712499999999995
2017-02-15,13,15,11944,4.876923076923077
2017-02-16,10,2211,180064,6.848999999999999
2017-02-17,16,357,32602,3.4175
2017-02-20,15,46,6269,4.323333333333334
2017-02-21,13,124,33327,12.446153846153846
2017-02-22,9,17,5919,5.502222222222223
2017-02-23,11,2,3247,3.710909090909091
2017-02-24,15,5034,452517,4.493333333333334
2017-02-27,14,126,52734,8.392142857142856
2017-02-28,8,2,1335,8.866249999999999
2017-03-01,3,11,3563,7.656666666666666
2017-03-02,7,64,7446,2.5085714285714285
2017-03-03,13,161,96869,1.9946153846153847
2017-03-06,8,1670,103913,10.86625
2017-03-07,9,46,18749,7.774444444444445
2017-03-08,10,39,10492,11.459
2017-03-09,14,7,7790,7.374285714285714
2017-03-10,17,16,7297,3.765294117647059
2017-03-11,1,0,792,5.99
2017-03-13,7,7,2519,7.171428571428572
2017-03-14,13,83,16022,6.376153846153846
2017-03-15,9,10,3340,4.9655555555555555
2017-03-16,17,247,59446,7.274117647058823
2017-03-17,20,727,152739,8.013
2017-03-18,1,0,30,0.99
2017-03-20,9,116,8756,3.1822222222222223
2017-03-21,6,41,1571,10.459999999999999
2017-03-22,6,2,604,4.793333333333334
2017-03-23,9,64,25253,8.602222222222222
2017-03-24,16,1185,40282,9.504375
2017-03-25,1,0,200,4.99
2017-03-27,8,30,3482,4.87
2017-03-28,20,1600,93463,8.9515
2017-03-29,8,1002,92306,1.275
2017-03-30,12,504,32238,7.857499999999999
2017-03-31,19,130,14248,2.8878947368421053
2017-04-02,2,0,163,3.995
2017-04-03,6,8,1444,6.991666666666667
2017-04-04,8,119,13103,7.67875
2017-04-05,12,58,7127,5.3500000000000005
2017-04-06,13,10,5934,4.182307692307693
2017-04-07,14,132,14139,6.456428571428572
2017-04-08,1,2,1155,0.0
2017-04-09,3,1,484,2.66
2017-04-10,8,4,2841,7.24125
2017-04-11,17,185,54644,10.958235294117646
2017-04-12,6,2,1984,1.6600000000000001
2017-04-13,13,24,9226,3.726153846153846
2017-04-14,12,2,1875,4.605833333333334
2017-04-16,1,0,128,0.0
2017-04-17,8,2,1938,8.57875
2017-04-18,25,74,20318,7.989199999999999
2017-04-19,12,383,29833,4.91
2017-04-20,10,373,34735,8.373
2017-04-21,13,8,9855,7.123846153846154
2017-04-23,1,15,214,0.99
2017-04-24,11,325,126266,8.218181818181817
2017-04-25,15,1091,37657,13.01
2017-04-26,6,2,4482,4.658333333333334
2017-04-27,18,419,170489,13.101666666666667
2017-04-28,19,25,5104,4.494736842105263
2017-04-29,2,0,283,1.9900000000000002
2017-04-30,1,3,139,0.49
2017-05-01,8,2,1298,5.1775
2017-05-02,5,31,2323,8.192
2017-05-03,10,56,7756,6.082
2017-05-04,11,264,54410,8.422727272727274
2017-05-05,14,149,8270,5.539285714285714
2017-05-08,9,41,53053,6.493333333333333
2017-05-09,8,11,3932,12.271249999999998
2017-05-10,6,0,7467,9.156666666666666
2017-05-11,8,9,1747,5.2425
2017-05-12,11,93,15929,2.601818181818182
2017-05-15,11,93,12349,4.773636363636364
2017-05-16,11,8,3259,5.267272727272727
2017-05-17,10,7,5871,4.131
2017-05-18,16,1064,123087,14.12125
2017-05-19,12,73,4621,2.5708333333333333
2017-05-21,3,0,1631,0.8233333333333333
2017-05-22,7,16031,155724,6.648571428571429
2017-05-23,13,59,17811,13.764615384615384
2017-05-24,6,14378,97869,8.465
2017-05-25,9,126,118536,10.935555555555556
2017-05-26,16,129,23600,8.135
2017-05-27,2,2,4921,12.495
2017-05-29,11,9,9597,6.129090909090909
2017-05-30,11,542,67573,9.863636363636363
2017-05-31,17,30,43513,10.403529411764705
2017-06-01,14,620,107935,7.190714285714286
2017-06-02,12,27,9947,4.9575000000000005
2017-06-03,2,1,143,2.85
2017-06-05,10,44,6380,7.243
2017-06-06,9,86,14969,13.435555555555556
2017-06-07,7,53,3294,4.207142857142857
2017-06-08,18,60,26882,6.2411111111111115
2017-06-09,15,4,2957,4.326666666666667
2017-06-12,5,1,1719,6.194
2017-06-13,6,84,7094,5.16
2017-06-14,5,10,2099,11.652000000000001
2017-06-15,17,780,24849,9.256470588235295
2017-06-16,12,205,9954,5.239166666666667
2017-06-19,8,0,1803,2.66125
2017-06-20,11,371,37923,9.06181818181818
2017-06-21,8,90,7492,6.66625
2017-06-22,11,3,12217,4.164545454545455
2017-06-23,3,0,130,3.9233333333333333
2017-06-24,1,5,74,4.99
2017-06-25,1,0,75,3.99
2017-06-26,3,1,4197,0.9933333333333333
2017-06-27,9,50,8505,6.551111111111111
2017-06-28,7,11,3506,6.992857142857142
2017-06-29,7,9,3036,5.42
2017-06-30,12,220,17033,3.983333333333334
2017-07-01,1,0,3,4.99
2017-07-03,6,1,615,4.658333333333334
2017-07-04,9,3,1571,2.3822222222222225
2017-07-05,5,1,1342,2.5940000000000003
2017-07-06,14,7,1328,3.8135714285714286
2017-07-07,13,10408,557025,4.224615384615385
2017-07-08,2,0,85,2.79
2017-07-10,5,5,1097,1.842
2017-07-11,6,7,4152,4.618333333333333
2017-07-12,11,219,5674,11.133636363636363
2017-07-13,20,198,14735,5.259
2017-07-14,22,767,24329,7.422272727272728
2017-07-15,3,1,5464,3.3266666666666667
2017-07-16,7,0,1607,2.507142857142857
2017-07-17,7,2,5504,6.164285714285714
2017-07-18,8,26,39159,2.43
2017-07-19,14,4,11269,5.221428571428571
2017-07-20,27,381,54398,6.307037037037037
2017-07-21,19,22,7761,5.623157894736842
2017-07-22,4,0,289,3.4925
2017-07-23,1,0,67,2.99
2017-07-24,6,4,1996,4.158333333333333
2017-07-25,16,266,26098,12.275
2017-07-26,15,2236,68296,5.926
2017-07-27,24,3779,143507,9.158333333333333
2017-07-28,18,213,58774,4.9911111111111115
2017-07-29,2,1,359,2.74
2017-07-30,3,15,1434,0.9933333333333333
2017-07-31,18,34,10436,3.559444444444445
2017-08-01,20,3445,262421,6.612
2017-08-02,21,105,10400,6.174761904761904
2017-08-03,15,251,26187,10.593333333333334
2017-08-04,15,7,6759,6.392666666666667
2017-08-05,1,3,116,0.0
2017-08-07,14,77,78640,5.622857142857143
2017-08-08,14,114,23299,6.849285714285714
2017-08-09,15,23,5929,6.747333333333333
2017-08-10,14,59,13826,5.635714285714286
2017-08-11,16,197,17363,4.97375
2017-08-12,2,0,598,12.495
2017-08-13,1,0,43,0.99
2017-08-14,8,18,3909,6.49
2017-08-15,25,23,23358,5.9216
2017-08-16,15,15,6526,5.357333333333333
2017-08-17,23,129,42672,4.736086956521739
2017-08-18,6,3,915,3.158333333333333
2017-08-19,1,0,49,2.99
2017-08-20,1,0,41,7.99
2017-08-21,8,214,32166,5.49375
2017-08-22,11,253,44661,6.7281818181818185
2017-08-23,14,188,11659,4.713571428571428
2017-08-24,12,82,138505,4.742500000000001
2017-08-25,20,88,15859,6.775
2017-08-26,1,13,3167,0.0
2017-08-27,3,22190,730568,7.326666666666667
2017-08-28,7,2792,70510,3.8785714285714286
2017-08-29,17,252,54772,11.433529411764706
2017-08-30,8,37,7711,12.303749999999999
2017-08-31,21,237,58635,8.456666666666667
2017-09-01,17,9,3831,3.987647058823529
2017-09-02,1,0,44,0.0
2017-09-03,2,0,261,0.245
2017-09-04,8,2,1680,1.7325
2017-09-05,3,17,4439,7.659999999999999
2017-09-06,6,2,999,3.985
2017-09-07,13,96,28196,6.012307692307692
2017-09-08,20,29,5572,4.599
2017-09-09,2,5,631,0.495
2017-09-11,10,58,1206,2.88
2017-09-12,15,11,7369,7.66
2017-09-13,15,61,11057,7.541333333333333
2017-09-14,29,3657,238104,8.191724137931034
2017-09-15,27,491,17765,5.311481481481481
2017-09-16,2,0,355,3.49
2017-09-17,3,1,439,9.856666666666667
2017-09-18,11,212,4707,6.372727272727272
2017-09-19,23,54,15482,7.712173913043478
2017-09-20,16,56,33948,7.225
2017-09-21,20,207,35231,6.840000000000001
2017-09-22,17,62,27614,4.323529411764706
2017-09-23,2,1,412,0.495
2017-09-24,3,0,128,0.33
2017-09-25,9,167,21832,5.971111111111111
2017-09-26,18,207,41474,12.213888888888889
2017-09-27,14,77,12733,5.63
2017-09-28,20,2149,259396,11.8185
2017-09-29,18,2082,191555,2.8844444444444446
2017-09-30,3,0,154,0.66
2017-10-01,2,0,108,4.49
2017-10-02,12,15,3152,4.575
2017-10-03,13,17,10981,7.318461538461539
2017-10-04,14,21,13834,2.422857142857143
2017-10-05,22,133,73914,6.869545454545454
2017-10-06,16,439,217877,6.385625
2017-10-07,5,0,738,2.618
2017-10-08,1,0,228,0.0
2017-10-09,10,1406,108484,7.168000000000001
2017-10-10,15,1,1547,5.117333333333334
2017-10-11,16,22,10135,4.18
2017-10-12,15,224,38846,9.627999999999998
2017-10-13,18,234,35568,5.987777777777778
2017-10-14,3,0,119,0.33
2017-10-15,3,1313,1498,0.66
2017-10-16,14,512,49643,9.077857142857143
2017-10-17,24,14332,411524,9.879583333333333
2017-10-18,24,127,9634,4.432916666666666
2017-10-19,25,76,29739,5.7528
2017-10-20,20,9,4485,4.772
2017-10-21,4,281,5947,0.495
2017-10-23,10,175,5300,4.619
2017-10-24,17,15,3854,10.138235294117647
2017-10-25,20,9,12826,3.085
2017-10-26,15,1925,165579,5.728666666666667
2017-10-27,18,27,12103,7.353333333333334
2017-10-28,2,0,50,0.495
2017-10-29,1,0,56,3.99
2017-10-30,14,832,41265,6.635714285714285
2017-10-31,31,60,26166,6.163870967741935
2017-11-01,17,60,7885,5.524117647058824
2017-11-02,25,436,58287,5.9848
2017-11-03,9,30,5399,4.547777777777778
2017-11-04,2,0,51,0.495
2017-11-05,1,0,74,0.0
2017-11-06,7,10,3547,3.5614285714285714
2017-11-07,14,330,52609,11.759285714285713
2017-11-08,6,154,71741,4.16
2017-11-09,12,19,2684,8.158333333333333
2017-11-10,21,8,4573,6.3047619047619055
2017-11-11,1,0,43,2.99
2017-11-12,4,4,4327,1.2475
2017-11-13,9,20,5309,2.2711111111111113
2017-11-14,19,156,13310,8.19157894736842
2017-11-15,11,8545,159464,3.2681818181818176
2017-11-16,12,1879,55666,5.427499999999999
2017-11-17,19,1792,99195,3.798421052631579
2017-11-18,1,0,55,4.99
2017-11-19,1,0,39,0.49
2017-11-20,12,702,18737,25.992500000000003
2017-11-21,8,37,3808,8.11625
2017-11-22,14,6,3679,3.207857142857143
2017-11-23,9,5,1325,2.6144444444444446
2017-11-24,14,28,7738,3.5614285714285714
2017-11-25,2,0,61,1.5899999999999999
2017-11-27,10,25,6569,5.294
2017-11-28,13,88,4806,9.053076923076922
2017-11-29,19,260,7496,7.150000000000001
2017-11-30,18,279,28519,10.492777777777778
2017-12-01,36,445,26531,4.133611111111112
2017-12-02,3,2,126,0.9933333333333333
2017-12-03,1,0,310,2.99
2017-12-04,14,127,31578,7.814285714285714
2017-12-05,11,109,6128,9.355454545454545
2017-12-06,19,209,81643,3.797894736842105
2017-12-07,21,261,36566,6.729047619047619
2017-12-08,23,146,24646,6.49304347826087
2017-12-11,11,895,12381,7.315454545454545
2017-12-12,16,709,82479,10.038125
2017-12-13,14,238,6415,2.5650000000000004
2017-12-14,23,216,49079,6.168695652173913
2017-12-15,16,16,4785,9.383125
2017-12-16,2,0,116,3.99
2017-12-17,3,1,290,1.3266666666666667
2017-12-18,25,155,11150,5.3384
2017-12-19,11,168,12550,5.675454545454546
2017-12-20,16,79,10941,4.2250000000000005
2017-12-21,16,314837,2572902,8.065
2017-12-22,11,5,1810,2.4927272727272727
2017-12-23,4,4,953,0.66
2017-12-24,1,1,459,1.99
2017-12-25,2,1,466,1.395
2017-12-26,5,0,358,2.102
2017-12-27,12,0,1090,2.5
2017-12-28,9,0,564,3.768888888888889
2017-12-29,12,4696,215946,1.3041666666666667
2017-12-30,2,86,9214,6.74
2017-12-31,5,0,412,1.9940000000000002
2018-01-01,3,0,195,3.6566666666666667
2018-01-02,6,0,891,1.8250000000000002
2018-01-03,4,2,539,0.6174999999999999
2018-01-04,11,912,21988,1.8481818181818184
2018-01-05,17,68,5245,5.89
2018-01-06,2,0,15,3.99
2018-01-08,6,3,769,2.5783333333333336
2018-01-09,11,40,9822,5.490909090909091
2018-01-10,7,50,1165,4.615714285714286
2018-01-11,10,115,13078,3.093
2018-01-12,11,186,16540,3.7572727272727273
2018-01-13,2,0,173,5.29
2018-01-14,3,1,282,2.7900000000000005
2018-01-15,10,15,1750,2.992
2018-01-16,14,1282,8966,8.385714285714284
2018-01-17,10,6,3749,5.242
2018-01-18,17,8,14438,6.261764705882353
2018-01-19,12,2,1078,4.865833333333334
2018-01-21,1,0,30,2.99
2018-01-22,14,55,14974,3.7135714285714285
2018-01-23,14,2723,325994,8.566428571428572
2018-01-24,14,5,2244,4.819285714285714
2018-01-25,15,1177,124675,5.341333333333334
2018-01-26,19,661,87470,5.434210526315789
2018-01-28,3,6,2927,0.2966666666666667
2018-01-29,11,39,3099,6.037272727272727
2018-01-30,11,5,3913,7.446363636363636
2018-01-31,17,11,8082,4.78764705882353
2018-02-01,16,309,13940,5.616875
2018-02-02,20,150,13946,3.604
2018-02-03,3,0,83,8.99
2018-02-04,2,0,152,2.99
2018-02-05,12,11,12663,2.1575
2018-02-06,20,759,25942,5.617
2018-02-07,11,28,4904,3.7236363636363636
2018-02-08,28,143918,1235692,9.801785714285714
2018-02-09,10,13,5897,5.244
2018-02-10,1,0,6,0.0
2018-02-12,13,12,3465,6.2700000000000005
2018-02-13,26,2633,187567,8.803846153846154
2018-02-14,18,191,15900,7.69888888888889
2018-02-15,15,16,4602,5.897333333333334
2018-02-16,8,2,461,1.775
2018-02-17,3,0,102,1.6633333333333333
2018-02-18,1,0,148,0.0
2018-02-19,11,3,2114,4.356363636363636
2018-02-20,17,13,6106,2.8747058823529414
2018-02-21,9,56,12259,6.772222222222222
2018-02-22,18,18,15889,6.157222222222222
2018-02-23,21,84,29721,6.550000000000001
2018-02-25,2,0,89,6.99
2018-02-26,11,23,20497,2.8536363636363635
2018-02-27,24,659,46779,8.18
2018-02-28,22,7808,609743,9.037727272727274
2018-03-01,16,68,12734,4.804375
2018-03-02,17,73,17615,5.080588235294118
2018-03-03,3,0,257,4.993333333333333
2018-03-05,10,7,3816,5.633
2018-03-06,16,350,58992,7.59875
2018-03-07,18,1204,76065,4.812222222222222
2018-03-08,23,2155,144387,6.632608695652174
2018-03-09,22,0,1982,2.9790909090909095
2018-03-10,2,1,170,1.1400000000000001
2018-03-11,6,0,207,0.49499999999999994
2018-03-12,12,181,5219,5.615833333333334
2018-03-13,19,718,34148,8.082105263157894
2018-03-14,14,117,8926,6.9399999999999995
2018-03-15,20,890,52778,7.686
2018-03-16,19,4,1458,4.0736842105263165
2018-03-17,3,5,1964,5.656666666666666
2018-03-18,3,0,52,2.33
2018-03-19,7,2,1179,2.3614285714285717
2018-03-20,15,16,7332,2.48
2018-03-21,11,0,821,7.190909090909091
2018-03-22,15,46,7152,3.0959999999999996
2018-03-23,12,101,15157,7.125
2018-03-24,3,0,121,0.9966666666666667
2018-03-25,3,5,779,2.66
2018-03-26,17,1358,177524,6.995294117647059
2018-03-27,25,788,19685,5.4284
2018-03-28,15,155,18419,5.040666666666667
2018-03-29,15,5,3759,3.9853333333333336
2018-03-30,14,33,12916,3.812857142857143
2018-04-01,2,0,262,7.49
2018-04-02,14,245,14618,7.937857142857143
2018-04-03,36,1871,47813,5.2
2018-04-04,16,1333,45948,3.216875
2018-04-05,13,544,18806,3.9738461538461536
2018-04-06,20,12,4992,2.1605
2018-04-07,2,0,166,1.995
2018-04-08,2,1,2074,25.990000000000002
2018-04-09,7,1526,44600,4.812857142857142
2018-04-10,14,6,12661,5.273571428571429
2018-04-11,12,5,2348,4.785
2018-04-12,18,59,12834,5.482222222222222
2018-04-13,25,32,17470,2.6804
2018-04-14,2,1,263,0.995
2018-04-15,4,0,178,1.4675
2018-04-16,12,38,7416,4.5375000000000005
2018-04-17,9,3,1177,7.990000000000001
2018-04-18,13,434,6091,3.2253846153846153
2018-04-19,17,536,126425,7.5200000000000005
2018-04-20,20,6,3917,4.6335
2018-04-21,7,1,841,2.98
2018-04-22,1,0,32,0.49
2018-04-23,13,77,6114,4.293846153846154
2018-04-24,29,3230,161302,5.675172413793103
2018-04-25,14,2,1983,5.742142857142857
2018-04-26,17,13,7332,3.633529411764706
2018-04-27,27,451,50177,7.5633333333333335
2018-04-28,1,0,90,1.99
2018-04-29,7,16,2623,3.8528571428571428
2018-04-30,13,2897,629343,3.1484615384615386
2018-05-01,14,146,7020,2.815714285714286
2018-05-02,14,232,16626,8.063571428571429
2018-05-03,24,27,9710,4.930416666666667
2018-05-04,22,22,5221,5.903636363636363
2018-05-05,1,0,100,13.99
2018-05-06,1,0,204,0.0
2018-05-07,10,0,722,4.962999999999999
2018-05-08,18,7012,481624,9.408888888888889
2018-05-09,15,1,1002,16.689333333333334
2018-05-10,20,12,5496,5.6415
2018-05-11,18,235,15280,3.0955555555555554
2018-05-13,3,0,456,2.3266666666666667
2018-05-14,6,1,909,3.091666666666667
2018-05-15,22,112,38411,18.077272727272728
2018-05-16,17,8196,86583,7.279411764705882
2018-05-17,29,1544,138328,6.729310344827587
2018-05-18,22,14,2462,4.515
2018-05-19,5,6,562,5.034000000000001
2018-05-20,2,0,585,1.995
2018-05-21,11,3,16148,2.5990909090909096
2018-05-22,16,84,21720,9.594375
2018-05-23,15,7592,486977,8.669333333333332
2018-05-24,16,16,7833,4.415
2018-05-25,14,10,2727,4.993571428571428
2018-05-26,2,0,59,0.0
2018-05-27,3,0,122,0.8233333333333333
2018-05-28,10,7,1267,3.1610000000000005
2018-05-29,22,194,36608,8.169545454545455
2018-05-30,14,10,6466,3.789285714285714
2018-05-31,27,825,47417,7.945185185185185
2018-06-01,22,246,9096,5.8140909090909085
2018-06-02,6,0,1074,4.041666666666667
2018-06-03,3,0,322,4.24
2018-06-04,11,267,23167,7.81
2018-06-05,22,448,176482,6.63409090909091
2018-06-06,14,7,2946,3.478571428571428
2018-06-07,16,326,23593,8.835625
2018-06-08,12,60,5045,3.966666666666667
2018-06-09,1,0,25,0.99
2018-06-10,2,0,5,6.49
2018-06-11,6,262,54329,15.656666666666666
2018-06-12,13,8,5487,10.092307692307692
2018-06-13,13,58,13896,4.606153846153846
2018-06-14,11,335,41924,7.721818181818182
2018-06-15,28,15089,118669,4.814285714285715
2018-06-16,4,0,294,2.9825
2018-06-17,3,0,526,1.8833333333333335
2018-06-18,11,4,2549,4.9763636363636365
2018-06-19,16,2,3775,3.4456249999999997
2018-06-20,12,84,3366,2.4941666666666666
2018-06-21,12,95,1148,4.1575
2018-06-22,13,1,432,4.2615384615384615
2018-06-23,2,0,16,2.4450000000000003
2018-06-24,1,0,180,0.0
2018-06-25,7,17,22881,5.92
2018-06-26,2,32,701,7.99
2018-06-27,11,201,59241,4.359090909090909
2018-06-28,15,889,95602,8.149333333333333
2018-06-29,11,316,22864,10.583636363636364
2018-06-30,4,0,1352,2.4975
2018-07-01,3,0,32,0.9266666666666667
2018-07-02,11,4,782,2.3372727272727274
2018-07-03,8,22,6880,1.4300000000000002
2018-07-04,8,0,535,3.1175
2018-07-05,13,0,681,3.0015384615384617
2018-07-06,17,28,4168,5.653529411764706
2018-07-07,1,0,755,3.99
2018-07-08,2,0,263,0.0
2018-07-09,13,12,4601,7.881538461538461
2018-07-10,17,13,8266,8.90470588235294
2018-07-11,8,3,1850,4.5275
2018-07-12,17,1332,28508,9.34529411764706
2018-07-13,33,71,22645,5.781818181818182
2018-07-14,5,0,217,1.794
2018-07-16,13,29,7339,6.453846153846153
2018-07-17,17,13,5251,9.501764705882353
2018-07-18,9,1,631,3.8800000000000003
2018-07-19,16,19,7152,8.774375
2018-07-20,10,4,6564,5.443
2018-07-21,2,1,53,0.495
2018-07-22,2,0,563,0.495
2018-07-23,11,2,796,1.981818181818182
2018-07-24,14,74,7705,6.093571428571429
2018-07-25,14,91,15284,7.964285714285714
2018-07-26,27,29,13765,7.4688888888888885
2018-07-27,16,4,4001,1.80625
2018-07-28,1,0,83,0.79
2018-07-29,2,0,116,0.0
2018-07-30,10,16,4553,5.003
2018-07-31,12,110,12484,9.660833333333333
2018-08-01,16,558,77764,7.585
2018-08-02,15,5,22130,3.993333333333333
2018-08-03,17,5,2704,3.476470588235294
2018-08-04,3,0,201,2.66
2018-08-05,3,0,151,0.33
2018-08-06,6,2560,172535,9.493333333333332
2018-08-07,12,2135,88262,5.710833333333333
2018-08-08,19,61,10397,3.7078947368421056
2018-08-09,9,12070,520690,7.836666666666667
2018-08-10,16,323,38436,8.73
2018-08-11,3,0,82,5.56
2018-08-12,2,0,44,0.99
2018-08-13,11,117,30452,5.994545454545454
2018-08-14,15,558,43539,10.970666666666666
2018-08-15,17,944,47454,3.7888235294117645
2018-08-16,17,74,10891,6.551176470588236
2018-08-17,19,522,20885,4.064736842105263
2018-08-18,3,0,205,0.9966666666666667
2018-08-19,1,0,15,0.0
2018-08-20,10,25,8833,3.3449999999999998
2018-08-21,9,26,6765,7.271111111111111
2018-08-22,4,11,11508,5.382499999999999
2018-08-23,22,434,20559,4.573181818181818
2018-08-24,10,16,2120,3.8729999999999998
2018-08-25,1,0,93,0.49
2018-08-26,1,0,49,4.99
2018-08-27,12,20,13588,8.743333333333334
2018-08-28,13,152,24782,5.147692307692308
2018-08-29,14,9203,155189,9.647142857142857
2018-08-30,17,332,77838,7.787058823529412
2018-08-31,17,12,4356,8.67764705882353
2018-09-01,9,17,1074,1.4400000000000002
2018-09-03,13,2,3555,5.260769230769231
2018-09-04,12,73,14788,11.199166666666668
2018-09-05,13,69,4554,2.5338461538461536
2018-09-06,18,841,34456,3.015
2018-09-07,11,13,4409,8.358181818181817
2018-09-08,3,1,138,2.8233333333333337
2018-09-09,4,2,92,0.745
2018-09-10,6,42,17583,7.033333333333334
2018-09-11,8,18,4861,8.741249999999999
2018-09-12,13,65,6712,3.6015384615384614
2018-09-13,26,523,39711,8.975769230769231
2018-09-14,29,748,92073,8.106896551724137
2018-09-17,7,0,360,2.705714285714286
2018-09-18,22,117,18183,9.196363636363635
2018-09-19,16,47,14211,4.499375
2018-09-20,21,2356,148525,5.411428571428571
2018-09-21,16,26,10142,6.594375
2018-09-22,3,0,174,0.5966666666666667
2018-09-23,1,0,30,0.99
2018-09-24,11,6,5624,26.63
2018-09-25,19,707,52507,10.134210526315789
2018-09-26,12,451,70558,7.677499999999999
2018-09-27,20,7,9749,8.7395
2018-09-28,26,309,31746,6.668461538461538
2018-09-29,3,0,538,7.326666666666667
2018-09-30,3,93,34908,3.3233333333333337
2018-10-01,13,17,1091,4.149230769230769
2018-10-02,12,55,19082,13.720833333333333
2018-10-03,11,10,3140,4.699090909090909
2018-10-04,10,0,727,4.744
2018-10-05,17,2630,174068,8.324117647058824
2018-10-06,3,27,2833,9.99
2018-10-07,2,0,137,1.995
2018-10-08,12,40,5029,4.485833333333333
2018-10-09,14,27,9050,4.922142857142857
2018-10-10,12,12,4439,5.325
2018-10-11,16,357,26452,7.30625
2018-10-12,9,57,9234,4.411111111111111
2018-10-13,1,2,114,4.99
2018-10-14,3,0,6574,0.33
2018-10-15,18,92,12451,8.855
2018-10-16,15,92,14534,8.762666666666666
2018-10-17,12,19741,231171,11.975833333333334
2018-10-18,17,298,48915,12.585294117647058
2018-10-19,12,64,57691,5.910833333333334
2018-10-20,1,0,28,2.99
2018-10-21,3,0,45,1.18
2018-10-22,11,107,7395,11.447272727272725
2018-10-23,14,106,24033,6.28
2018-10-24,10,54,14400,6.144
2018-10-25,18,58,9763,8.94
2018-10-26,18,11,7808,6.16
2018-10-27,1,0,70,4.99
2018-10-29,9,48,13382,7.545555555555556
2018-10-30,9,399,12689,7.09111111111111
2018-10-31,20,32,6969,1.7885000000000002
2018-11-01,14,19,7544,6.682142857142857
2018-11-02,18,627,15214,3.4205555555555556
2018-11-04,2,0,251,9.49
2018-11-05,14,14,9038,4.667142857142857
2018-11-06,17,32,10567,5.550588235294118
2018-11-07,13,15,6367,9.528461538461539
2018-11-08,15,344,24282,6.038666666666667
2018-11-09,23,375,62539,5.688695652173913
2018-11-10,1,2,1108,24.99
2018-11-11,1,4,158,0.0
2018-11-12,14,5,4723,1.3485714285714288
2018-11-13,9,236,92804,2.9055555555555554
2018-11-14,17,218,15154,3.4241176470588237
2018-11-15,21,384,42179,10.088095238095239
2018-11-16,32,4017,734890,6.3846875
2018-11-17,3,0,487,3.1566666666666667
2018-11-18,1,0,5,4.99
2018-11-19,6,983,75794,4.206666666666666
2018-11-20,13,86,6518,3.953076923076923
2018-11-21,7,525,47060,2.5785714285714287
2018-11-22,9,2,5958,3.518888888888889
2018-11-23,15,9,5832,5.740666666666667
2018-11-24,2,0,79,0.245
2018-11-25,1,0,18,4.99
2018-11-26,12,5,2907,2.62
2018-11-27,9,58,17225,6.716666666666667
2018-11-28,14,38,27045,5.065714285714286
2018-11-29,21,121,15603,7.649047619047619
2018-11-30,22,2313,46673,9.538181818181819
2018-12-01,4,1,147,1.4925000000000002
2018-12-03,13,323,15737,9.587692307692306
2018-12-04,13,411,64578,12.331538461538461
2018-12-05,9,38,7599,4.016666666666667
2018-12-06,15,5566,117617,13.944666666666667
2018-12-07,20,16,8624,4.635
2018-12-08,5,1281,665,0.396
2018-12-09,1,0,1176,0.0
2018-12-10,12,40,25682,5.234166666666667
2018-12-11,13,2068,71408,10.316153846153847
2018-12-12,13,5226,195129,5.34
2018-12-13,13,37149,530724,11.191538461538462
2018-12-14,17,162,56754,6.546470588235294
2018-12-15,4,2,702,4.2425
2018-12-16,1,0,176,14.99
2018-12-17,11,7492,358056,4.852727272727273
2018-12-18,17,96,36688,6.096470588235294
2018-12-19,15,276,40603,8.552
2018-12-20,16,7,3843,6.493125
2018-12-21,15,1143,9970,7.793333333333333
2018-12-22,2,468,42647,14.995
2018-12-23,4,1,122,4.9925
2018-12-24,8,2,3032,4.16375
2018-12-25,4,15,2899,9.2425
2018-12-26,6,56,1757,1.995
2018-12-27,4,1,792,3.995
2018-12-28,16,6,1375,2.07625
2018-12-29,1,0,31,1.99
2018-12-30,1,0,28,1.99
2018-12-31,9,1,1693,1.7155555555555557
2019-01-01,8,2,4569,1.24625
2019-01-02,5,0,723,2.992
2019-01-03,9,4,3665,3.6611111111111114
2019-01-04,9,0,310,3.2133333333333334
2019-01-05,6,2,1828,3.8250000000000006
2019-01-06,4,3,1725,8.0175
2019-01-07,10,195,3154,7.194
2019-01-08,8,0,521,0.7312500000000001
2019-01-09,8,29,2651,4.30625
2019-01-10,15,724,39521,9.147333333333334
2019-01-11,9,4,5338,1.9677777777777778
2019-01-12,1,0,9,0.99
2019-01-13,1,0,109,0.0
2019-01-14,2,0,261,0.495
2019-01-15,10,676,83466,9.244
2019-01-16,5,101,4657,3.7920000000000003
2019-01-17,20,119,42477,8.770999999999999
2019-01-18,10,31,3698,2.224
2019-01-20,2,0,102,1.9900000000000002
2019-01-21,11,7,4744,2.755454545454546
2019-01-22,18,123,10782,9.46888888888889
2019-01-23,14,15043,186032,8.485
2019-01-24,17,3828,270587,8.773529411764706
2019-01-25,14,331,8556,5.564285714285715
2019-01-26,4,0,152,2.18
2019-01-27,2,0,688,4.49
2019-01-28,9,11,665,7.4799999999999995
2019-01-29,12,197,61805,5.501666666666666
2019-01-30,15,714,107992,11.524
2019-01-31,33,414,65037,9.549696969696969
2019-02-01,20,874,28982,6.422499999999999
2019-02-02,5,2,1345,0.5980000000000001
2019-02-03,3,0,262,0.33
2019-02-04,6,0,374,0.9133333333333334
2019-02-05,8,1020,130105,5.2425
2019-02-06,10,11,4855,1.154
2019-02-07,14,442,15565,7.127857142857144
2019-02-08,15,7,4699,3.576
2019-02-10,2,2,230,0.0
2019-02-11,10,13,1243,3.144
2019-02-12,7,7,3136,5.998571428571428
2019-02-13,15,20,13950,7.698666666666666
2019-02-14,18,23,42685,6.839444444444445
2019-02-15,14,218,33979,5.805
2019-02-16,4,0,177,0.2475
2019-02-17,2,1,395,0.495
2019-02-18,6,17,871,2.8466666666666662
2019-02-19,12,221,35872,16.2425
2019-02-20,11,2,1114,4.51
2019-02-21,14,67,4786,4.563571428571429
2019-02-22,15,113,48521,3.24
2019-02-23,3,0,10,1.656666666666667
2019-02-25,11,669,59607,5.337272727272727
2019-02-26,14,53,8465,10.571428571428571
2019-02-27,15,189,11047,5.465333333333334
2019-02-28,23,4321,162434,9.611739130434783
2019-03-01,24,348,37459,4.962916666666667
2019-03-02,1,1,215,9.99
2019-03-04,7,0,182,1.5685714285714287
2019-03-05,14,206,4218,9.381428571428572
2019-03-06,7,17,1442,4.662857142857143
2019-03-07,16,2292,166480,6.6325
2019-03-08,17,52,17986,4.91
2019-03-09,6,0,482,2.4933333333333336
2019-03-10,1,4,241,0.0
2019-03-11,17,18,3633,3.8594117647058823
2019-03-12,15,94,26125,12.192666666666666
2019-03-13,14,270,23318,5.385
2019-03-14,14,27,13934,7.885
2019-03-15,12,2615,24813,7.700833333333333
2019-03-16,3,22,1144,15.323333333333332
2019-03-17,1,0,13,0.99
2019-03-18,6,6,2741,6.991666666666667
2019-03-19,7,8,10099,9.791428571428572
2019-03-20,5,3,216,5.392
2019-03-21,10,6781,326543,12.690999999999999
2019-03-22,15,34,3203,3.6606666666666667
2019-03-23,1,0,25,5.99
2019-03-24,2,0,282,1.045
2019-03-25,11,5,1551,7.408181818181819
2019-03-26,15,731,74858,11.58
2019-03-27,10,278,20925,7.278999999999999
2019-03-28,21,8117,351539,5.3133333333333335
2019-03-29,17,872,44749,8.237647058823528
2019-03-30,2,7,1468,0.0
2019-03-31,2,0,426,0.99
2019-04-01,10,1382,158472,5.694
2019-04-02,9,8,1123,5.1866666666666665
2019-04-03,10,769,33335,8.690999999999999
2019-04-04,17,524,28524,8.321764705882353
2019-04-05,17,103,15535,3.9523529411764704
2019-04-06,4,18,2292,4.9975
2019-04-07,1,0,31,0.49
2019-04-08,7,1,244,5.135714285714286
2019-04-09,7,842,41810,18.27857142857143
2019-04-10,6,2,1420,7.25
2019-04-11,19,35,11831,7.92157894736842
2019-04-12,11,4813,46751,3.5399999999999996
2019-04-13,2,0,97,0.99
2019-04-14,3,26,1734,3.36
2019-04-15,10,4,4694,3.268
2019-04-16,8,18,3273,7.4925
2019-04-17,12,51,9898,5.200833333333333
2019-04-18,27,414,122383,10.88074074074074
2019-04-19,14,20,6529,6.5685714285714285
2019-04-20,3,0,34,2.99
2019-04-22,10,48,5623,3.3649999999999998
2019-04-23,10,1026,109000,8.096
2019-04-24,9,2,5314,3.448888888888889
2019-04-25,22,603,59216,6.6881818181818184
2019-04-26,13,26,8421,3.493846153846154
2019-04-28,4,25,406,0.7475
2019-04-29,10,843,117032,7.273999999999999
2019-04-30,16,6544,178892,9.820625
2019-05-01,13,52,7066,5.730769230769231
2019-05-02,13,89,7787,7.805384615384615
2019-05-03,16,78,25936,3.12625
2019-05-04,2,0,31,0.495
2019-05-05,1,0,33,0.0
2019-05-06,12,104,2303,3.285833333333333
2019-05-07,12,200,22862,5.826666666666667
2019-05-08,5,2,1310,3.196
2019-05-09,19,241,34876,4.531052631578947
2019-05-10,16,20,7286,4.05625
2019-05-11,3,1,3776,0.66
2019-05-13,14,128,23156,7.8500000000000005
2019-05-14,3,145,63160,14.660000000000002
2019-05-15,15,21,6027,8.421333333333333
2019-05-16,22,41,8772,10.355454545454545
2019-05-17,22,156,15647,5.500909090909091
2019-05-18,2,0,36,3.49
2019-05-19,2,0,41,0.495
2019-05-20,12,24,11980,4.225833333333333
2019-05-21,17,485,96015,7.393529411764706
2019-05-22,10,2,1629,3.768
2019-05-23,15,4617,152922,8.258666666666667
2019-05-24,23,548,188312,4.732608695652174
2019-05-26,2,0,23,0.99
2019-05-27,13,64,9943,4.730769230769231
2019-05-28,17,95,29149,12.75529411764706
2019-05-29,14,1488,44544,10.241428571428571
2019-05-30,22,15,55151,4.843181818181818
2019-05-31,21,203,30748,9.507142857142856
2019-06-01,2,0,157,1.495
2019-06-02,3,1080,5846,5.326666666666667
2019-06-03,6,10,4465,11.49
2019-06-04,12,26,14420,7.325833333333333
2019-06-05,9,2449,87298,12.77
2019-06-06,19,3470,167262,8.752631578947367
2019-06-07,18,235,17530,8.032222222222224
2019-06-08,2,0,10,0.99
2019-06-09,3,0,1218,1.6633333333333333
2019-06-10,6,1,3516,5.328333333333333
2019-06-11,11,148,14648,7.084545454545454
2019-06-12,8,9,2100,10.68
2019-06-13,14,557,17521,6.1935714285714285
2019-06-14,17,10,5877,4.262352941176471
2019-06-15,2,0,1035,0.57
2019-06-16,2,0,36,0.495
2019-06-17,13,45,10368,4.724615384615385
2019-06-18,15,2952,95115,13.058666666666666
2019-06-19,13,737,142521,4.569999999999999
2019-06-20,22,1334,155487,10.35590909090909
2019-06-21,9,9,1590,5.216666666666666
2019-06-22,2,0,106,1.495
2019-06-23,1,0,5,0.0
2019-06-24,11,5,107960,5.539090909090909
2019-06-25,15,8,2462,1.8146666666666669
2019-06-26,6,213,84370,6.7749999999999995
2019-06-27,11,104,28675,3.539090909090909
2019-06-28,10,13,9095,5.043
2019-06-29,2,0,27,3.49
2019-06-30,4,3,4118,3.4325
2019-07-01,1,0,1,0.99
2019-07-02,1,0,8,12.99
2019-07-03,11,4,1151,4.981818181818182
2019-07-04,7,7,2736,4.25
2019-07-05,7,7,2191,13.704285714285716
2019-07-08,1,1,79,4.99
2019-07-09,11,29,7878,3.173636363636364
2019-07-10,17,15,7467,5.49
2019-07-11,13,207,21972,13.253846153846155
2019-07-12,10,318,23259,7.191
2019-07-13,2,0,4,2.79
2019-07-14,3,0,63,3.3266666666666667
2019-07-15,10,648,31955,9.094
2019-07-16,8,352,10609,10.991249999999999
2019-07-17,9,435,17225,5.763333333333334
2019-07-18,20,38,14385,8.146
2019-07-19,16,23,6627,6.05625
2019-07-20,2,2,239,0.0
2019-07-21,1,0,1,3.99
2019-07-22,7,192,10456,5.6085714285714285
2019-07-23,16,4531,288175,7.960625
2019-07-24,7,112,8044,3.278571428571429
2019-07-25,38,1711,69240,6.754473684210526
2019-07-26,18,86,14561,5.881666666666667
2019-07-27,1,0,2,9.99
2019-07-28,2,2,348,7.995
2019-07-29,16,117,10153,4.805625
2019-07-30,18,7782,159363,12.258333333333333
2019-07-31,12,580,6291,6.9925
2019-08-01,19,39,11380,8.333684210526316
2019-08-02,16,30,16645,6.8306249999999995
2019-08-03,2,0,40,1.9900000000000002
2019-08-04,1,0,1,4.49
2019-08-05,9,93,3383,4.771111111111111
2019-08-06,14,134,16340,5.484285714285714
2019-08-07,16,5,7519,5.3256250000000005
2019-08-08,13,7,2581,6.315384615384615
2019-08-09,14,6,4891,2.2814285714285716
2019-08-10,5,2,705,2.99
2019-08-11,2,0,159,0.495
2019-08-12,9,84,13296,5.658888888888889
2019-08-13,17,99,17144,3.841176470588235
2019-08-14,13,6,6245,3.808461538461539
2019-08-15,18,33,16662,7.407222222222223
2019-08-16,16,20,6901,4.043125
2019-08-17,4,0,2133,4.565
2019-08-18,2,0,24,0.0
2019-08-19,12,1000,69510,6.623333333333332
2019-08-20,6,103,9581,3.6633333333333327
2019-08-21,8,68,5653,4.74375
2019-08-22,16,14,9436,10.216875
2019-08-23,17,11,11968,5.21
2019-08-24,1,0,6,0.99
2019-08-25,4,0,267,1.3675000000000002
2019-08-26,6,1,3599,4.053333333333334
2019-08-27,17,6360,260145,9.34470588235294
2019-08-28,12,170,12376,8.165833333333333
2019-08-29,24,85,24957,7.700833333333333
2019-08-30,21,60,22262,7.695714285714285
2019-08-31,6,2,547,1.8266666666666669
2019-09-01,2,0,47,0.495
2019-09-02,13,3,1241,5.084615384615384
2019-09-03,15,658,47852,6.1946666666666665
2019-09-04,11,3,2674,3.895454545454545
2019-09-05,21,2150,172564,9.376666666666667
2019-09-06,11,2,1418,7.8109090909090915
2019-09-07,3,0,54,5.323333333333333
2019-09-08,2,0,82,0.495
2019-09-09,10,265,44043,10.171
2019-09-10,11,839,79783,7.084545454545454
2019-09-11,14,9,1916,3.6371428571428575
2019-09-12,15,12,14206,4.196666666666667
2019-09-13,15,36,22761,6.239333333333334
2019-09-14,1,1,75,9.99
2019-09-15,2,1,243,0.495
2019-09-16,6,0,697,9.991666666666667
2019-09-17,13,364,36594,15.756153846153845
2019-09-18,12,949,48661,6.784999999999999
2019-09-19,15,153,26469,12.392
2019-09-20,16,5,4664,3.526875
2019-09-21,2,2,1263,10.239999999999998
2019-09-22,5,1,347,3.7939999999999996
2019-09-23,14,92,11825,4.281428571428571
2019-09-24,17,2117,106925,8.815882352941177
2019-09-25,11,644,67516,6.8109090909090915
2019-09-26,25,2969,97836,11.249600000000001
2019-09-27,21,81,13667,8.360952380952382
2019-09-28,3,0,116,0.33
2019-09-29,2,0,122,0.0
2019-09-30,15,19,31594,8.486666666666666
2019-10-01,15,28010,639503,7.058666666666666
2019-10-02,9,7,1573,2.836666666666667
2019-10-03,16,13,12527,7.679375
2019-10-04,10,18,14221,8.042
2019-10-05,2,0,134,0.995
2019-10-06,2,0,338,0.0
2019-10-07,7,3611,33874,7.992857142857143
2019-10-08,9,610,43678,17.325555555555557
2019-10-09,8,1,2766,5.49625
2019-10-10,20,254,48786,12.114999999999998
2019-10-11,12,115,15417,5.66
2019-10-12,5,37,5529,2.2399999999999998
2019-10-13,6,14,5184,5.823333333333333
2019-10-14,8,50,21049,8.45625
2019-10-15,16,1313,126167,13.521875
2019-10-16,15,133,22704,10.765333333333333
2019-10-17,17,1139,39371,14.676470588235293
2019-10-18,20,14,3873,6.9319999999999995
2019-10-19,2,43,5013,0.495
2019-10-20,4,1,215,3.9450000000000003
2019-10-21,6,10,11041,8.993333333333334
2019-10-22,18,63,18334,10.628333333333334
2019-10-23,12,51,15263,11.406666666666666
2019-10-24,19,358,44221,7.2973684210526315
2019-10-25,19,11,14558,2.0310526315789477
2019-10-26,3,3,207,1.23
2019-10-27,3,349,4107,10.656666666666666
2019-10-28,8,94,8847,14.11625
2019-10-29,9,2,953,6.546666666666667
2019-10-30,16,52,16711,4.34375
2019-10-31,15,7,2619,7.5793333333333335
2019-11-01,20,61,19013,5.567
2019-11-02,2,0,50,0.495
2019-11-03,4,0,307,4.115
2019-11-04,10,0,4649,3.594
2019-11-05,12,2510,90997,10.368333333333334
2019-11-06,11,230,29842,6.086363636363637
2019-11-07,17,41,8107,8.534117647058824
2019-11-08,10,2,3339,2.8120000000000003
2019-11-09,6,0,1234,3.9233333333333333
2019-11-10,5,3,2310,7.194
2019-11-11,13,69,13528,6.147692307692308
2019-11-12,15,67,13469,12.171999999999999
2019-11-13,8,293,18630,6.946249999999999
2019-11-14,24,15514,356375,18.60833333333333
2019-11-15,17,23,8691,5.868235294117647
2019-11-16,1,0,12,7.99
2019-11-17,5,3,1953,3.592
2019-11-18,14,1379,37637,7.100714285714285
2019-11-19,11,51,10906,3.7654545454545456
2019-11-20,15,128,15204,6.162
2019-11-21,13,63,14419,10.65846153846154
2019-11-22,17,248,25731,8.36705882352941
2019-11-23,4,0,286,3.49
2019-11-24,3,0,265,2.3233333333333337
2019-11-25,8,1536,30843,7.665
2019-11-26,6,2,1305,5.478333333333334
2019-11-27,12,1248,39625,8.943333333333333
2019-11-28,8,6,767,5.4375
2019-11-29,16,56,5300,6.491875
2019-11-30,1,0,5,1.99
2019-12-01,2,0,18,2.495
2019-12-02,10,7,2135,7.182
2019-12-03,11,3584,259021,10.309090909090909
2019-12-04,10,213,20563,5.994
2019-12-05,16,29993,763729,7.7993749999999995
2019-12-06,13,6,3120,6.726923076923077
2019-12-07,4,0,71,0.9924999999999999
2019-12-08,6,3,1503,3.6616666666666666
2019-12-09,12,322,77531,5.2225
2019-12-10,19,3033,371069,15.149473684210525
2019-12-11,17,3481,41673,9.814705882352941
2019-12-12,27,571,37156,7.854814814814814
2019-12-13,21,9,10466,7.824285714285715
2019-12-14,3,1,492,4.656666666666667
2019-12-15,1,0,4,2.99
2019-12-16,9,1,383,3.6822222222222223
2019-12-17,11,7,10174,3.429090909090909
2019-12-18,11,3,6453,1.8127272727272727
2019-12-19,19,295,16989,3.6510526315789478
2019-12-20,14,64,8593,7.493571428571428
2019-12-21,2,1,1651,0.0
2019-12-22,5,13,1502,6.392
2019-12-23,13,13,2839,6.41
2019-12-24,6,4,557,8.616666666666667
2019-12-25,3,0,553,4.16
2019-12-26,7,0,260,4.8500000000000005
2019-12-27,5,3,4757,4.794
2019-12-28,4,1,380,1.395
2019-12-29,4,0,714,2.2425
2019-12-30,7,20,2648,4.134285714285714
2019-12-31,12,0,1314,3.2008333333333336
2020-01-01,10,10,7172,4.692
2020-01-02,11,91,29589,3.429090909090909
2020-01-03,16,3,2686,6.31625
2020-01-04,3,0,82,0.0
2020-01-05,7,0,348,3.8542857142857136
2020-01-06,13,209,22426,7.423076923076923
2020-01-07,7,1,5118,3.565714285714286
2020-01-08,1,0,47,14.99
2020-01-09,13,222,14113,6.412307692307692
2020-01-10,13,118,12548,5.678461538461538
2020-01-11,3,0,954,2.6633333333333336
2020-01-12,5,1,315,5.232
2020-01-13,10,3,21826,5.032
2020-01-14,19,39,7951,9.675263157894738
2020-01-15,15,1841,20450,10.228
2020-01-16,11,288,57402,10.635454545454545
2020-01-17,34,11,13913,4.020882352941177
2020-01-18,2,0,47,6.49
2020-01-19,3,0,51,0.0
2020-01-20,11,13,4667,4.538181818181818
2020-01-21,6,200,39650,14.160000000000002
2020-01-22,11,17,3585,3.7463636363636366
2020-01-23,16,53,13067,10.309375
2020-01-24,11,51,4175,4.721818181818182
2020-01-25,3,1,103,3.9966666666666666
2020-01-26,3,0,17,7.989999999999999
2020-01-27,10,1,3723,1.524
2020-01-28,11,15,9716,6.901818181818182
2020-01-29,11,104,22261,7.072727272727272
2020-01-30,24,63,21604,9.099583333333333
2020-01-31,16,18,3030,2.7668749999999998
2020-02-01,1,0,3,0.99
2020-02-02,7,6,1407,4.561428571428571
2020-02-03,10,10,3782,8.690999999999999
2020-02-04,17,31,9875,6.986470588235294
2020-02-05,11,57,5576,9.173636363636364
2020-02-06,18,776,42393,5.967222222222222
2020-02-07,20,3,4883,5.793
2020-02-08,4,0,105,3.1175
2020-02-09,1,0,4,1.99
2020-02-10,8,14,7705,0.46625000000000005
2020-02-11,10,1,911,4.183
2020-02-12,16,0,2902,5.47875
2020-02-13,19,146,103621,9.665263157894737
2020-02-14,23,1143,159230,7.314347826086956
2020-02-15,6,1,153,2.16
2020-02-16,6,1,514,6.491666666666667
2020-02-17,10,52,5771,4.994
2020-02-18,13,1466,111693,6.84076923076923
2020-02-19,11,2216,75475,6.120909090909091
2020-02-20,36,109,32711,5.001388888888889
2020-02-21,18,22,12734,6.707222222222223
2020-02-22,4,0,49,9.24
2020-02-23,3,1,87,2.16
2020-02-24,15,8,22787,3.3833333333333333
2020-02-25,17,115,10314,10.809411764705882
2020-02-26,15,17,6628,8.03
2020-02-27,18,21,8700,5.41611111111111
2020-02-28,24,273,19173,6.3275
2020-03-01,1,0,234,4.99
2020-03-02,11,18,9538,3.901818181818182
2020-03-03,13,95,10312,2.686153846153846
2020-03-04,7,37,3360,6.708571428571429
2020-03-05,13,318,43430,5.609230769230769
2020-03-06,21,1101,202660,5.040952380952381
2020-03-07,2,0,5,8.49
2020-03-08,2,0,5,2.49
2020-03-09,16,632,19957,4.78
2020-03-10,16,710,139305,10.32625
2020-03-11,13,856,32041,7.723846153846154
2020-03-12,16,43,18314,8.666875
2020-03-13,17,4461,224717,6.87764705882353
2020-03-14,5,0,303,1.7920000000000003
2020-03-15,4,2,188,7.575
2020-03-16,11,16,6088,9.52909090909091
2020-03-17,11,21,4147,8.402727272727272
2020-03-18,7,9,7917,3.2800000000000002
2020-03-19,20,3049,235704,11.2915
2020-03-20,11,54,5333,3.3172727272727274
2020-03-21,3,6,562,3.66
2020-03-22,3,0,30,4.656666666666667
2020-03-23,9,299,107435,17.593333333333334
2020-03-24,13,2556,197295,8.523846153846154
2020-03-25,9,3054,50149,10.681111111111113
2020-03-26,30,701,75809,9.76
2020-03-27,14,54,8757,7.312142857142858
2020-03-28,2,0,3,0.79
2020-03-29,1,0,559,3.49
2020-03-30,13,14496,268917,7.945384615384616
2020-03-31,22,641,22276,10.51590909090909
2020-04-01,7,0,1257,8.135714285714286
2020-04-02,11,667,105024,8.401818181818182
2020-04-03,20,262,16359,7.33
2020-04-04,1,2,215,15.99
2020-04-06,6,0,1277,5.493333333333333
2020-04-07,7,0,717,2.2800000000000002
2020-04-08,12,90,10267,9.271666666666667
2020-04-09,15,11,3274,7.158666666666666
2020-04-10,12,218,7544,3.109166666666667
2020-04-11,3,0,719,5.123333333333334
2020-04-12,1,0,26,1.99
2020-04-13,8,311,3606,7.1187499999999995
2020-04-14,13,9569,164954,10.651538461538461
2020-04-15,10,48,3222,7.0920000000000005
2020-04-16,14,96,28043,8.769285714285713
2020-04-17,16,10,3812,4.243125
2020-04-18,2,0,12,0.295
2020-04-19,5,6,957,3.192
2020-04-20,16,0,2701,3.183125
2020-04-21,20,11,8542,7.263
2020-04-22,13,15,1721,6.069999999999999
2020-04-23,19,253,53756,7.154736842105263
2020-04-24,14,34,8077,7.902857142857143
2020-04-25,3,0,116,9.993333333333332
2020-04-26,5,5,1586,4.592
2020-04-27,13,14,7513,5.690769230769231
2020-04-28,13,60,19681,7.039230769230769
2020-04-29,21,77,23002,7.8619047619047615
2020-04-30,19,179,55753,6.507894736842106
2020-05-01,11,244,7425,3.6318181818181823
2020-05-03,2,0,258,0.0
2020-05-04,10,3,1316,5.083
2020-05-05,8,3390,22339,5.87125
2020-05-06,5,55,615,3.3939999999999997
2020-05-07,16,29,10403,6.0275
2020-05-08,14,374,26687,6.779285714285714
2020-05-09,7,1,3292,2.1371428571428575
2020-05-10,3,0,50,1.6633333333333333
2020-05-11,5,110,129300,3.8920000000000003
2020-05-12,14,19,6355,3.4935714285714288
2020-05-13,15,39,2424,8.193999999999999
2020-05-14,17,217,6974,5.251176470588235
2020-05-15,26,1346,43455,5.563076923076922
2020-05-16,9,10,1770,3.7722222222222226
2020-05-17,4,3,292,0.745
2020-05-18,13,0,3573,17.994615384615386
2020-05-19,17,1164,70397,5.255294117647059
2020-05-20,15,48,12034,5.612666666666667
2020-05-21,23,853,44323,6.428260869565217
2020-05-22,21,1471,106679,6.894761904761904
2020-05-23,4,0,438,7.9925
2020-05-24,4,0,316,0.87
2020-05-25,14,33,7963,6.210714285714286
2020-05-26,15,2,4537,1.562
2020-05-27,19,57,5766,5.173157894736842
2020-05-28,22,88,14896,7.388636363636365
2020-05-29,19,68,24878,2.8521052631578945
2020-05-30,2,3,678,4.975
2020-05-31,9,1,581,1.55
2020-06-01,13,278,8986,5.456153846153845
2020-06-02,6,14,1149,4.825
2020-06-03,7,5438,355457,8.278571428571428
2020-06-04,27,2651,257516,14.00111111111111
2020-06-05,18,646,41718,7.604444444444444
2020-06-06,1,0,13,0.0
2020-06-07,6,329,14100,0.49666666666666665
2020-06-08,8,12598,233040,9.24375
2020-06-09,7,0,1115,7.491428571428571
2020-06-10,7,1,625,32.92142857142857
2020-06-11,21,17322,428665,15.70047619047619
2020-06-12,17,192,8515,6.029411764705882
2020-06-13,3,962,78442,8.323333333333332
2020-06-14,4,1659,35775,4.4925
2020-06-15,21,55,15780,6.306190476190476
2020-06-16,18,415,40278,9.506111111111112
2020-06-17,16,63,5728,7.555624999999999
2020-06-18,33,30893,912816,10.55090909090909
2020-06-19,23,18,5481,5.892173913043479
2020-06-20,1,0,863,4.99
2020-06-21,2,1,678,5.49
2020-06-22,14,13,4265,4.844285714285713
2020-06-23,24,72,32295,5.565416666666667
2020-06-24,14,240,6709,11.70142857142857
2020-06-25,19,272,6424,4.69
2020-06-26,13,2,318,2.8592307692307695
2020-06-27,1,1,8,0.0
2020-06-28,3,0,10,3.3233333333333337
2020-06-29,15,2,1683,3.1933333333333334
2020-06-30,15,35,21942,4.724666666666667
2020-07-01,11,0,118,5.446363636363636
2020-07-02,9,24,4707,1.9944444444444447
2020-07-03,17,32,9851,1.993529411764706
2020-07-04,4,0,1267,0.4975
2020-07-05,5,0,1531,0.6960000000000001
2020-07-06,4,5,1359,6.8025
2020-07-07,9,0,853,4.0488888888888885
2020-07-08,8,765,33558,4.1175
2020-07-09,14,641,64150,10.463571428571429
2020-07-10,17,170,22272,3.807058823529412
2020-07-11,5,1,7002,8.992
2020-07-12,6,1,227,2.16
2020-07-13,10,2,4239,1.8950000000000002
2020-07-14,18,348,32418,5.355
2020-07-15,17,4,3710,4.360588235294117
2020-07-16,22,20,6421,7.439545454545454
2020-07-17,28,13,11060,3.36
2020-07-18,5,0,197,0.596
2020-07-19,6,0,122,1.4966666666666668
2020-07-20,10,0,539,5.593999999999999
2020-07-21,16,6636,72676,8.991875
2020-07-22,17,148,23862,7.922941176470588
2020-07-23,24,114,41029,6.257083333333333
2020-07-24,25,188,14089,4.9932
2020-07-25,3,0,2832,2.6566666666666667
2020-07-26,4,0,16,7.4925
2020-07-27,9,33,6623,5.937777777777778
2020-07-28,25,3415,113355,9.332799999999999
2020-07-29,16,172,6187,17.55375
2020-07-30,21,36,9710,5.930476190476191
2020-07-31,29,16,7789,3.9424137931034484
2020-08-01,9,2,355,1.1711111111111112
2020-08-02,5,4,3646,2.994
2020-08-03,16,668,475187,3.2131250000000002
2020-08-04,10,195,5553,5.391
2020-08-05,12,1453,32563,4.285833333333334
2020-08-06,22,185,43662,5.473636363636364
2020-08-07,28,895,180314,5.332142857142857
2020-08-08,3,1,50,68.99333333333334
2020-08-09,3,0,132,0.8866666666666667
2020-08-10,10,105,1695,7.993
2020-08-11,13,90,1088,3.284615384615385
2020-08-12,10,105,34079,8.093
2020-08-13,19,115,13723,9.516315789473685
2020-08-14,28,462,22444,3.4975
2020-08-15,1,0,1238,4.99
2020-08-16,2,0,10,1.995
2020-08-17,12,7273,115311,7.4941666666666675
2020-08-18,11,875,62273,10.357272727272727
2020-08-19,15,1,3264,4.373333333333334
2020-08-20,32,571,45952,6.381562499999999
2020-08-21,27,107,20449,8.055185185185186
2020-08-22,2,0,18,2.49
2020-08-23,5,38,14911,2.894
2020-08-24,5,175,1545,4.394
2020-08-25,16,64,5094,6.28625
2020-08-26,12,17,30750,4.5825000000000005
2020-08-27,23,1728,123939,9.52913043478261
2020-08-28,28,93,15762,6.5007142857142854
2020-08-29,3,1,145,0.9966666666666667
2020-08-30,4,0,27,4.2425
2020-08-31,23,123,20585,8.556086956521739
2020-09-01,30,14319,134374,4.428
2020-09-02,9,3,742,3.9588888888888882
2020-09-03,32,3402,215529,5.3003125
2020-09-04,17,212,61364,9.34
2020-09-05,3,63,12524,1.33
2020-09-06,5,10,1293,2.394
2020-09-07,13,18,3822,6.5307692307692315
2020-09-08,15,184,16731,8.821333333333333
2020-09-09,8,5,3931,2.9312499999999995
2020-09-10,25,174,15061,10.0768
2020-09-11,15,6,2364,2.8586666666666667
2020-09-12,1,0,3,9.99
2020-09-13,4,0,13,1.9925000000000002
2020-09-14,8,9,1290,3.7425
2020-09-15,12,1018,49624,6.414999999999999
2020-09-16,25,104,6255,5.182799999999999
2020-09-17,21,2148,71427,7.686666666666667
2020-09-18,17,9985,769960,6.668823529411764
2020-09-19,2,8,575,4.995
2020-09-20,2,1,837,2.67
2020-09-21,15,289,12232,19.996
2020-09-22,20,9,8033,6.1645
2020-09-23,14,434,32804,5.90142857142857
2020-09-24,25,1178,128392,17.4308
2020-09-25,22,20,10141,2.6281818181818184
2020-09-26,3,0,379,0.9266666666666667
2020-09-27,4,0,866,4.4925
2020-09-28,13,95,6041,4.206923076923077
2020-09-29,17,328,23423,4.699999999999999
2020-09-30,23,919,22572,3.62
2020-10-01,23,112,34571,7.3999999999999995
2020-10-02,14,11,7394,7.1000000000000005
2020-10-03,6,1,2055,2.1566666666666667
2020-10-04,3,3,113,2.66
2020-10-05,10,998,21348,5.893
2020-10-06,13,54892,769858,9.407692307692308
2020-10-07,10,274,10577,3.2439999999999998
2020-10-08,24,373,78073,5.690416666666667
2020-10-09,21,51,11586,4.016666666666667
2020-10-10,2,0,380,7.495
2020-10-11,1,0,27,4.99
2020-10-12,12,1,1007,4.41
2020-10-13,27,62,22468,8.554074074074075
2020-10-14,25,15145,120483,9.112400000000001
2020-10-15,36,3288,73303,7.098888888888889
2020-10-16,28,114,23112,8.063571428571429
2020-10-18,3,0,364,1.8033333333333335
2020-10-19,13,6,1744,4.838461538461538
2020-10-20,28,561,52640,8.563928571428571
2020-10-21,16,3,8399,4.2718750000000005
2020-10-22,38,6550,278598,12.51
2020-10-23,31,205,43453,6.623870967741936
2020-10-24,4,0,1276,3.7425
2020-10-25,2,0,12,3.59
2020-10-26,14,4,1816,2.3514285714285714
2020-10-27,14,234,74818,10.077142857142857
2020-10-28,20,184,26765,6.998
2020-10-29,30,2726,155853,8.256333333333334
2020-10-30,33,70,14825,6.28909090909091
2020-10-31,6,5,3339,4.991666666666667
2020-11-01,9,0,275,3.104444444444445
2020-11-02,18,196,12924,5.345555555555555
2020-11-03,16,618,23188,4.1925
2020-11-04,20,124274,998443,4.5805
2020-11-05,26,486,52955,9.914615384615384
2020-11-06,28,601,24977,8.515357142857143
2020-11-07,5,5,1834,8.43
2020-11-08,2,0,37,0.995
2020-11-09,17,29,9443,3.838235294117647
2020-11-10,22,881,54053,11.288636363636364
2020-11-11,18,2,2540,5.108333333333333
2020-11-12,28,853,9272,4.734285714285714
2020-11-13,23,5,2431,4.860434782608695
2020-11-14,3,0,41,4.99
2020-11-15,3,0,119,1.9933333333333334
2020-11-16,8,239,12829,0.9950000000000001
2020-11-17,18,66,17395,9.812222222222223
2020-11-18,20,2,3438,5.0565
2020-11-19,28,4574,27478,7.359285714285714
2020-11-20,29,78,16544,4.461724137931035
2020-11-21,3,0,30,1.99
2020-11-22,5,0,607,3.2939999999999996
2020-11-23,15,1128,25935,4.852
2020-11-24,12,2,1785,2.6616666666666666
2020-11-25,21,32,4924,4.248095238095239
2020-11-26,18,41,11163,7.352777777777778
2020-11-27,19,209,15079,6.296842105263158
2020-11-28,1,0,19,1.49
2020-11-29,9,3,810,2.354444444444445
2020-11-30,13,60,1382,4.642307692307692
2020-12-01,20,2362,100819,8.0445
2020-12-02,20,92,5571,4.4225
2020-12-03,28,601,31024,10.520714285714286
2020-12-04,34,2837,52171,7.687352941176471
2020-12-05,4,0,93,0.1475
2020-12-06,4,0,244,8.7425
2020-12-07,17,0,1104,5.36529411764706
2020-12-08,15,39,9982,6.292666666666666
2020-12-09,16,22486,851347,7.205
2020-12-10,23,15,6802,5.742173913043478
2020-12-11,25,138,22328,4.0744
2020-12-12,4,0,39,2.3725
2020-12-13,4,0,77,1.7425000000000002
2020-12-14,13,12,2198,4.628461538461538
2020-12-15,34,29,23359,6.043529411764706
2020-12-16,18,102,7449,4.476111111111111
2020-12-17,23,119,15914,7.117391304347826
2020-12-18,19,125,8106,6.534736842105263
2020-12-19,4,1,910,2.39
2020-12-20,11,5,1172,6.131818181818182
2020-12-21,24,1303,13138,3.9441666666666664
2020-12-22,14,1,1157,3.242142857142857
2020-12-23,17,19,4722,2.358235294117647
2020-12-24,18,2,1201,4.764444444444445
2020-12-25,10,537,87774,3.142
2020-12-26,3,0,33,2.0233333333333334
2020-12-27,3,296,33752,1.2933333333333334
2020-12-28,16,21,1832,3.6862500000000002
2020-12-29,6,10,1978,8.575000000000001
2020-12-30,8,20,1640,3.8675
2020-12-31,12,2,1064,3.268333333333333
2021-01-01,10,0,584,2.6950000000000003
2021-01-02,6,1,1802,3.1583333333333337
2021-01-03,1,2,123,8.99
2021-01-04,9,52,21464,3.704444444444444
2021-01-05,18,5,3057,3.3377777777777777
2021-01-06,18,11,6842,4.131666666666667
2021-01-07,18,4,6463,4.084444444444444
2021-01-08,12,149,12487,3.4516666666666667
2021-01-09,4,0,762,2.4925
2021-01-10,6,28,638,1.1083333333333334
2021-01-11,13,3,982,5.906153846153846
2021-01-12,10,260,15995,8.392
2021-01-13,8,0,1279,2.4450000000000003
2021-01-14,18,12,12086,4.360555555555555
2021-01-15,15,84,3260,2.7760000000000002
2021-01-16,4,1,1408,1.705
2021-01-17,2,0,86,2.495
2021-01-18,10,334,12269,7.423
2021-01-19,14,0,2629,5.207142857142857
2021-01-20,20,2912,126526,4.8839999999999995
2021-01-21,22,358,27465,8.389999999999999
2021-01-22,19,19,3930,4.945263157894737
2021-01-23,4,1,75,5.315
2021-01-24,4,0,227,2.9975
2021-01-25,15,71,4313,9.222000000000001
2021-01-26,17,416,12947,6.878235294117648
2021-01-27,14,4126,228613,10.898571428571428
2021-01-28,36,1092,131243,6.502777777777777
2021-01-29,23,69,12424,5.062173913043479
2021-01-30,4,0,114,1.745
2021-01-31,6,0,196,4.158333333333333
2021-02-01,12,33,27259,4.409166666666667
2021-02-02,11,14552,503224,7.975454545454545
2021-02-03,9,41,42283,1.5822222222222222
2021-02-04,28,34,7146,6.613571428571428
2021-02-05,21,1443,47266,5.468571428571429
2021-02-06,5,0,174,5.554
2021-02-07,12,10,1327,5.375
2021-02-08,16,63,11778,5.51375
2021-02-09,3,0,88,2.9933333333333336
2021-02-10,17,232,48623,5.95764705882353
2021-02-11,13,32,16955,20.206923076923076
2021-02-12,24,857,79020,6.742083333333333
2021-02-13,6,0,416,6.173333333333333
2021-02-14,4,1,244,3.4925
2021-02-15,11,0,219,2.5827272727272725
2021-02-16,10,129,15387,4.7909999999999995
2021-02-17,18,40,6595,7.226666666666666
2021-02-18,32,459,23017,9.3828125
2021-02-19,28,6,3508,3.6182142857142856
2021-02-20,3,0,59,3.1566666666666667
2021-02-21,4,2,2442,2.245
2021-02-22,11,212,17792,6.558181818181819
2021-02-23,15,28,4408,5.878
2021-02-24,18,1090,24691,5.7844444444444445
2021-02-25,27,81,15908,6.278518518518519
2021-02-26,31,626,37252,7.3019354838709685
2021-02-27,9,1,330,1.4477777777777778
2021-02-28,13,0,1078,1.9315384615384614
2021-03-01,22,248,12120,4.693636363636364
2021-03-02,15,6,2694,2.3626666666666667
2021-03-03,17,59,8542,7.050588235294117
2021-03-04,13,1898,94457,10.299230769230768
2021-03-05,22,3,8231,4.256818181818182
2021-03-06,5,0,322,5.889999999999999
2021-03-07,4,0,62,2.44
2021-03-08,8,7,227,1.13875
2021-03-09,14,4916,296365,4.150714285714286
2021-03-10,15,4,865,3.9606666666666666
2021-03-11,8,11,5500,6.74125
2021-03-12,26,3,3293,2.351923076923077
2021-03-13,3,0,82,7.823333333333333
2021-03-14,3,0,39,2.3233333333333337
2021-03-15,17,1,576,4.09235294117647
2021-03-16,13,30,8514,10.146153846153847
2021-03-17,12,106,2902,4.824166666666667
2021-03-18,20,163,15635,8.5915
2021-03-19,31,35,9075,4.720645161290323
2021-03-20,3,0,107,2.4933333333333336
2021-03-21,3,0,381,0.9966666666666667
2021-03-22,14,12,5119,5.222142857142857
2021-03-23,20,595,17198,9.2105
2021-03-24,18,766,45402,7.341666666666667
2021-03-25,24,5749,279248,10.145416666666668
2021-03-26,22,93,9268,6.585909090909092
2021-03-27,5,1,160,4.593999999999999
2021-03-28,2,0,132,4.99
2021-03-29,9,118,1676,8.101111111111111
2021-03-30,20,276,18956,6.6075
2021-03-31,19,5,2158,5.23
2021-04-01,23,1197,115136,6.773478260869565
2021-04-02,12,11083,22569,5.1241666666666665
2021-04-03,5,0,39,3.2079999999999997
2021-04-04,5,3324,2231,2.178
2021-04-05,12,49,2787,2.646666666666667
2021-04-06,10,2152,14273,10.931999999999999
2021-04-07,18,120,10768,7.462777777777778
2021-04-08,17,558,30852,13.178823529411764
2021-04-09,18,83,14148,8.616111111111111
2021-04-11,3,4,1042,11.323333333333332
2021-04-12,12,5,214,5.033333333333334
2021-04-13,9,4,1326,7.656666666666666
2021-04-14,8,413,12244,9.08375
2021-04-15,24,141,21683,6.857499999999999
2021-04-16,17,165,32739,7.667058823529412
2021-04-17,3,0,29,2.6566666666666667
2021-04-18,3,0,71,4.326666666666667
2021-04-19,5,0,1884,9.59
2021-04-20,14,11,2115,2.9057142857142857
2021-04-21,7,47,1634,16.361428571428572
2021-04-22,11,38,15535,11.718181818181819
2021-04-23,23,211,27897,5.498260869565217
2021-04-24,4,2,2189,3.24
2021-04-25,4,0,219,11.49
2021-04-26,11,0,2706,3.6627272727272726
2021-04-27,9,0,608,3.6533333333333338
2021-04-28,7,3869,88100,5.207142857142857
2021-04-29,16,816,18421,6.734375
2021-04-30,29,56,8238,7.7155172413793105
2021-05-01,4,2,2098,2.4850000000000003
2021-05-02,2,1,314,1.345
2021-05-03,8,17,2005,6.99125
2021-05-04,10,2,706,4.930999999999999
2021-05-05,9,0,904,3.1255555555555556
2021-05-06,15,1798,127350,7.992666666666667
2021-05-07,17,162,34303,5.776470588235294
2021-05-08,3,0,334,1.3266666666666669
2021-05-10,6,0,7819,1.6583333333333332
2021-05-11,4,2,1035,17.49
2021-05-12,8,133,14590,3.6175
2021-05-13,17,56,9758,6.1782352941176475
2021-05-14,13,2453,62908,8.99076923076923
2021-05-16,3,0,17,2.5766666666666667
2021-05-17,11,4768,155541,13.828181818181816
2021-05-18,5,7,2841,4.292
2021-05-19,15,2548,53795,6.077333333333333
2021-05-20,16,128,18536,11.150625
2021-05-21,11,58,12957,10.628181818181817
2021-05-22,2,0,19,5.995
2021-05-23,2,0,76,6.99
2021-05-24,5,35,4829,15.790000000000001
2021-05-25,15,171,40953,13.43
2021-05-26,10,661,19035,13.874
2021-05-27,16,28,4442,6.559375
2021-05-28,16,101,8108,6.625
2021-05-29,1,0,5,4.99
2021-05-30,2,0,100,3.99
2021-05-31,13,49,10034,8.74923076923077
2021-06-01,9,743,27227,8.965555555555556
2021-06-02,8,11,8382,9.61625
2021-06-03,14,501,23137,11.43642857142857
2021-06-04,14,223,15800,12.911428571428571
2021-06-05,5,5,2375,9.03
2021-06-07,5,1,115,7.992
2021-06-08,8,4,3879,7.2425
2021-06-09,10,77,9188,16.791
2021-06-10,16,84,14619,8.67875
2021-06-11,12,4699,85783,11.490833333333333
2021-06-12,4,2,907,6.49
2021-06-13,3,3,1054,6.656666666666666
2021-06-14,5,1,751,8.992
2021-06-15,4,63,3275,13.742500000000001
2021-06-16,5,2,2161,4.252
2021-06-17,13,392,27540,11.624615384615385
2021-06-18,8,2,1124,8.44
2021-06-20,3,2,2911,19.323333333333334
2021-06-21,12,17,11379,14.240833333333333
2021-06-22,10,6,7818,6.371
2021-06-23,10,112,3585,7.042
2021-06-24,15,74,19663,6.5473333333333334
2021-06-25,7,686,24547,13.42
2021-06-26,2,1,87,2.99
2021-06-28,1,0,2,4.99
2021-06-29,12,3,3170,5.076666666666667
2021-06-30,7,77,27730,9.347142857142858
2021-07-01,5,5,1235,5.79
2021-07-02,5,17,6339,6.470000000000001
2021-07-04,1,0,1,0.99
2021-07-05,3,2,93,14.323333333333332
2021-07-06,2,14,1867,34.99
2021-07-07,4,42,4322,5.2925
2021-07-08,8,123,19239,17.11625
2021-07-09,13,25,9975,6.110769230769231
2021-07-10,2,0,135,2.995
2021-07-11,2,0,18,8.99
2021-07-12,5,3,810,3.694
2021-07-13,7,0,378,6.135714285714286
2021-07-14,7,18,5244,10.848571428571429
2021-07-15,11,173,38810,6.529090909090908
2021-07-16,7,10,1737,6.991428571428571
2021-07-18,2,1,52,6.995
2021-07-19,1,0,6,7.99
2021-07-20,10,387,41275,8.4
2021-07-21,8,11,2262,5.76625
2021-07-22,10,385,6885,12.592
2021-07-23,10,161,14864,4.034000000000001
2021-07-24,2,0,444,3.495
2021-07-25,2,0,51,10.49
2021-07-26,9,277,18412,16.462222222222223
2021-07-27,8,164,29990,12.49
2021-07-28,14,250,29407,13.833571428571428
2021-07-29,20,232,36082,12.5425
2021-07-30,14,56,6974,8.450000000000001
2021-07-31,4,2,1157,10.115
2021-08-01,3,0,23,3.5233333333333334
2021-08-02,2,35,5806,13.489999999999998
2021-08-03,5,3,3203,3.836
2021-08-04,7,25,4726,6.877142857142857
2021-08-05,16,73,9801,8.4425
2021-08-06,7,291,31517,4.564285714285715
2021-08-08,1,0,4,7.99
2021-08-09,2,42,1432,21.49
2021-08-10,9,301,19382,16.212222222222223
2021-08-11,9,68321,359399,7.992222222222221
2021-08-12,9,3,2342,14.56777777777778
2021-08-13,10,90,9734,8.071000000000002
2021-08-14,1,0,30,9.99
2021-08-15,1,84,506,12.74
2021-08-16,6,193,22875,5.325
2021-08-17,8,537,44335,16.49125
2021-08-18,7,11,9546,15.847142857142856
2021-08-19,12,59,17524,10.4825
2021-08-20,9,2,987,6.757777777777778
2021-08-22,1,0,9,0.0
2021-08-23,6,302,27377,16.39
2021-08-24,7,132,23120,24.56142857142857
2021-08-25,8,47,5008,13.015
2021-08-26,13,107,19768,10.721538461538461
2021-08-27,7,17,4233,15.56142857142857
2021-08-28,1,0,367,2.39
2021-08-30,5,4,1839,8.790000000000001
2021-08-31,20,41,17461,12.4205
2021-09-01,12,10149,92576,15.99
2021-09-02,9,2059,49152,18.434444444444445
2021-09-03,7,3,4101,10.205714285714285
2021-09-04,1,1,181,4.99
2021-09-05,1,0,214,0.0
2021-09-06,2,0,465,4.99
2021-09-07,10,438,66938,7.973000000000001
2021-09-08,8,78,5681,11.57875
2021-09-09,20,339,77263,11.5505
2021-09-10,12,59,13420,12.159166666666666
2021-09-11,1,0,132,1.99
2021-09-12,4,0,67,5.99
2021-09-13,5,73,29443,16.59
2021-09-14,9,640,10563,5.104444444444444
2021-09-15,15,4875,62638,12.191333333333334
2021-09-16,13,548,25603,12.233076923076924
2021-09-17,16,163,34038,10.834999999999999
2021-09-18,1,0,1,1.99
2021-09-19,1,1,436,9.99
2021-09-20,4,0,139,2.115
2021-09-21,11,2639,67532,13.377272727272727
2021-09-22,5,266,15094,12.39
2021-09-23,15,79,11386,38.10666666666667
2021-09-24,14,38,7290,7.312142857142858
2021-09-25,5,0,201,7.33
2021-09-26,1,0,1,11.99
2021-09-27,10,5,2004,6.641
2021-09-28,21,5628,298143,11.79857142857143
2021-09-29,14,248,29229,6.640714285714286
2021-09-30,30,1394,152006,11.249
2021-10-01,16,857,29177,7.553125
2021-10-02,6,311,10547,12.99
2021-10-04,7,15,7604,7.477142857142858
2021-10-05,7,12,5313,6.562857142857142
2021-10-06,9,3,1407,5.247777777777778
2021-10-07,19,495,28684,7.577368421052632
2021-10-08,21,6,1466,6.030952380952381
2021-10-09,2,0,403,9.49
2021-10-10,2,0,105,17.990000000000002
2021-10-11,7,134,9795,10.92
2021-10-12,14,1325,72228,7.4192857142857145
2021-10-13,21,617,12095,7.8480952380952385
2021-10-14,29,353,31538,9.446206896551724
2021-10-15,11,94,21192,14.762727272727274
2021-10-16,7,0,133,32.66285714285714
2021-10-17,3,4,167,7.989999999999999
2021-10-18,13,66,3312,6.591538461538462
2021-10-19,18,2358,172418,11.05
2021-10-20,18,17,9611,6.805555555555555
2021-10-21,21,158,40149,12.037619047619048
2021-10-22,21,8,2757,8.109523809523811
2021-10-23,3,62,4943,6.656666666666666
2021-10-24,1,0,5,0.99
2021-10-25,7,3,386,7.707142857142857
2021-10-26,23,281,50700,11.121304347826086
2021-10-27,13,308,13270,12.760769230769231
2021-10-28,24,7157,89479,8.95875
2021-10-29,22,2927,154754,6.319999999999999
2021-10-30,6,1,534,2.191666666666667
2021-10-31,4,0,23,4.49
2021-11-01,14,308,46892,8.69
2021-11-02,11,9,3564,11.627272727272727
2021-11-03,11,8,3565,6.214545454545455
2021-11-04,21,35,6581,7.967619047619047
2021-11-05,14,113,5342,5.226428571428571
2021-11-06,5,1,1498,9.290000000000001
2021-11-07,4,0,23,2.49
2021-11-08,12,11753,248427,13.965833333333334
2021-11-09,13,1416,37426,11.283076923076923
2021-11-10,14,109,6223,6.991428571428571
2021-11-11,29,94,57106,7.370344827586207
2021-11-12,21,14,12352,5.261904761904762
2021-11-13,1,0,68,3.99
2021-11-14,2,0,194,0.295
2021-11-15,15,3022,211123,5.126
2021-11-16,18,398,34459,11.334444444444443
2021-11-17,19,16,3817,5.636315789473684
2021-11-18,24,16,7230,7.774166666666666
2021-11-19,19,2785,300168,8.254736842105263
2021-11-20,3,1,424,2.5833333333333335
2021-11-21,2,5419,84518,17.99
2021-11-22,8,38,16496,5.26875
2021-11-23,7,0,118,3.1342857142857143
2021-11-24,11,0,1737,6.677272727272728
2021-11-25,7,0,155,2.665714285714286
2021-11-26,14,114,9295,5.335
2021-11-27,2,0,5,10.99
2021-11-28,2,0,49,5.99
2021-11-29,11,25,2701,5.426363636363636
2021-11-30,19,60,3376,6.75
2021-12-01,18,1672,55251,11.285
2021-12-02,26,2131,76444,6.937307692307693
2021-12-03,26,1666,58411,10.417692307692308
2021-12-04,5,0,49,3.9900000000000007
2021-12-05,4,0,93,3.39
2021-12-06,7,21,5893,12.275714285714285
2021-12-07,21,197,13636,7.309523809523809
2021-12-08,12,40,2166,6.674166666666667
2021-12-09,18,66,10325,18.1
2021-12-10,18,725,13491,20.90777777777778
2021-12-11,2,1,1058,4.49
2021-12-12,5,32,1410,7.090000000000001
2021-12-13,7,4,669,7.359999999999999
2021-12-14,12,52,4729,7.236666666666667
2021-12-15,24,1,1573,4.803333333333334
2021-12-16,22,482,84051,9.15409090909091
2021-12-17,18,8190,497954,11.59
2021-12-18,7,0,194,5.362857142857143
2021-12-19,2,0,228,1.245
2021-12-20,11,24,894,3.227272727272727
2021-12-21,13,20,3407,9.163076923076924
2021-12-22,16,64,3404,13.01875
2021-12-23,5,0,438,9.192
2021-12-24,9,53,5200,2.214444444444444
2021-12-26,1,0,36,0.0
2021-12-27,12,1,504,3.7883333333333336
2021-12-28,5,0,230,4.022
2021-12-29,8,0,58,3.2037500000000003
2021-12-30,6,0,162,6.008333333333333
2021-12-31,14,3,6261,5.095714285714286
2022-01-01,3,0,324,1.6600000000000001
2022-01-03,3,0,113,6.656666666666666
2022-01-04,5,2,516,2.684
2022-01-05,11,2,1580,5.8090909090909095
2022-01-06,20,20,6641,7.836499999999999
2022-01-07,26,94,18533,6.968076923076923
2022-01-08,7,22,885,5.132857142857143
2022-01-09,2,0,21,4.49
2022-01-10,12,55,4654,5.175
2022-01-11,10,3,852,3.341
2022-01-12,11,3810,113589,10.992727272727274
2022-01-13,17,37,3855,10.109411764705882
2022-01-14,12,1418,163761,10.4925
2022-01-15,6,0,208,2.828333333333333
2022-01-16,2,0,10,2.99
2022-01-17,13,5,3223,4.230769230769231
2022-01-18,14,543,43724,12.962857142857143
2022-01-19,10,99,4291,11.89
2022-01-20,21,2731,174213,10.799523809523809
2022-01-21,21,331,72152,10.201904761904762
2022-01-22,2,0,9,7.99
2022-01-23,3,0,10,1.3266666666666669
2022-01-24,13,31,4917,4.345384615384615
2022-01-25,14,476,18491,8.965714285714286
2022-01-26,6,751,46534,8.16
2022-01-27,17,13,7849,11.432941176470589
2022-01-28,17,151,6542,7.725882352941177
2022-01-29,3,0,29,3.9066666666666667
2022-01-30,4,0,74,2.2425
2022-01-31,13,0,132,3.6061538461538465
2022-02-01,7,153,8823,7.675714285714285
2022-02-02,10,3,1017,6.506
2022-02-03,10,4223,195195,11.592
2022-02-04,17,2,1587,4.562941176470589
2022-02-05,2,0,21,5.99
2022-02-06,5,59,4225,4.812
2022-02-07,10,15,3967,7.517
2022-02-08,10,10,2356,5.767
2022-02-09,16,466,10465,6.303125
2022-02-10,25,80,8204,9.3652
2022-02-11,26,17572,207900,5.910769230769231
2022-02-12,2,2,2485,1.49
2022-02-13,5,2,417,4.792
2022-02-14,12,8,4107,6.008333333333334
2022-02-15,15,5,1408,7.957333333333334
2022-02-16,13,17047,129926,15.605384615384615
2022-02-17,16,109,10024,4.39125
2022-02-18,9,0,528,5.203333333333333
2022-02-19,4,0,166,7.49
2022-02-20,5,0,64,11.592
2022-02-21,14,7,922,5.052857142857143
2022-02-22,18,137,13984,9.307777777777778
2022-02-23,6,183,4666,7.8566666666666665
2022-02-24,17,29923,1072662,13.384705882352941
2022-02-25,13,1,637,6.375384615384615
2022-02-26,5,0,1512,2.692
2022-02-27,6,0,135,5.825
2022-02-28,13,8,1885,6.339230769230769
2022-03-01,20,189,25399,11.109
2022-03-02,15,64,2736,6.786666666666666
2022-03-03,19,20,3818,5.378947368421053
2022-03-04,17,13,2385,5.174705882352941
2022-03-05,3,3,131,10.323333333333332
2022-03-06,5,2,155,4.39
2022-03-07,15,13,3852,4.194
2022-03-08,14,3700,55793,6.079285714285715
2022-03-09,15,30,13535,8.734
2022-03-10,16,167,14325,9.004375
2022-03-11,17,6,2869,7.272941176470589
2022-03-12,7,0,429,5.204285714285715
2022-03-13,4,11,4133,5.99
2022-03-14,16,8,3972,7.468125000000001
2022-03-15,18,48,9724,6.258333333333333
2022-03-16,12,236,26370,11.385833333333332
2022-03-17,16,29,3616,11.96
2022-03-18,14,22,8265,8.47857142857143
2022-03-19,7,0,142,2.2485714285714287
2022-03-20,2,0,195,0.245
2022-03-21,10,10,2216,5.09
2022-03-22,7,1,252,5.305714285714286
2022-03-23,11,141,9626,8.69090909090909
2022-03-24,22,7479,80836,11.545454545454545
2022-03-25,21,56,7735,9.118571428571428
2022-03-26,4,4,406,6.5025
2022-03-27,7,50,2673,5.9142857142857155
2022-03-28,8,1,1931,7.24
2022-03-29,21,141,7697,6.588095238095238
2022-03-30,16,1641,41963,11.303125
2022-03-31,24,542,28523,10.257083333333334
2022-04-01,14,16,9718,3.87
2022-04-02,4,0,46,3.0775
2022-04-03,4,0,80,5.49
2022-04-04,6,7,383,2.84
2022-04-05,10,719,45560,7.1579999999999995
2022-04-06,11,0,371,4.8090909090909095
2022-04-07,19,131,11820,14.316842105263158
2022-04-08,15,365,1564,8.655333333333333
2022-04-09,3,0,32,2.3233333333333337
2022-04-10,1,0,85,0.0
2022-04-11,7,23,5498,3.6757142857142857
2022-04-12,11,188,8720,8.24090909090909
2022-04-13,13,49,5273,7.1461538461538465
2022-04-14,18,175,25261,8.263333333333334
2022-04-15,13,90,2758,4.476153846153846
2022-04-16,3,2,49,3.3233333333333337
2022-04-17,3,0,149,4.656666666666667
2022-04-18,7,3,1030,8.312857142857142
2022-04-19,10,22,5727,8.214
2022-04-20,16,192,12600,7.128125
2022-04-21,26,255,16360,8.274999999999999
2022-04-22,29,104,11886,8.568275862068965
2022-04-23,3,0,52,7.323333333333333
2022-04-24,8,5,954,11.1775
2022-04-25,5,576,16399,12.889999999999997
2022-04-26,11,205,13351,8.322727272727272
2022-04-27,2,1,135,16.49
